2025-06-02T23:27:05.341+02:00  INFO 19684 --- [backend] [restartedMain] c.l.backend.BackendApplication           : Starting BackendApplication using Java 17.0.9 with PID 19684 (C:\Users\Admin\Desktop\Mathematik Studium\1. Semester\Informatik\Hausaufgaben\stemcards\backend\build\classes\java\main started by Admin in C:\Users\Admin\Desktop\Mathematik Studium\1. Semester\Informatik\Hausaufgaben\stemcards\backend)
2025-06-02T23:27:05.348+02:00  INFO 19684 --- [backend] [restartedMain] c.l.backend.BackendApplication           : The following 1 profile is active: "prod"
2025-06-02T23:27:05.396+02:00  INFO 19684 --- [backend] [restartedMain] .e.DevToolsPropertyDefaultsPostProcessor : Devtools property defaults active! Set 'spring.devtools.add-properties' to 'false' to disable
2025-06-02T23:27:05.397+02:00  INFO 19684 --- [backend] [restartedMain] .e.DevToolsPropertyDefaultsPostProcessor : For additional web related logging consider setting the 'logging.level.web' property to 'DEBUG'
2025-06-02T23:27:06.061+02:00  INFO 19684 --- [backend] [restartedMain] .s.d.r.c.RepositoryConfigurationDelegate : Bootstrapping Spring Data JPA repositories in DEFAULT mode.
2025-06-02T23:27:06.120+02:00  INFO 19684 --- [backend] [restartedMain] .s.d.r.c.RepositoryConfigurationDelegate : Finished Spring Data repository scanning in 50 ms. Found 2 JPA repository interfaces.
2025-06-02T23:27:06.672+02:00  INFO 19684 --- [backend] [restartedMain] o.s.b.w.embedded.tomcat.TomcatWebServer  : Tomcat initialized with port 8080 (http)
2025-06-02T23:27:06.684+02:00  INFO 19684 --- [backend] [restartedMain] o.apache.catalina.core.StandardService   : Starting service [Tomcat]
2025-06-02T23:27:06.684+02:00  INFO 19684 --- [backend] [restartedMain] o.apache.catalina.core.StandardEngine    : Starting Servlet engine: [Apache Tomcat/10.1.36]
2025-06-02T23:27:06.725+02:00  INFO 19684 --- [backend] [restartedMain] o.a.c.c.C.[Tomcat].[localhost].[/]       : Initializing Spring embedded WebApplicationContext
2025-06-02T23:27:06.726+02:00  INFO 19684 --- [backend] [restartedMain] w.s.c.ServletWebServerApplicationContext : Root WebApplicationContext: initialization completed in 1329 ms
2025-06-02T23:27:06.882+02:00  INFO 19684 --- [backend] [restartedMain] o.hibernate.jpa.internal.util.LogHelper  : HHH000204: Processing PersistenceUnitInfo [name: default]
2025-06-02T23:27:06.951+02:00  INFO 19684 --- [backend] [restartedMain] org.hibernate.Version                    : HHH000412: Hibernate ORM core version 6.6.8.Final
2025-06-02T23:27:06.988+02:00  INFO 19684 --- [backend] [restartedMain] o.h.c.internal.RegionFactoryInitiator    : HHH000026: Second-level cache disabled
2025-06-02T23:27:07.280+02:00  INFO 19684 --- [backend] [restartedMain] o.s.o.j.p.SpringPersistenceUnitInfo      : No LoadTimeWeaver setup: ignoring JPA class transformer
2025-06-02T23:27:07.307+02:00  INFO 19684 --- [backend] [restartedMain] com.zaxxer.hikari.HikariDataSource       : HikariPool-1 - Starting...
2025-06-02T23:27:07.453+02:00  INFO 19684 --- [backend] [restartedMain] com.zaxxer.hikari.pool.HikariPool        : HikariPool-1 - Added connection org.postgresql.jdbc.PgConnection@31cd2d30
2025-06-02T23:27:07.454+02:00  INFO 19684 --- [backend] [restartedMain] com.zaxxer.hikari.HikariDataSource       : HikariPool-1 - Start completed.
2025-06-02T23:27:07.491+02:00  WARN 19684 --- [backend] [restartedMain] org.hibernate.orm.deprecation            : HHH90000025: PostgreSQLDialect does not need to be specified explicitly using 'hibernate.dialect' (remove the property setting and it will be selected by default)
2025-06-02T23:27:07.511+02:00  INFO 19684 --- [backend] [restartedMain] org.hibernate.orm.connections.pooling    : HHH10001005: Database info:
	Database JDBC URL [Connecting through datasource 'HikariDataSource (HikariPool-1)']
	Database driver: undefined/unknown
	Database version: 17.5
	Autocommit mode: undefined/unknown
	Isolation level: undefined/unknown
	Minimum pool size: undefined/unknown
	Maximum pool size: undefined/unknown
2025-06-02T23:27:08.274+02:00  INFO 19684 --- [backend] [restartedMain] o.h.e.t.j.p.i.JtaPlatformInitiator       : HHH000489: No JTA platform available (set 'hibernate.transaction.jta.platform' to enable JTA platform integration)
2025-06-02T23:27:08.311+02:00  INFO 19684 --- [backend] [restartedMain] j.LocalContainerEntityManagerFactoryBean : Initialized JPA EntityManagerFactory for persistence unit 'default'
2025-06-02T23:27:08.591+02:00  INFO 19684 --- [backend] [restartedMain] o.s.d.j.r.query.QueryEnhancerFactory     : Hibernate is in classpath; If applicable, HQL parser will be used.
2025-06-02T23:27:08.652+02:00  WARN 19684 --- [backend] [restartedMain] JpaBaseConfiguration$JpaWebConfiguration : spring.jpa.open-in-view is enabled by default. Therefore, database queries may be performed during view rendering. Explicitly configure spring.jpa.open-in-view to disable this warning
2025-06-02T23:27:08.664+02:00 TRACE 19684 --- [backend] [restartedMain] eGlobalAuthenticationAutowiredConfigurer : Eagerly initializing {securityConfig=com.luiswiederhold.backend.security.SecurityConfig$$SpringCGLIB$$0@44d3bb45}
2025-06-02T23:27:08.665+02:00  INFO 19684 --- [backend] [restartedMain] eAuthenticationProviderManagerConfigurer : Found 2 AuthenticationProvider beans, with names [rememberMeAuthenticationProvider, daoAuthenticationProvider]. Global Authentication Manager will not be configured with AuthenticationProviders. Consider publishing a single AuthenticationProvider bean, or wiring your Providers directly using the DSL.
2025-06-02T23:27:08.669+02:00  INFO 19684 --- [backend] [restartedMain] r$InitializeUserDetailsManagerConfigurer : Global AuthenticationManager configured with UserDetailsService bean with name customUserDetailsService
2025-06-02T23:27:08.904+02:00 DEBUG 19684 --- [backend] [restartedMain] o.s.s.web.DefaultSecurityFilterChain     : Will secure any request with filters: DisableEncodeUrlFilter, WebAsyncManagerIntegrationFilter, SecurityContextHolderFilter, HeaderWriterFilter, LogoutFilter, UsernamePasswordAuthenticationFilter, DefaultResourcesFilter, DefaultLoginPageGeneratingFilter, DefaultLogoutPageGeneratingFilter, BasicAuthenticationFilter, RequestCacheAwareFilter, SecurityContextHolderAwareRequestFilter, RememberMeAuthenticationFilter, AnonymousAuthenticationFilter, ExceptionTranslationFilter
2025-06-02T23:27:09.082+02:00  INFO 19684 --- [backend] [restartedMain] o.s.b.d.a.OptionalLiveReloadServer       : LiveReload server is running on port 35729
2025-06-02T23:27:09.105+02:00  INFO 19684 --- [backend] [restartedMain] o.s.b.w.embedded.tomcat.TomcatWebServer  : Tomcat started on port 8080 (http) with context path '/'
2025-06-02T23:27:09.112+02:00  INFO 19684 --- [backend] [restartedMain] c.l.backend.BackendApplication           : Started BackendApplication in 4.161 seconds (process running for 4.522)
2025-06-02T23:27:32.115+02:00  INFO 19684 --- [backend] [http-nio-8080-exec-1] o.a.c.c.C.[Tomcat].[localhost].[/]       : Initializing Spring DispatcherServlet 'dispatcherServlet'
2025-06-02T23:27:32.116+02:00  INFO 19684 --- [backend] [http-nio-8080-exec-1] o.s.web.servlet.DispatcherServlet        : Initializing Servlet 'dispatcherServlet'
2025-06-02T23:27:32.117+02:00  INFO 19684 --- [backend] [http-nio-8080-exec-1] o.s.web.servlet.DispatcherServlet        : Completed initialization in 1 ms
2025-06-02T23:27:32.135+02:00 TRACE 19684 --- [backend] [http-nio-8080-exec-1] o.s.security.web.FilterChainProxy        : Trying to match request against DefaultSecurityFilterChain defined as 'filterChain' in [class path resource [com/luiswiederhold/backend/security/SecurityConfig.class]] matching [any request] and having filters [DisableEncodeUrl, WebAsyncManagerIntegration, SecurityContextHolder, HeaderWriter, Logout, UsernamePasswordAuthentication, DefaultResources, DefaultLoginPageGenerating, DefaultLogoutPageGenerating, BasicAuthentication, RequestCacheAware, SecurityContextHolderAwareRequest, RememberMeAuthentication, AnonymousAuthentication, ExceptionTranslation] (1/1)
2025-06-02T23:27:32.136+02:00 DEBUG 19684 --- [backend] [http-nio-8080-exec-1] o.s.security.web.FilterChainProxy        : Securing GET /flashcards/all
2025-06-02T23:27:32.137+02:00 TRACE 19684 --- [backend] [http-nio-8080-exec-1] o.s.security.web.FilterChainProxy        : Invoking DisableEncodeUrlFilter (1/15)
2025-06-02T23:27:32.137+02:00 TRACE 19684 --- [backend] [http-nio-8080-exec-1] o.s.security.web.FilterChainProxy        : Invoking WebAsyncManagerIntegrationFilter (2/15)
2025-06-02T23:27:32.139+02:00 TRACE 19684 --- [backend] [http-nio-8080-exec-1] o.s.security.web.FilterChainProxy        : Invoking SecurityContextHolderFilter (3/15)
2025-06-02T23:27:32.141+02:00 TRACE 19684 --- [backend] [http-nio-8080-exec-1] o.s.security.web.FilterChainProxy        : Invoking HeaderWriterFilter (4/15)
2025-06-02T23:27:32.142+02:00 TRACE 19684 --- [backend] [http-nio-8080-exec-1] o.s.security.web.FilterChainProxy        : Invoking LogoutFilter (5/15)
2025-06-02T23:27:32.142+02:00 TRACE 19684 --- [backend] [http-nio-8080-exec-1] o.s.s.w.a.logout.LogoutFilter            : Did not match request to Or [Ant [pattern='/logout', GET], Ant [pattern='/logout', POST], Ant [pattern='/logout', PUT], Ant [pattern='/logout', DELETE]]
2025-06-02T23:27:32.142+02:00 TRACE 19684 --- [backend] [http-nio-8080-exec-1] o.s.security.web.FilterChainProxy        : Invoking UsernamePasswordAuthenticationFilter (6/15)
2025-06-02T23:27:32.142+02:00 TRACE 19684 --- [backend] [http-nio-8080-exec-1] w.a.UsernamePasswordAuthenticationFilter : Did not match request to Ant [pattern='/login', POST]
2025-06-02T23:27:32.142+02:00 TRACE 19684 --- [backend] [http-nio-8080-exec-1] o.s.security.web.FilterChainProxy        : Invoking DefaultResourcesFilter (7/15)
2025-06-02T23:27:32.142+02:00 TRACE 19684 --- [backend] [http-nio-8080-exec-1] o.s.security.web.FilterChainProxy        : Invoking DefaultLoginPageGeneratingFilter (8/15)
2025-06-02T23:27:32.143+02:00 TRACE 19684 --- [backend] [http-nio-8080-exec-1] o.s.security.web.FilterChainProxy        : Invoking DefaultLogoutPageGeneratingFilter (9/15)
2025-06-02T23:27:32.143+02:00 TRACE 19684 --- [backend] [http-nio-8080-exec-1] .w.a.u.DefaultLogoutPageGeneratingFilter : Did not render default logout page since request did not match [Ant [pattern='/logout', GET]]
2025-06-02T23:27:32.143+02:00 TRACE 19684 --- [backend] [http-nio-8080-exec-1] o.s.security.web.FilterChainProxy        : Invoking BasicAuthenticationFilter (10/15)
2025-06-02T23:27:32.143+02:00 TRACE 19684 --- [backend] [http-nio-8080-exec-1] o.s.s.w.a.www.BasicAuthenticationFilter  : Did not process authentication request since failed to find username and password in Basic Authorization header
2025-06-02T23:27:32.143+02:00 TRACE 19684 --- [backend] [http-nio-8080-exec-1] o.s.security.web.FilterChainProxy        : Invoking RequestCacheAwareFilter (11/15)
2025-06-02T23:27:32.143+02:00 TRACE 19684 --- [backend] [http-nio-8080-exec-1] o.s.s.w.s.HttpSessionRequestCache        : matchingRequestParameterName is required for getMatchingRequest to lookup a value, but not provided
2025-06-02T23:27:32.143+02:00 TRACE 19684 --- [backend] [http-nio-8080-exec-1] o.s.security.web.FilterChainProxy        : Invoking SecurityContextHolderAwareRequestFilter (12/15)
2025-06-02T23:27:32.144+02:00 TRACE 19684 --- [backend] [http-nio-8080-exec-1] o.s.security.web.FilterChainProxy        : Invoking RememberMeAuthenticationFilter (13/15)
2025-06-02T23:27:32.144+02:00 TRACE 19684 --- [backend] [http-nio-8080-exec-1] w.c.HttpSessionSecurityContextRepository : No HttpSession currently exists
2025-06-02T23:27:32.145+02:00 TRACE 19684 --- [backend] [http-nio-8080-exec-1] .s.s.w.c.SupplierDeferredSecurityContext : Created SecurityContextImpl [Null authentication]
2025-06-02T23:27:32.145+02:00 TRACE 19684 --- [backend] [http-nio-8080-exec-1] .s.s.w.c.SupplierDeferredSecurityContext : Created SecurityContextImpl [Null authentication]
2025-06-02T23:27:32.145+02:00 TRACE 19684 --- [backend] [http-nio-8080-exec-1] o.s.security.web.FilterChainProxy        : Invoking AnonymousAuthenticationFilter (14/15)
2025-06-02T23:27:32.145+02:00 TRACE 19684 --- [backend] [http-nio-8080-exec-1] o.s.security.web.FilterChainProxy        : Invoking ExceptionTranslationFilter (15/15)
2025-06-02T23:27:32.145+02:00 DEBUG 19684 --- [backend] [http-nio-8080-exec-1] o.s.security.web.FilterChainProxy        : Secured GET /flashcards/all
2025-06-02T23:27:32.160+02:00 TRACE 19684 --- [backend] [http-nio-8080-exec-1] o.s.s.w.a.AnonymousAuthenticationFilter  : Set SecurityContextHolder to AnonymousAuthenticationToken [Principal=anonymousUser, Credentials=[PROTECTED], Authenticated=true, Details=WebAuthenticationDetails [RemoteIpAddress=0:0:0:0:0:0:0:1, SessionId=null], Granted Authorities=[ROLE_ANONYMOUS]]
2025-06-02T23:27:32.256+02:00 DEBUG 19684 --- [backend] [http-nio-8080-exec-1] org.hibernate.SQL                        : select f1_0.id,f1_0.answer_image,f1_0.answer_latex,f1_0.creation_date,f1_0.hierachy,f1_0.last_updated_on,f1_0.question_image,f1_0.question_latex,f1_0.username from flashcards f1_0 where f1_0.username=?
2025-06-02T23:27:32.295+02:00 TRACE 19684 --- [backend] [http-nio-8080-exec-1] o.s.s.w.header.writers.HstsHeaderWriter  : Not injecting HSTS header since it did not match request to [Is Secure]
2025-06-02T23:28:05.771+02:00  INFO 17060 --- [backend] [restartedMain] c.l.backend.BackendApplication           : Starting BackendApplication using Java 17.0.9 with PID 17060 (C:\Users\Admin\Desktop\Mathematik Studium\1. Semester\Informatik\Hausaufgaben\stemcards\backend\build\classes\java\main started by Admin in C:\Users\Admin\Desktop\Mathematik Studium\1. Semester\Informatik\Hausaufgaben\stemcards\backend)
2025-06-02T23:28:05.773+02:00  INFO 17060 --- [backend] [restartedMain] c.l.backend.BackendApplication           : The following 1 profile is active: "prod"
2025-06-02T23:28:05.820+02:00  INFO 17060 --- [backend] [restartedMain] .e.DevToolsPropertyDefaultsPostProcessor : Devtools property defaults active! Set 'spring.devtools.add-properties' to 'false' to disable
2025-06-02T23:28:05.821+02:00  INFO 17060 --- [backend] [restartedMain] .e.DevToolsPropertyDefaultsPostProcessor : For additional web related logging consider setting the 'logging.level.web' property to 'DEBUG'
2025-06-02T23:28:06.398+02:00  INFO 17060 --- [backend] [restartedMain] .s.d.r.c.RepositoryConfigurationDelegate : Bootstrapping Spring Data JPA repositories in DEFAULT mode.
2025-06-02T23:28:06.453+02:00  INFO 17060 --- [backend] [restartedMain] .s.d.r.c.RepositoryConfigurationDelegate : Finished Spring Data repository scanning in 45 ms. Found 2 JPA repository interfaces.
2025-06-02T23:28:06.968+02:00  INFO 17060 --- [backend] [restartedMain] o.s.b.w.embedded.tomcat.TomcatWebServer  : Tomcat initialized with port 8080 (http)
2025-06-02T23:28:06.978+02:00  INFO 17060 --- [backend] [restartedMain] o.apache.catalina.core.StandardService   : Starting service [Tomcat]
2025-06-02T23:28:06.979+02:00  INFO 17060 --- [backend] [restartedMain] o.apache.catalina.core.StandardEngine    : Starting Servlet engine: [Apache Tomcat/10.1.36]
2025-06-02T23:28:07.022+02:00  INFO 17060 --- [backend] [restartedMain] o.a.c.c.C.[Tomcat].[localhost].[/]       : Initializing Spring embedded WebApplicationContext
2025-06-02T23:28:07.022+02:00  INFO 17060 --- [backend] [restartedMain] w.s.c.ServletWebServerApplicationContext : Root WebApplicationContext: initialization completed in 1201 ms
2025-06-02T23:28:07.163+02:00  INFO 17060 --- [backend] [restartedMain] o.hibernate.jpa.internal.util.LogHelper  : HHH000204: Processing PersistenceUnitInfo [name: default]
2025-06-02T23:28:07.211+02:00  INFO 17060 --- [backend] [restartedMain] org.hibernate.Version                    : HHH000412: Hibernate ORM core version 6.6.8.Final
2025-06-02T23:28:07.248+02:00  INFO 17060 --- [backend] [restartedMain] o.h.c.internal.RegionFactoryInitiator    : HHH000026: Second-level cache disabled
2025-06-02T23:28:07.511+02:00  INFO 17060 --- [backend] [restartedMain] o.s.o.j.p.SpringPersistenceUnitInfo      : No LoadTimeWeaver setup: ignoring JPA class transformer
2025-06-02T23:28:07.537+02:00  INFO 17060 --- [backend] [restartedMain] com.zaxxer.hikari.HikariDataSource       : HikariPool-1 - Starting...
2025-06-02T23:28:07.674+02:00  INFO 17060 --- [backend] [restartedMain] com.zaxxer.hikari.pool.HikariPool        : HikariPool-1 - Added connection org.postgresql.jdbc.PgConnection@46771c92
2025-06-02T23:28:07.675+02:00  INFO 17060 --- [backend] [restartedMain] com.zaxxer.hikari.HikariDataSource       : HikariPool-1 - Start completed.
2025-06-02T23:28:07.705+02:00  WARN 17060 --- [backend] [restartedMain] org.hibernate.orm.deprecation            : HHH90000025: PostgreSQLDialect does not need to be specified explicitly using 'hibernate.dialect' (remove the property setting and it will be selected by default)
2025-06-02T23:28:07.722+02:00  INFO 17060 --- [backend] [restartedMain] org.hibernate.orm.connections.pooling    : HHH10001005: Database info:
	Database JDBC URL [Connecting through datasource 'HikariDataSource (HikariPool-1)']
	Database driver: undefined/unknown
	Database version: 17.5
	Autocommit mode: undefined/unknown
	Isolation level: undefined/unknown
	Minimum pool size: undefined/unknown
	Maximum pool size: undefined/unknown
2025-06-02T23:28:08.412+02:00  INFO 17060 --- [backend] [restartedMain] o.h.e.t.j.p.i.JtaPlatformInitiator       : HHH000489: No JTA platform available (set 'hibernate.transaction.jta.platform' to enable JTA platform integration)
2025-06-02T23:28:08.446+02:00  INFO 17060 --- [backend] [restartedMain] j.LocalContainerEntityManagerFactoryBean : Initialized JPA EntityManagerFactory for persistence unit 'default'
2025-06-02T23:28:08.695+02:00  INFO 17060 --- [backend] [restartedMain] o.s.d.j.r.query.QueryEnhancerFactory     : Hibernate is in classpath; If applicable, HQL parser will be used.
2025-06-02T23:28:08.758+02:00  WARN 17060 --- [backend] [restartedMain] JpaBaseConfiguration$JpaWebConfiguration : spring.jpa.open-in-view is enabled by default. Therefore, database queries may be performed during view rendering. Explicitly configure spring.jpa.open-in-view to disable this warning
2025-06-02T23:28:08.768+02:00 TRACE 17060 --- [backend] [restartedMain] eGlobalAuthenticationAutowiredConfigurer : Eagerly initializing {securityConfig=com.luiswiederhold.backend.security.SecurityConfig$$SpringCGLIB$$0@29cbb39a}
2025-06-02T23:28:08.769+02:00  INFO 17060 --- [backend] [restartedMain] eAuthenticationProviderManagerConfigurer : Found 2 AuthenticationProvider beans, with names [rememberMeAuthenticationProvider, daoAuthenticationProvider]. Global Authentication Manager will not be configured with AuthenticationProviders. Consider publishing a single AuthenticationProvider bean, or wiring your Providers directly using the DSL.
2025-06-02T23:28:08.773+02:00  INFO 17060 --- [backend] [restartedMain] r$InitializeUserDetailsManagerConfigurer : Global AuthenticationManager configured with UserDetailsService bean with name customUserDetailsService
2025-06-02T23:28:08.983+02:00 DEBUG 17060 --- [backend] [restartedMain] o.s.s.web.DefaultSecurityFilterChain     : Will secure any request with filters: DisableEncodeUrlFilter, WebAsyncManagerIntegrationFilter, SecurityContextHolderFilter, HeaderWriterFilter, LogoutFilter, UsernamePasswordAuthenticationFilter, DefaultResourcesFilter, DefaultLoginPageGeneratingFilter, DefaultLogoutPageGeneratingFilter, BasicAuthenticationFilter, RequestCacheAwareFilter, SecurityContextHolderAwareRequestFilter, RememberMeAuthenticationFilter, AnonymousAuthenticationFilter, ExceptionTranslationFilter
2025-06-02T23:28:09.148+02:00  INFO 17060 --- [backend] [restartedMain] o.s.b.d.a.OptionalLiveReloadServer       : LiveReload server is running on port 35729
2025-06-02T23:28:09.172+02:00  INFO 17060 --- [backend] [restartedMain] o.s.b.w.embedded.tomcat.TomcatWebServer  : Tomcat started on port 8080 (http) with context path '/'
2025-06-02T23:28:09.179+02:00  INFO 17060 --- [backend] [restartedMain] c.l.backend.BackendApplication           : Started BackendApplication in 3.8 seconds (process running for 4.157)
2025-06-02T23:28:12.422+02:00  INFO 17060 --- [backend] [http-nio-8080-exec-1] o.a.c.c.C.[Tomcat].[localhost].[/]       : Initializing Spring DispatcherServlet 'dispatcherServlet'
2025-06-02T23:28:12.422+02:00  INFO 17060 --- [backend] [http-nio-8080-exec-1] o.s.web.servlet.DispatcherServlet        : Initializing Servlet 'dispatcherServlet'
2025-06-02T23:28:12.423+02:00  INFO 17060 --- [backend] [http-nio-8080-exec-1] o.s.web.servlet.DispatcherServlet        : Completed initialization in 1 ms
2025-06-02T23:28:12.437+02:00 TRACE 17060 --- [backend] [http-nio-8080-exec-1] o.s.security.web.FilterChainProxy        : Trying to match request against DefaultSecurityFilterChain defined as 'filterChain' in [class path resource [com/luiswiederhold/backend/security/SecurityConfig.class]] matching [any request] and having filters [DisableEncodeUrl, WebAsyncManagerIntegration, SecurityContextHolder, HeaderWriter, Logout, UsernamePasswordAuthentication, DefaultResources, DefaultLoginPageGenerating, DefaultLogoutPageGenerating, BasicAuthentication, RequestCacheAware, SecurityContextHolderAwareRequest, RememberMeAuthentication, AnonymousAuthentication, ExceptionTranslation] (1/1)
2025-06-02T23:28:12.438+02:00 DEBUG 17060 --- [backend] [http-nio-8080-exec-1] o.s.security.web.FilterChainProxy        : Securing GET /flashcards/all
2025-06-02T23:28:12.438+02:00 TRACE 17060 --- [backend] [http-nio-8080-exec-1] o.s.security.web.FilterChainProxy        : Invoking DisableEncodeUrlFilter (1/15)
2025-06-02T23:28:12.439+02:00 TRACE 17060 --- [backend] [http-nio-8080-exec-1] o.s.security.web.FilterChainProxy        : Invoking WebAsyncManagerIntegrationFilter (2/15)
2025-06-02T23:28:12.440+02:00 TRACE 17060 --- [backend] [http-nio-8080-exec-1] o.s.security.web.FilterChainProxy        : Invoking SecurityContextHolderFilter (3/15)
2025-06-02T23:28:12.441+02:00 TRACE 17060 --- [backend] [http-nio-8080-exec-1] o.s.security.web.FilterChainProxy        : Invoking HeaderWriterFilter (4/15)
2025-06-02T23:28:12.442+02:00 TRACE 17060 --- [backend] [http-nio-8080-exec-1] o.s.security.web.FilterChainProxy        : Invoking LogoutFilter (5/15)
2025-06-02T23:28:12.442+02:00 TRACE 17060 --- [backend] [http-nio-8080-exec-1] o.s.s.w.a.logout.LogoutFilter            : Did not match request to Or [Ant [pattern='/logout', GET], Ant [pattern='/logout', POST], Ant [pattern='/logout', PUT], Ant [pattern='/logout', DELETE]]
2025-06-02T23:28:12.442+02:00 TRACE 17060 --- [backend] [http-nio-8080-exec-1] o.s.security.web.FilterChainProxy        : Invoking UsernamePasswordAuthenticationFilter (6/15)
2025-06-02T23:28:12.443+02:00 TRACE 17060 --- [backend] [http-nio-8080-exec-1] w.a.UsernamePasswordAuthenticationFilter : Did not match request to Ant [pattern='/login', POST]
2025-06-02T23:28:12.443+02:00 TRACE 17060 --- [backend] [http-nio-8080-exec-1] o.s.security.web.FilterChainProxy        : Invoking DefaultResourcesFilter (7/15)
2025-06-02T23:28:12.443+02:00 TRACE 17060 --- [backend] [http-nio-8080-exec-1] o.s.security.web.FilterChainProxy        : Invoking DefaultLoginPageGeneratingFilter (8/15)
2025-06-02T23:28:12.443+02:00 TRACE 17060 --- [backend] [http-nio-8080-exec-1] o.s.security.web.FilterChainProxy        : Invoking DefaultLogoutPageGeneratingFilter (9/15)
2025-06-02T23:28:12.443+02:00 TRACE 17060 --- [backend] [http-nio-8080-exec-1] .w.a.u.DefaultLogoutPageGeneratingFilter : Did not render default logout page since request did not match [Ant [pattern='/logout', GET]]
2025-06-02T23:28:12.443+02:00 TRACE 17060 --- [backend] [http-nio-8080-exec-1] o.s.security.web.FilterChainProxy        : Invoking BasicAuthenticationFilter (10/15)
2025-06-02T23:28:12.443+02:00 TRACE 17060 --- [backend] [http-nio-8080-exec-1] o.s.s.w.a.www.BasicAuthenticationFilter  : Did not process authentication request since failed to find username and password in Basic Authorization header
2025-06-02T23:28:12.444+02:00 TRACE 17060 --- [backend] [http-nio-8080-exec-1] o.s.security.web.FilterChainProxy        : Invoking RequestCacheAwareFilter (11/15)
2025-06-02T23:28:12.444+02:00 TRACE 17060 --- [backend] [http-nio-8080-exec-1] o.s.s.w.s.HttpSessionRequestCache        : matchingRequestParameterName is required for getMatchingRequest to lookup a value, but not provided
2025-06-02T23:28:12.444+02:00 TRACE 17060 --- [backend] [http-nio-8080-exec-1] o.s.security.web.FilterChainProxy        : Invoking SecurityContextHolderAwareRequestFilter (12/15)
2025-06-02T23:28:12.445+02:00 TRACE 17060 --- [backend] [http-nio-8080-exec-1] o.s.security.web.FilterChainProxy        : Invoking RememberMeAuthenticationFilter (13/15)
2025-06-02T23:28:12.445+02:00 TRACE 17060 --- [backend] [http-nio-8080-exec-1] w.c.HttpSessionSecurityContextRepository : No HttpSession currently exists
2025-06-02T23:28:12.445+02:00 TRACE 17060 --- [backend] [http-nio-8080-exec-1] .s.s.w.c.SupplierDeferredSecurityContext : Created SecurityContextImpl [Null authentication]
2025-06-02T23:28:12.445+02:00 TRACE 17060 --- [backend] [http-nio-8080-exec-1] .s.s.w.c.SupplierDeferredSecurityContext : Created SecurityContextImpl [Null authentication]
2025-06-02T23:28:12.445+02:00 TRACE 17060 --- [backend] [http-nio-8080-exec-1] o.s.security.web.FilterChainProxy        : Invoking AnonymousAuthenticationFilter (14/15)
2025-06-02T23:28:12.445+02:00 TRACE 17060 --- [backend] [http-nio-8080-exec-1] o.s.security.web.FilterChainProxy        : Invoking ExceptionTranslationFilter (15/15)
2025-06-02T23:28:12.446+02:00 DEBUG 17060 --- [backend] [http-nio-8080-exec-1] o.s.security.web.FilterChainProxy        : Secured GET /flashcards/all
2025-06-02T23:28:12.460+02:00 TRACE 17060 --- [backend] [http-nio-8080-exec-1] o.s.s.w.a.AnonymousAuthenticationFilter  : Set SecurityContextHolder to AnonymousAuthenticationToken [Principal=anonymousUser, Credentials=[PROTECTED], Authenticated=true, Details=WebAuthenticationDetails [RemoteIpAddress=0:0:0:0:0:0:0:1, SessionId=null], Granted Authorities=[ROLE_ANONYMOUS]]
2025-06-02T23:28:12.538+02:00 DEBUG 17060 --- [backend] [http-nio-8080-exec-1] org.hibernate.SQL                        : select f1_0.id,f1_0.answer_image,f1_0.answer_latex,f1_0.creation_date,f1_0.hierachy,f1_0.last_updated_on,f1_0.question_image,f1_0.question_latex,f1_0.username from flashcards f1_0 where f1_0.username=?
2025-06-02T23:28:12.611+02:00 TRACE 17060 --- [backend] [http-nio-8080-exec-1] o.s.s.w.header.writers.HstsHeaderWriter  : Not injecting HSTS header since it did not match request to [Is Secure]
2025-07-06T15:09:57.591+02:00  INFO 13968 --- [backend] [restartedMain] c.l.backend.BackendApplication           : Starting BackendApplication using Java 17.0.9 with PID 13968 (C:\Users\Admin\Desktop\Mathematik Studium\1. Semester\Informatik\Hausaufgaben\stemcards\backend\build\classes\java\main started by Admin in C:\Users\Admin\Desktop\Mathematik Studium\1. Semester\Informatik\Hausaufgaben\stemcards\backend)
2025-07-06T15:09:57.592+02:00  INFO 13968 --- [backend] [restartedMain] c.l.backend.BackendApplication           : The following 1 profile is active: "prod"
2025-07-06T15:09:57.629+02:00  INFO 13968 --- [backend] [restartedMain] .e.DevToolsPropertyDefaultsPostProcessor : Devtools property defaults active! Set 'spring.devtools.add-properties' to 'false' to disable
2025-07-06T15:09:57.629+02:00  INFO 13968 --- [backend] [restartedMain] .e.DevToolsPropertyDefaultsPostProcessor : For additional web related logging consider setting the 'logging.level.web' property to 'DEBUG'
2025-07-06T15:09:58.209+02:00  INFO 13968 --- [backend] [restartedMain] .s.d.r.c.RepositoryConfigurationDelegate : Bootstrapping Spring Data JPA repositories in DEFAULT mode.
2025-07-06T15:09:58.255+02:00  INFO 13968 --- [backend] [restartedMain] .s.d.r.c.RepositoryConfigurationDelegate : Finished Spring Data repository scanning in 39 ms. Found 2 JPA repository interfaces.
2025-07-06T15:09:58.680+02:00  INFO 13968 --- [backend] [restartedMain] o.s.b.w.embedded.tomcat.TomcatWebServer  : Tomcat initialized with port 8080 (http)
2025-07-06T15:09:58.690+02:00  INFO 13968 --- [backend] [restartedMain] o.apache.catalina.core.StandardService   : Starting service [Tomcat]
2025-07-06T15:09:58.690+02:00  INFO 13968 --- [backend] [restartedMain] o.apache.catalina.core.StandardEngine    : Starting Servlet engine: [Apache Tomcat/10.1.36]
2025-07-06T15:09:58.727+02:00  INFO 13968 --- [backend] [restartedMain] o.a.c.c.C.[Tomcat].[localhost].[/]       : Initializing Spring embedded WebApplicationContext
2025-07-06T15:09:58.728+02:00  INFO 13968 --- [backend] [restartedMain] w.s.c.ServletWebServerApplicationContext : Root WebApplicationContext: initialization completed in 1098 ms
2025-07-06T15:09:58.845+02:00  INFO 13968 --- [backend] [restartedMain] o.hibernate.jpa.internal.util.LogHelper  : HHH000204: Processing PersistenceUnitInfo [name: default]
2025-07-06T15:09:58.904+02:00  INFO 13968 --- [backend] [restartedMain] org.hibernate.Version                    : HHH000412: Hibernate ORM core version 6.6.8.Final
2025-07-06T15:09:58.938+02:00  INFO 13968 --- [backend] [restartedMain] o.h.c.internal.RegionFactoryInitiator    : HHH000026: Second-level cache disabled
2025-07-06T15:09:59.187+02:00  INFO 13968 --- [backend] [restartedMain] o.s.o.j.p.SpringPersistenceUnitInfo      : No LoadTimeWeaver setup: ignoring JPA class transformer
2025-07-06T15:09:59.215+02:00  INFO 13968 --- [backend] [restartedMain] com.zaxxer.hikari.HikariDataSource       : HikariPool-1 - Starting...
2025-07-06T15:09:59.346+02:00  INFO 13968 --- [backend] [restartedMain] com.zaxxer.hikari.pool.HikariPool        : HikariPool-1 - Added connection org.postgresql.jdbc.PgConnection@43f1c5c2
2025-07-06T15:09:59.347+02:00  INFO 13968 --- [backend] [restartedMain] com.zaxxer.hikari.HikariDataSource       : HikariPool-1 - Start completed.
2025-07-06T15:09:59.377+02:00  WARN 13968 --- [backend] [restartedMain] org.hibernate.orm.deprecation            : HHH90000025: PostgreSQLDialect does not need to be specified explicitly using 'hibernate.dialect' (remove the property setting and it will be selected by default)
2025-07-06T15:09:59.394+02:00  INFO 13968 --- [backend] [restartedMain] org.hibernate.orm.connections.pooling    : HHH10001005: Database info:
	Database JDBC URL [Connecting through datasource 'HikariDataSource (HikariPool-1)']
	Database driver: undefined/unknown
	Database version: 17.5
	Autocommit mode: undefined/unknown
	Isolation level: undefined/unknown
	Minimum pool size: undefined/unknown
	Maximum pool size: undefined/unknown
2025-07-06T15:10:00.177+02:00  INFO 13968 --- [backend] [restartedMain] o.h.e.t.j.p.i.JtaPlatformInitiator       : HHH000489: No JTA platform available (set 'hibernate.transaction.jta.platform' to enable JTA platform integration)
2025-07-06T15:10:00.212+02:00  INFO 13968 --- [backend] [restartedMain] j.LocalContainerEntityManagerFactoryBean : Initialized JPA EntityManagerFactory for persistence unit 'default'
2025-07-06T15:10:00.440+02:00  WARN 13968 --- [backend] [restartedMain] ConfigServletWebServerApplicationContext : Exception encountered during context initialization - cancelling refresh attempt: org.springframework.beans.factory.UnsatisfiedDependencyException: Error creating bean with name 'deepSeekService' defined in file [C:\Users\Admin\Desktop\Mathematik Studium\1. Semester\Informatik\Hausaufgaben\stemcards\backend\build\classes\java\main\com\luiswiederhold\backend\flashcards\DeepSeekService.class]: Unsatisfied dependency expressed through constructor parameter 0: No qualifying bean of type 'org.springframework.web.client.RestTemplate' available: expected at least 1 bean which qualifies as autowire candidate. Dependency annotations: {}
2025-07-06T15:10:00.440+02:00  INFO 13968 --- [backend] [restartedMain] j.LocalContainerEntityManagerFactoryBean : Closing JPA EntityManagerFactory for persistence unit 'default'
2025-07-06T15:10:00.443+02:00  INFO 13968 --- [backend] [restartedMain] com.zaxxer.hikari.HikariDataSource       : HikariPool-1 - Shutdown initiated...
2025-07-06T15:10:00.446+02:00  INFO 13968 --- [backend] [restartedMain] com.zaxxer.hikari.HikariDataSource       : HikariPool-1 - Shutdown completed.
2025-07-06T15:10:00.448+02:00  INFO 13968 --- [backend] [restartedMain] o.apache.catalina.core.StandardService   : Stopping service [Tomcat]
2025-07-06T15:10:00.457+02:00  INFO 13968 --- [backend] [restartedMain] .s.b.a.l.ConditionEvaluationReportLogger : 

Error starting ApplicationContext. To display the condition evaluation report re-run your application with 'debug' enabled.
2025-07-06T15:10:00.476+02:00 ERROR 13968 --- [backend] [restartedMain] o.s.b.d.LoggingFailureAnalysisReporter   : 

***************************
APPLICATION FAILED TO START
***************************

Description:

Parameter 0 of constructor in com.luiswiederhold.backend.flashcards.MathPixService required a bean of type 'org.springframework.web.client.RestTemplate' that could not be found.


Action:

Consider defining a bean of type 'org.springframework.web.client.RestTemplate' in your configuration.

2025-07-06T15:11:02.497+02:00  INFO 23808 --- [backend] [restartedMain] c.l.backend.BackendApplication           : Starting BackendApplication using Java 17.0.9 with PID 23808 (C:\Users\Admin\Desktop\Mathematik Studium\1. Semester\Informatik\Hausaufgaben\stemcards\backend\build\classes\java\main started by Admin in C:\Users\Admin\Desktop\Mathematik Studium\1. Semester\Informatik\Hausaufgaben\stemcards\backend)
2025-07-06T15:11:02.498+02:00  INFO 23808 --- [backend] [restartedMain] c.l.backend.BackendApplication           : The following 1 profile is active: "prod"
2025-07-06T15:11:02.531+02:00  INFO 23808 --- [backend] [restartedMain] .e.DevToolsPropertyDefaultsPostProcessor : Devtools property defaults active! Set 'spring.devtools.add-properties' to 'false' to disable
2025-07-06T15:11:02.531+02:00  INFO 23808 --- [backend] [restartedMain] .e.DevToolsPropertyDefaultsPostProcessor : For additional web related logging consider setting the 'logging.level.web' property to 'DEBUG'
2025-07-06T15:11:03.040+02:00  INFO 23808 --- [backend] [restartedMain] .s.d.r.c.RepositoryConfigurationDelegate : Bootstrapping Spring Data JPA repositories in DEFAULT mode.
2025-07-06T15:11:03.081+02:00  INFO 23808 --- [backend] [restartedMain] .s.d.r.c.RepositoryConfigurationDelegate : Finished Spring Data repository scanning in 34 ms. Found 2 JPA repository interfaces.
2025-07-06T15:11:03.469+02:00  INFO 23808 --- [backend] [restartedMain] o.s.b.w.embedded.tomcat.TomcatWebServer  : Tomcat initialized with port 8080 (http)
2025-07-06T15:11:03.478+02:00  INFO 23808 --- [backend] [restartedMain] o.apache.catalina.core.StandardService   : Starting service [Tomcat]
2025-07-06T15:11:03.478+02:00  INFO 23808 --- [backend] [restartedMain] o.apache.catalina.core.StandardEngine    : Starting Servlet engine: [Apache Tomcat/10.1.36]
2025-07-06T15:11:03.512+02:00  INFO 23808 --- [backend] [restartedMain] o.a.c.c.C.[Tomcat].[localhost].[/]       : Initializing Spring embedded WebApplicationContext
2025-07-06T15:11:03.512+02:00  INFO 23808 --- [backend] [restartedMain] w.s.c.ServletWebServerApplicationContext : Root WebApplicationContext: initialization completed in 980 ms
2025-07-06T15:11:03.615+02:00  INFO 23808 --- [backend] [restartedMain] o.hibernate.jpa.internal.util.LogHelper  : HHH000204: Processing PersistenceUnitInfo [name: default]
2025-07-06T15:11:03.658+02:00  INFO 23808 --- [backend] [restartedMain] org.hibernate.Version                    : HHH000412: Hibernate ORM core version 6.6.8.Final
2025-07-06T15:11:03.687+02:00  INFO 23808 --- [backend] [restartedMain] o.h.c.internal.RegionFactoryInitiator    : HHH000026: Second-level cache disabled
2025-07-06T15:11:03.905+02:00  INFO 23808 --- [backend] [restartedMain] o.s.o.j.p.SpringPersistenceUnitInfo      : No LoadTimeWeaver setup: ignoring JPA class transformer
2025-07-06T15:11:03.928+02:00  INFO 23808 --- [backend] [restartedMain] com.zaxxer.hikari.HikariDataSource       : HikariPool-1 - Starting...
2025-07-06T15:11:04.036+02:00  INFO 23808 --- [backend] [restartedMain] com.zaxxer.hikari.pool.HikariPool        : HikariPool-1 - Added connection org.postgresql.jdbc.PgConnection@475832cb
2025-07-06T15:11:04.038+02:00  INFO 23808 --- [backend] [restartedMain] com.zaxxer.hikari.HikariDataSource       : HikariPool-1 - Start completed.
2025-07-06T15:11:04.062+02:00  WARN 23808 --- [backend] [restartedMain] org.hibernate.orm.deprecation            : HHH90000025: PostgreSQLDialect does not need to be specified explicitly using 'hibernate.dialect' (remove the property setting and it will be selected by default)
2025-07-06T15:11:04.075+02:00  INFO 23808 --- [backend] [restartedMain] org.hibernate.orm.connections.pooling    : HHH10001005: Database info:
	Database JDBC URL [Connecting through datasource 'HikariDataSource (HikariPool-1)']
	Database driver: undefined/unknown
	Database version: 17.5
	Autocommit mode: undefined/unknown
	Isolation level: undefined/unknown
	Minimum pool size: undefined/unknown
	Maximum pool size: undefined/unknown
2025-07-06T15:11:04.742+02:00  INFO 23808 --- [backend] [restartedMain] o.h.e.t.j.p.i.JtaPlatformInitiator       : HHH000489: No JTA platform available (set 'hibernate.transaction.jta.platform' to enable JTA platform integration)
2025-07-06T15:11:04.773+02:00  INFO 23808 --- [backend] [restartedMain] j.LocalContainerEntityManagerFactoryBean : Initialized JPA EntityManagerFactory for persistence unit 'default'
2025-07-06T15:11:04.986+02:00  WARN 23808 --- [backend] [restartedMain] ConfigServletWebServerApplicationContext : Exception encountered during context initialization - cancelling refresh attempt: org.springframework.beans.factory.BeanCreationException: Error creating bean with name 'deepSeekService': Injection of autowired dependencies failed
2025-07-06T15:11:04.986+02:00  INFO 23808 --- [backend] [restartedMain] j.LocalContainerEntityManagerFactoryBean : Closing JPA EntityManagerFactory for persistence unit 'default'
2025-07-06T15:11:04.989+02:00  INFO 23808 --- [backend] [restartedMain] com.zaxxer.hikari.HikariDataSource       : HikariPool-1 - Shutdown initiated...
2025-07-06T15:11:04.990+02:00  INFO 23808 --- [backend] [restartedMain] com.zaxxer.hikari.HikariDataSource       : HikariPool-1 - Shutdown completed.
2025-07-06T15:11:04.993+02:00  INFO 23808 --- [backend] [restartedMain] o.apache.catalina.core.StandardService   : Stopping service [Tomcat]
2025-07-06T15:11:05.002+02:00  INFO 23808 --- [backend] [restartedMain] .s.b.a.l.ConditionEvaluationReportLogger : 

Error starting ApplicationContext. To display the condition evaluation report re-run your application with 'debug' enabled.
2025-07-06T15:11:05.016+02:00 ERROR 23808 --- [backend] [restartedMain] o.s.boot.SpringApplication               : Application run failed

org.springframework.beans.factory.BeanCreationException: Error creating bean with name 'deepSeekService': Injection of autowired dependencies failed
	at org.springframework.beans.factory.annotation.AutowiredAnnotationBeanPostProcessor.postProcessProperties(AutowiredAnnotationBeanPostProcessor.java:515) ~[spring-beans-6.2.3.jar:6.2.3]
	at org.springframework.beans.factory.support.AbstractAutowireCapableBeanFactory.populateBean(AbstractAutowireCapableBeanFactory.java:1445) ~[spring-beans-6.2.3.jar:6.2.3]
	at org.springframework.beans.factory.support.AbstractAutowireCapableBeanFactory.doCreateBean(AbstractAutowireCapableBeanFactory.java:600) ~[spring-beans-6.2.3.jar:6.2.3]
	at org.springframework.beans.factory.support.AbstractAutowireCapableBeanFactory.createBean(AbstractAutowireCapableBeanFactory.java:523) ~[spring-beans-6.2.3.jar:6.2.3]
	at org.springframework.beans.factory.support.AbstractBeanFactory.lambda$doGetBean$0(AbstractBeanFactory.java:339) ~[spring-beans-6.2.3.jar:6.2.3]
	at org.springframework.beans.factory.support.DefaultSingletonBeanRegistry.getSingleton(DefaultSingletonBeanRegistry.java:346) ~[spring-beans-6.2.3.jar:6.2.3]
	at org.springframework.beans.factory.support.AbstractBeanFactory.doGetBean(AbstractBeanFactory.java:337) ~[spring-beans-6.2.3.jar:6.2.3]
	at org.springframework.beans.factory.support.AbstractBeanFactory.getBean(AbstractBeanFactory.java:202) ~[spring-beans-6.2.3.jar:6.2.3]
	at org.springframework.beans.factory.support.DefaultListableBeanFactory.instantiateSingleton(DefaultListableBeanFactory.java:1155) ~[spring-beans-6.2.3.jar:6.2.3]
	at org.springframework.beans.factory.support.DefaultListableBeanFactory.preInstantiateSingleton(DefaultListableBeanFactory.java:1121) ~[spring-beans-6.2.3.jar:6.2.3]
	at org.springframework.beans.factory.support.DefaultListableBeanFactory.preInstantiateSingletons(DefaultListableBeanFactory.java:1056) ~[spring-beans-6.2.3.jar:6.2.3]
	at org.springframework.context.support.AbstractApplicationContext.finishBeanFactoryInitialization(AbstractApplicationContext.java:987) ~[spring-context-6.2.3.jar:6.2.3]
	at org.springframework.context.support.AbstractApplicationContext.refresh(AbstractApplicationContext.java:627) ~[spring-context-6.2.3.jar:6.2.3]
	at org.springframework.boot.web.servlet.context.ServletWebServerApplicationContext.refresh(ServletWebServerApplicationContext.java:146) ~[spring-boot-3.4.3.jar:3.4.3]
	at org.springframework.boot.SpringApplication.refresh(SpringApplication.java:752) ~[spring-boot-3.4.3.jar:3.4.3]
	at org.springframework.boot.SpringApplication.refreshContext(SpringApplication.java:439) ~[spring-boot-3.4.3.jar:3.4.3]
	at org.springframework.boot.SpringApplication.run(SpringApplication.java:318) ~[spring-boot-3.4.3.jar:3.4.3]
	at org.springframework.boot.SpringApplication.run(SpringApplication.java:1361) ~[spring-boot-3.4.3.jar:3.4.3]
	at org.springframework.boot.SpringApplication.run(SpringApplication.java:1350) ~[spring-boot-3.4.3.jar:3.4.3]
	at com.luiswiederhold.backend.BackendApplication.main(BackendApplication.java:22) ~[main/:na]
	at java.base/jdk.internal.reflect.NativeMethodAccessorImpl.invoke0(Native Method) ~[na:na]
	at java.base/jdk.internal.reflect.NativeMethodAccessorImpl.invoke(NativeMethodAccessorImpl.java:77) ~[na:na]
	at java.base/jdk.internal.reflect.DelegatingMethodAccessorImpl.invoke(DelegatingMethodAccessorImpl.java:43) ~[na:na]
	at java.base/java.lang.reflect.Method.invoke(Method.java:568) ~[na:na]
	at org.springframework.boot.devtools.restart.RestartLauncher.run(RestartLauncher.java:50) ~[spring-boot-devtools-3.4.3.jar:3.4.3]
Caused by: org.springframework.util.PlaceholderResolutionException: Could not resolve placeholder 'deepseek.api.url' in value "${deepseek.api.url}"
	at org.springframework.util.PlaceholderResolutionException.withValue(PlaceholderResolutionException.java:81) ~[spring-core-6.2.3.jar:6.2.3]
	at org.springframework.util.PlaceholderParser$ParsedValue.resolve(PlaceholderParser.java:423) ~[spring-core-6.2.3.jar:6.2.3]
	at org.springframework.util.PlaceholderParser.replacePlaceholders(PlaceholderParser.java:128) ~[spring-core-6.2.3.jar:6.2.3]
	at org.springframework.util.PropertyPlaceholderHelper.parseStringValue(PropertyPlaceholderHelper.java:118) ~[spring-core-6.2.3.jar:6.2.3]
	at org.springframework.util.PropertyPlaceholderHelper.replacePlaceholders(PropertyPlaceholderHelper.java:114) ~[spring-core-6.2.3.jar:6.2.3]
	at org.springframework.core.env.AbstractPropertyResolver.doResolvePlaceholders(AbstractPropertyResolver.java:255) ~[spring-core-6.2.3.jar:6.2.3]
	at org.springframework.core.env.AbstractPropertyResolver.resolveRequiredPlaceholders(AbstractPropertyResolver.java:226) ~[spring-core-6.2.3.jar:6.2.3]
	at org.springframework.context.support.PropertySourcesPlaceholderConfigurer.lambda$processProperties$0(PropertySourcesPlaceholderConfigurer.java:201) ~[spring-context-6.2.3.jar:6.2.3]
	at org.springframework.beans.factory.support.AbstractBeanFactory.resolveEmbeddedValue(AbstractBeanFactory.java:971) ~[spring-beans-6.2.3.jar:6.2.3]
	at org.springframework.beans.factory.support.DefaultListableBeanFactory.doResolveDependency(DefaultListableBeanFactory.java:1574) ~[spring-beans-6.2.3.jar:6.2.3]
	at org.springframework.beans.factory.support.DefaultListableBeanFactory.resolveDependency(DefaultListableBeanFactory.java:1552) ~[spring-beans-6.2.3.jar:6.2.3]
	at org.springframework.beans.factory.annotation.AutowiredAnnotationBeanPostProcessor$AutowiredFieldElement.resolveFieldValue(AutowiredAnnotationBeanPostProcessor.java:785) ~[spring-beans-6.2.3.jar:6.2.3]
	at org.springframework.beans.factory.annotation.AutowiredAnnotationBeanPostProcessor$AutowiredFieldElement.inject(AutowiredAnnotationBeanPostProcessor.java:768) ~[spring-beans-6.2.3.jar:6.2.3]
	at org.springframework.beans.factory.annotation.InjectionMetadata.inject(InjectionMetadata.java:146) ~[spring-beans-6.2.3.jar:6.2.3]
	at org.springframework.beans.factory.annotation.AutowiredAnnotationBeanPostProcessor.postProcessProperties(AutowiredAnnotationBeanPostProcessor.java:509) ~[spring-beans-6.2.3.jar:6.2.3]
	... 24 common frames omitted

2025-07-06T15:13:54.782+02:00  INFO 18172 --- [backend] [restartedMain] c.l.backend.BackendApplication           : Starting BackendApplication using Java 17.0.9 with PID 18172 (C:\Users\Admin\Desktop\Mathematik Studium\1. Semester\Informatik\Hausaufgaben\stemcards\backend\build\classes\java\main started by Admin in C:\Users\Admin\Desktop\Mathematik Studium\1. Semester\Informatik\Hausaufgaben\stemcards\backend)
2025-07-06T15:13:54.783+02:00  INFO 18172 --- [backend] [restartedMain] c.l.backend.BackendApplication           : The following 1 profile is active: "prod"
2025-07-06T15:13:54.815+02:00  INFO 18172 --- [backend] [restartedMain] .e.DevToolsPropertyDefaultsPostProcessor : Devtools property defaults active! Set 'spring.devtools.add-properties' to 'false' to disable
2025-07-06T15:13:54.816+02:00  INFO 18172 --- [backend] [restartedMain] .e.DevToolsPropertyDefaultsPostProcessor : For additional web related logging consider setting the 'logging.level.web' property to 'DEBUG'
2025-07-06T15:13:55.344+02:00  INFO 18172 --- [backend] [restartedMain] .s.d.r.c.RepositoryConfigurationDelegate : Bootstrapping Spring Data JPA repositories in DEFAULT mode.
2025-07-06T15:13:55.389+02:00  INFO 18172 --- [backend] [restartedMain] .s.d.r.c.RepositoryConfigurationDelegate : Finished Spring Data repository scanning in 37 ms. Found 2 JPA repository interfaces.
2025-07-06T15:13:55.794+02:00  INFO 18172 --- [backend] [restartedMain] o.s.b.w.embedded.tomcat.TomcatWebServer  : Tomcat initialized with port 8080 (http)
2025-07-06T15:13:55.803+02:00  INFO 18172 --- [backend] [restartedMain] o.apache.catalina.core.StandardService   : Starting service [Tomcat]
2025-07-06T15:13:55.804+02:00  INFO 18172 --- [backend] [restartedMain] o.apache.catalina.core.StandardEngine    : Starting Servlet engine: [Apache Tomcat/10.1.36]
2025-07-06T15:13:55.838+02:00  INFO 18172 --- [backend] [restartedMain] o.a.c.c.C.[Tomcat].[localhost].[/]       : Initializing Spring embedded WebApplicationContext
2025-07-06T15:13:55.838+02:00  INFO 18172 --- [backend] [restartedMain] w.s.c.ServletWebServerApplicationContext : Root WebApplicationContext: initialization completed in 1022 ms
2025-07-06T15:13:55.941+02:00  INFO 18172 --- [backend] [restartedMain] o.hibernate.jpa.internal.util.LogHelper  : HHH000204: Processing PersistenceUnitInfo [name: default]
2025-07-06T15:13:55.989+02:00  INFO 18172 --- [backend] [restartedMain] org.hibernate.Version                    : HHH000412: Hibernate ORM core version 6.6.8.Final
2025-07-06T15:13:56.016+02:00  INFO 18172 --- [backend] [restartedMain] o.h.c.internal.RegionFactoryInitiator    : HHH000026: Second-level cache disabled
2025-07-06T15:13:56.235+02:00  INFO 18172 --- [backend] [restartedMain] o.s.o.j.p.SpringPersistenceUnitInfo      : No LoadTimeWeaver setup: ignoring JPA class transformer
2025-07-06T15:13:56.260+02:00  INFO 18172 --- [backend] [restartedMain] com.zaxxer.hikari.HikariDataSource       : HikariPool-1 - Starting...
2025-07-06T15:13:56.377+02:00  INFO 18172 --- [backend] [restartedMain] com.zaxxer.hikari.pool.HikariPool        : HikariPool-1 - Added connection org.postgresql.jdbc.PgConnection@1e7a2551
2025-07-06T15:13:56.379+02:00  INFO 18172 --- [backend] [restartedMain] com.zaxxer.hikari.HikariDataSource       : HikariPool-1 - Start completed.
2025-07-06T15:13:56.411+02:00  WARN 18172 --- [backend] [restartedMain] org.hibernate.orm.deprecation            : HHH90000025: PostgreSQLDialect does not need to be specified explicitly using 'hibernate.dialect' (remove the property setting and it will be selected by default)
2025-07-06T15:13:56.426+02:00  INFO 18172 --- [backend] [restartedMain] org.hibernate.orm.connections.pooling    : HHH10001005: Database info:
	Database JDBC URL [Connecting through datasource 'HikariDataSource (HikariPool-1)']
	Database driver: undefined/unknown
	Database version: 17.5
	Autocommit mode: undefined/unknown
	Isolation level: undefined/unknown
	Minimum pool size: undefined/unknown
	Maximum pool size: undefined/unknown
2025-07-06T15:13:57.084+02:00  INFO 18172 --- [backend] [restartedMain] o.h.e.t.j.p.i.JtaPlatformInitiator       : HHH000489: No JTA platform available (set 'hibernate.transaction.jta.platform' to enable JTA platform integration)
2025-07-06T15:13:57.116+02:00  INFO 18172 --- [backend] [restartedMain] j.LocalContainerEntityManagerFactoryBean : Initialized JPA EntityManagerFactory for persistence unit 'default'
2025-07-06T15:13:57.334+02:00  WARN 18172 --- [backend] [restartedMain] ConfigServletWebServerApplicationContext : Exception encountered during context initialization - cancelling refresh attempt: org.springframework.beans.factory.BeanCreationException: Error creating bean with name 'deepSeekService': Injection of autowired dependencies failed
2025-07-06T15:13:57.334+02:00  INFO 18172 --- [backend] [restartedMain] j.LocalContainerEntityManagerFactoryBean : Closing JPA EntityManagerFactory for persistence unit 'default'
2025-07-06T15:13:57.337+02:00  INFO 18172 --- [backend] [restartedMain] com.zaxxer.hikari.HikariDataSource       : HikariPool-1 - Shutdown initiated...
2025-07-06T15:13:57.339+02:00  INFO 18172 --- [backend] [restartedMain] com.zaxxer.hikari.HikariDataSource       : HikariPool-1 - Shutdown completed.
2025-07-06T15:13:57.341+02:00  INFO 18172 --- [backend] [restartedMain] o.apache.catalina.core.StandardService   : Stopping service [Tomcat]
2025-07-06T15:13:57.350+02:00  INFO 18172 --- [backend] [restartedMain] .s.b.a.l.ConditionEvaluationReportLogger : 

Error starting ApplicationContext. To display the condition evaluation report re-run your application with 'debug' enabled.
2025-07-06T15:13:57.366+02:00 ERROR 18172 --- [backend] [restartedMain] o.s.boot.SpringApplication               : Application run failed

org.springframework.beans.factory.BeanCreationException: Error creating bean with name 'deepSeekService': Injection of autowired dependencies failed
	at org.springframework.beans.factory.annotation.AutowiredAnnotationBeanPostProcessor.postProcessProperties(AutowiredAnnotationBeanPostProcessor.java:515) ~[spring-beans-6.2.3.jar:6.2.3]
	at org.springframework.beans.factory.support.AbstractAutowireCapableBeanFactory.populateBean(AbstractAutowireCapableBeanFactory.java:1445) ~[spring-beans-6.2.3.jar:6.2.3]
	at org.springframework.beans.factory.support.AbstractAutowireCapableBeanFactory.doCreateBean(AbstractAutowireCapableBeanFactory.java:600) ~[spring-beans-6.2.3.jar:6.2.3]
	at org.springframework.beans.factory.support.AbstractAutowireCapableBeanFactory.createBean(AbstractAutowireCapableBeanFactory.java:523) ~[spring-beans-6.2.3.jar:6.2.3]
	at org.springframework.beans.factory.support.AbstractBeanFactory.lambda$doGetBean$0(AbstractBeanFactory.java:339) ~[spring-beans-6.2.3.jar:6.2.3]
	at org.springframework.beans.factory.support.DefaultSingletonBeanRegistry.getSingleton(DefaultSingletonBeanRegistry.java:346) ~[spring-beans-6.2.3.jar:6.2.3]
	at org.springframework.beans.factory.support.AbstractBeanFactory.doGetBean(AbstractBeanFactory.java:337) ~[spring-beans-6.2.3.jar:6.2.3]
	at org.springframework.beans.factory.support.AbstractBeanFactory.getBean(AbstractBeanFactory.java:202) ~[spring-beans-6.2.3.jar:6.2.3]
	at org.springframework.beans.factory.support.DefaultListableBeanFactory.instantiateSingleton(DefaultListableBeanFactory.java:1155) ~[spring-beans-6.2.3.jar:6.2.3]
	at org.springframework.beans.factory.support.DefaultListableBeanFactory.preInstantiateSingleton(DefaultListableBeanFactory.java:1121) ~[spring-beans-6.2.3.jar:6.2.3]
	at org.springframework.beans.factory.support.DefaultListableBeanFactory.preInstantiateSingletons(DefaultListableBeanFactory.java:1056) ~[spring-beans-6.2.3.jar:6.2.3]
	at org.springframework.context.support.AbstractApplicationContext.finishBeanFactoryInitialization(AbstractApplicationContext.java:987) ~[spring-context-6.2.3.jar:6.2.3]
	at org.springframework.context.support.AbstractApplicationContext.refresh(AbstractApplicationContext.java:627) ~[spring-context-6.2.3.jar:6.2.3]
	at org.springframework.boot.web.servlet.context.ServletWebServerApplicationContext.refresh(ServletWebServerApplicationContext.java:146) ~[spring-boot-3.4.3.jar:3.4.3]
	at org.springframework.boot.SpringApplication.refresh(SpringApplication.java:752) ~[spring-boot-3.4.3.jar:3.4.3]
	at org.springframework.boot.SpringApplication.refreshContext(SpringApplication.java:439) ~[spring-boot-3.4.3.jar:3.4.3]
	at org.springframework.boot.SpringApplication.run(SpringApplication.java:318) ~[spring-boot-3.4.3.jar:3.4.3]
	at org.springframework.boot.SpringApplication.run(SpringApplication.java:1361) ~[spring-boot-3.4.3.jar:3.4.3]
	at org.springframework.boot.SpringApplication.run(SpringApplication.java:1350) ~[spring-boot-3.4.3.jar:3.4.3]
	at com.luiswiederhold.backend.BackendApplication.main(BackendApplication.java:22) ~[main/:na]
	at java.base/jdk.internal.reflect.NativeMethodAccessorImpl.invoke0(Native Method) ~[na:na]
	at java.base/jdk.internal.reflect.NativeMethodAccessorImpl.invoke(NativeMethodAccessorImpl.java:77) ~[na:na]
	at java.base/jdk.internal.reflect.DelegatingMethodAccessorImpl.invoke(DelegatingMethodAccessorImpl.java:43) ~[na:na]
	at java.base/java.lang.reflect.Method.invoke(Method.java:568) ~[na:na]
	at org.springframework.boot.devtools.restart.RestartLauncher.run(RestartLauncher.java:50) ~[spring-boot-devtools-3.4.3.jar:3.4.3]
Caused by: org.springframework.util.PlaceholderResolutionException: Could not resolve placeholder 'DEEPSEEK_API_KEY' in value "${DEEPSEEK_API_KEY}" <-- "${deepseek.api.key}"
	at org.springframework.util.PlaceholderResolutionException.withValue(PlaceholderResolutionException.java:81) ~[spring-core-6.2.3.jar:6.2.3]
	at org.springframework.util.PlaceholderParser$ParsedValue.resolve(PlaceholderParser.java:423) ~[spring-core-6.2.3.jar:6.2.3]
	at org.springframework.util.PlaceholderParser.replacePlaceholders(PlaceholderParser.java:128) ~[spring-core-6.2.3.jar:6.2.3]
	at org.springframework.util.PropertyPlaceholderHelper.parseStringValue(PropertyPlaceholderHelper.java:118) ~[spring-core-6.2.3.jar:6.2.3]
	at org.springframework.util.PropertyPlaceholderHelper.replacePlaceholders(PropertyPlaceholderHelper.java:114) ~[spring-core-6.2.3.jar:6.2.3]
	at org.springframework.core.env.AbstractPropertyResolver.doResolvePlaceholders(AbstractPropertyResolver.java:255) ~[spring-core-6.2.3.jar:6.2.3]
	at org.springframework.core.env.AbstractPropertyResolver.resolveRequiredPlaceholders(AbstractPropertyResolver.java:226) ~[spring-core-6.2.3.jar:6.2.3]
	at org.springframework.context.support.PropertySourcesPlaceholderConfigurer.lambda$processProperties$0(PropertySourcesPlaceholderConfigurer.java:201) ~[spring-context-6.2.3.jar:6.2.3]
	at org.springframework.beans.factory.support.AbstractBeanFactory.resolveEmbeddedValue(AbstractBeanFactory.java:971) ~[spring-beans-6.2.3.jar:6.2.3]
	at org.springframework.beans.factory.support.DefaultListableBeanFactory.doResolveDependency(DefaultListableBeanFactory.java:1574) ~[spring-beans-6.2.3.jar:6.2.3]
	at org.springframework.beans.factory.support.DefaultListableBeanFactory.resolveDependency(DefaultListableBeanFactory.java:1552) ~[spring-beans-6.2.3.jar:6.2.3]
	at org.springframework.beans.factory.annotation.AutowiredAnnotationBeanPostProcessor$AutowiredFieldElement.resolveFieldValue(AutowiredAnnotationBeanPostProcessor.java:785) ~[spring-beans-6.2.3.jar:6.2.3]
	at org.springframework.beans.factory.annotation.AutowiredAnnotationBeanPostProcessor$AutowiredFieldElement.inject(AutowiredAnnotationBeanPostProcessor.java:768) ~[spring-beans-6.2.3.jar:6.2.3]
	at org.springframework.beans.factory.annotation.InjectionMetadata.inject(InjectionMetadata.java:146) ~[spring-beans-6.2.3.jar:6.2.3]
	at org.springframework.beans.factory.annotation.AutowiredAnnotationBeanPostProcessor.postProcessProperties(AutowiredAnnotationBeanPostProcessor.java:509) ~[spring-beans-6.2.3.jar:6.2.3]
	... 24 common frames omitted

2025-07-06T15:15:05.386+02:00  INFO 22540 --- [backend] [restartedMain] c.l.backend.BackendApplication           : Starting BackendApplication using Java 17.0.9 with PID 22540 (C:\Users\Admin\Desktop\Mathematik Studium\1. Semester\Informatik\Hausaufgaben\stemcards\backend\build\classes\java\main started by Admin in C:\Users\Admin\Desktop\Mathematik Studium\1. Semester\Informatik\Hausaufgaben\stemcards\backend)
2025-07-06T15:15:05.387+02:00  INFO 22540 --- [backend] [restartedMain] c.l.backend.BackendApplication           : The following 1 profile is active: "prod"
2025-07-06T15:15:05.419+02:00  INFO 22540 --- [backend] [restartedMain] .e.DevToolsPropertyDefaultsPostProcessor : Devtools property defaults active! Set 'spring.devtools.add-properties' to 'false' to disable
2025-07-06T15:15:05.419+02:00  INFO 22540 --- [backend] [restartedMain] .e.DevToolsPropertyDefaultsPostProcessor : For additional web related logging consider setting the 'logging.level.web' property to 'DEBUG'
2025-07-06T15:15:05.935+02:00  INFO 22540 --- [backend] [restartedMain] .s.d.r.c.RepositoryConfigurationDelegate : Bootstrapping Spring Data JPA repositories in DEFAULT mode.
2025-07-06T15:15:05.977+02:00  INFO 22540 --- [backend] [restartedMain] .s.d.r.c.RepositoryConfigurationDelegate : Finished Spring Data repository scanning in 35 ms. Found 2 JPA repository interfaces.
2025-07-06T15:15:06.399+02:00  INFO 22540 --- [backend] [restartedMain] o.s.b.w.embedded.tomcat.TomcatWebServer  : Tomcat initialized with port 8080 (http)
2025-07-06T15:15:06.409+02:00  INFO 22540 --- [backend] [restartedMain] o.apache.catalina.core.StandardService   : Starting service [Tomcat]
2025-07-06T15:15:06.410+02:00  INFO 22540 --- [backend] [restartedMain] o.apache.catalina.core.StandardEngine    : Starting Servlet engine: [Apache Tomcat/10.1.36]
2025-07-06T15:15:06.454+02:00  INFO 22540 --- [backend] [restartedMain] o.a.c.c.C.[Tomcat].[localhost].[/]       : Initializing Spring embedded WebApplicationContext
2025-07-06T15:15:06.454+02:00  INFO 22540 --- [backend] [restartedMain] w.s.c.ServletWebServerApplicationContext : Root WebApplicationContext: initialization completed in 1034 ms
2025-07-06T15:15:06.575+02:00  INFO 22540 --- [backend] [restartedMain] o.hibernate.jpa.internal.util.LogHelper  : HHH000204: Processing PersistenceUnitInfo [name: default]
2025-07-06T15:15:06.630+02:00  INFO 22540 --- [backend] [restartedMain] org.hibernate.Version                    : HHH000412: Hibernate ORM core version 6.6.8.Final
2025-07-06T15:15:06.666+02:00  INFO 22540 --- [backend] [restartedMain] o.h.c.internal.RegionFactoryInitiator    : HHH000026: Second-level cache disabled
2025-07-06T15:15:06.890+02:00  INFO 22540 --- [backend] [restartedMain] o.s.o.j.p.SpringPersistenceUnitInfo      : No LoadTimeWeaver setup: ignoring JPA class transformer
2025-07-06T15:15:06.913+02:00  INFO 22540 --- [backend] [restartedMain] com.zaxxer.hikari.HikariDataSource       : HikariPool-1 - Starting...
2025-07-06T15:15:07.136+02:00  INFO 22540 --- [backend] [restartedMain] com.zaxxer.hikari.pool.HikariPool        : HikariPool-1 - Added connection org.postgresql.jdbc.PgConnection@1e7a2551
2025-07-06T15:15:07.138+02:00  INFO 22540 --- [backend] [restartedMain] com.zaxxer.hikari.HikariDataSource       : HikariPool-1 - Start completed.
2025-07-06T15:15:07.163+02:00  WARN 22540 --- [backend] [restartedMain] org.hibernate.orm.deprecation            : HHH90000025: PostgreSQLDialect does not need to be specified explicitly using 'hibernate.dialect' (remove the property setting and it will be selected by default)
2025-07-06T15:15:07.175+02:00  INFO 22540 --- [backend] [restartedMain] org.hibernate.orm.connections.pooling    : HHH10001005: Database info:
	Database JDBC URL [Connecting through datasource 'HikariDataSource (HikariPool-1)']
	Database driver: undefined/unknown
	Database version: 17.5
	Autocommit mode: undefined/unknown
	Isolation level: undefined/unknown
	Minimum pool size: undefined/unknown
	Maximum pool size: undefined/unknown
2025-07-06T15:15:07.832+02:00  INFO 22540 --- [backend] [restartedMain] o.h.e.t.j.p.i.JtaPlatformInitiator       : HHH000489: No JTA platform available (set 'hibernate.transaction.jta.platform' to enable JTA platform integration)
2025-07-06T15:15:07.862+02:00  INFO 22540 --- [backend] [restartedMain] j.LocalContainerEntityManagerFactoryBean : Initialized JPA EntityManagerFactory for persistence unit 'default'
2025-07-06T15:15:08.072+02:00  WARN 22540 --- [backend] [restartedMain] ConfigServletWebServerApplicationContext : Exception encountered during context initialization - cancelling refresh attempt: org.springframework.beans.factory.BeanCreationException: Error creating bean with name 'deepSeekService': Injection of autowired dependencies failed
2025-07-06T15:15:08.072+02:00  INFO 22540 --- [backend] [restartedMain] j.LocalContainerEntityManagerFactoryBean : Closing JPA EntityManagerFactory for persistence unit 'default'
2025-07-06T15:15:08.075+02:00  INFO 22540 --- [backend] [restartedMain] com.zaxxer.hikari.HikariDataSource       : HikariPool-1 - Shutdown initiated...
2025-07-06T15:15:08.077+02:00  INFO 22540 --- [backend] [restartedMain] com.zaxxer.hikari.HikariDataSource       : HikariPool-1 - Shutdown completed.
2025-07-06T15:15:08.079+02:00  INFO 22540 --- [backend] [restartedMain] o.apache.catalina.core.StandardService   : Stopping service [Tomcat]
2025-07-06T15:15:08.088+02:00  INFO 22540 --- [backend] [restartedMain] .s.b.a.l.ConditionEvaluationReportLogger : 

Error starting ApplicationContext. To display the condition evaluation report re-run your application with 'debug' enabled.
2025-07-06T15:15:08.103+02:00 ERROR 22540 --- [backend] [restartedMain] o.s.boot.SpringApplication               : Application run failed

org.springframework.beans.factory.BeanCreationException: Error creating bean with name 'deepSeekService': Injection of autowired dependencies failed
	at org.springframework.beans.factory.annotation.AutowiredAnnotationBeanPostProcessor.postProcessProperties(AutowiredAnnotationBeanPostProcessor.java:515) ~[spring-beans-6.2.3.jar:6.2.3]
	at org.springframework.beans.factory.support.AbstractAutowireCapableBeanFactory.populateBean(AbstractAutowireCapableBeanFactory.java:1445) ~[spring-beans-6.2.3.jar:6.2.3]
	at org.springframework.beans.factory.support.AbstractAutowireCapableBeanFactory.doCreateBean(AbstractAutowireCapableBeanFactory.java:600) ~[spring-beans-6.2.3.jar:6.2.3]
	at org.springframework.beans.factory.support.AbstractAutowireCapableBeanFactory.createBean(AbstractAutowireCapableBeanFactory.java:523) ~[spring-beans-6.2.3.jar:6.2.3]
	at org.springframework.beans.factory.support.AbstractBeanFactory.lambda$doGetBean$0(AbstractBeanFactory.java:339) ~[spring-beans-6.2.3.jar:6.2.3]
	at org.springframework.beans.factory.support.DefaultSingletonBeanRegistry.getSingleton(DefaultSingletonBeanRegistry.java:346) ~[spring-beans-6.2.3.jar:6.2.3]
	at org.springframework.beans.factory.support.AbstractBeanFactory.doGetBean(AbstractBeanFactory.java:337) ~[spring-beans-6.2.3.jar:6.2.3]
	at org.springframework.beans.factory.support.AbstractBeanFactory.getBean(AbstractBeanFactory.java:202) ~[spring-beans-6.2.3.jar:6.2.3]
	at org.springframework.beans.factory.support.DefaultListableBeanFactory.instantiateSingleton(DefaultListableBeanFactory.java:1155) ~[spring-beans-6.2.3.jar:6.2.3]
	at org.springframework.beans.factory.support.DefaultListableBeanFactory.preInstantiateSingleton(DefaultListableBeanFactory.java:1121) ~[spring-beans-6.2.3.jar:6.2.3]
	at org.springframework.beans.factory.support.DefaultListableBeanFactory.preInstantiateSingletons(DefaultListableBeanFactory.java:1056) ~[spring-beans-6.2.3.jar:6.2.3]
	at org.springframework.context.support.AbstractApplicationContext.finishBeanFactoryInitialization(AbstractApplicationContext.java:987) ~[spring-context-6.2.3.jar:6.2.3]
	at org.springframework.context.support.AbstractApplicationContext.refresh(AbstractApplicationContext.java:627) ~[spring-context-6.2.3.jar:6.2.3]
	at org.springframework.boot.web.servlet.context.ServletWebServerApplicationContext.refresh(ServletWebServerApplicationContext.java:146) ~[spring-boot-3.4.3.jar:3.4.3]
	at org.springframework.boot.SpringApplication.refresh(SpringApplication.java:752) ~[spring-boot-3.4.3.jar:3.4.3]
	at org.springframework.boot.SpringApplication.refreshContext(SpringApplication.java:439) ~[spring-boot-3.4.3.jar:3.4.3]
	at org.springframework.boot.SpringApplication.run(SpringApplication.java:318) ~[spring-boot-3.4.3.jar:3.4.3]
	at org.springframework.boot.SpringApplication.run(SpringApplication.java:1361) ~[spring-boot-3.4.3.jar:3.4.3]
	at org.springframework.boot.SpringApplication.run(SpringApplication.java:1350) ~[spring-boot-3.4.3.jar:3.4.3]
	at com.luiswiederhold.backend.BackendApplication.main(BackendApplication.java:22) ~[main/:na]
	at java.base/jdk.internal.reflect.NativeMethodAccessorImpl.invoke0(Native Method) ~[na:na]
	at java.base/jdk.internal.reflect.NativeMethodAccessorImpl.invoke(NativeMethodAccessorImpl.java:77) ~[na:na]
	at java.base/jdk.internal.reflect.DelegatingMethodAccessorImpl.invoke(DelegatingMethodAccessorImpl.java:43) ~[na:na]
	at java.base/java.lang.reflect.Method.invoke(Method.java:568) ~[na:na]
	at org.springframework.boot.devtools.restart.RestartLauncher.run(RestartLauncher.java:50) ~[spring-boot-devtools-3.4.3.jar:3.4.3]
Caused by: org.springframework.util.PlaceholderResolutionException: Could not resolve placeholder 'DEEPSEEK_API_KEY' in value "${DEEPSEEK_API_KEY}" <-- "${deepseek.api.key}"
	at org.springframework.util.PlaceholderResolutionException.withValue(PlaceholderResolutionException.java:81) ~[spring-core-6.2.3.jar:6.2.3]
	at org.springframework.util.PlaceholderParser$ParsedValue.resolve(PlaceholderParser.java:423) ~[spring-core-6.2.3.jar:6.2.3]
	at org.springframework.util.PlaceholderParser.replacePlaceholders(PlaceholderParser.java:128) ~[spring-core-6.2.3.jar:6.2.3]
	at org.springframework.util.PropertyPlaceholderHelper.parseStringValue(PropertyPlaceholderHelper.java:118) ~[spring-core-6.2.3.jar:6.2.3]
	at org.springframework.util.PropertyPlaceholderHelper.replacePlaceholders(PropertyPlaceholderHelper.java:114) ~[spring-core-6.2.3.jar:6.2.3]
	at org.springframework.core.env.AbstractPropertyResolver.doResolvePlaceholders(AbstractPropertyResolver.java:255) ~[spring-core-6.2.3.jar:6.2.3]
	at org.springframework.core.env.AbstractPropertyResolver.resolveRequiredPlaceholders(AbstractPropertyResolver.java:226) ~[spring-core-6.2.3.jar:6.2.3]
	at org.springframework.context.support.PropertySourcesPlaceholderConfigurer.lambda$processProperties$0(PropertySourcesPlaceholderConfigurer.java:201) ~[spring-context-6.2.3.jar:6.2.3]
	at org.springframework.beans.factory.support.AbstractBeanFactory.resolveEmbeddedValue(AbstractBeanFactory.java:971) ~[spring-beans-6.2.3.jar:6.2.3]
	at org.springframework.beans.factory.support.DefaultListableBeanFactory.doResolveDependency(DefaultListableBeanFactory.java:1574) ~[spring-beans-6.2.3.jar:6.2.3]
	at org.springframework.beans.factory.support.DefaultListableBeanFactory.resolveDependency(DefaultListableBeanFactory.java:1552) ~[spring-beans-6.2.3.jar:6.2.3]
	at org.springframework.beans.factory.annotation.AutowiredAnnotationBeanPostProcessor$AutowiredFieldElement.resolveFieldValue(AutowiredAnnotationBeanPostProcessor.java:785) ~[spring-beans-6.2.3.jar:6.2.3]
	at org.springframework.beans.factory.annotation.AutowiredAnnotationBeanPostProcessor$AutowiredFieldElement.inject(AutowiredAnnotationBeanPostProcessor.java:768) ~[spring-beans-6.2.3.jar:6.2.3]
	at org.springframework.beans.factory.annotation.InjectionMetadata.inject(InjectionMetadata.java:146) ~[spring-beans-6.2.3.jar:6.2.3]
	at org.springframework.beans.factory.annotation.AutowiredAnnotationBeanPostProcessor.postProcessProperties(AutowiredAnnotationBeanPostProcessor.java:509) ~[spring-beans-6.2.3.jar:6.2.3]
	... 24 common frames omitted

2025-07-06T15:17:24.078+02:00  INFO 12384 --- [backend] [restartedMain] c.l.backend.BackendApplication           : Starting BackendApplication using Java 17.0.9 with PID 12384 (C:\Users\Admin\Desktop\Mathematik Studium\1. Semester\Informatik\Hausaufgaben\stemcards\backend\build\classes\java\main started by Admin in C:\Users\Admin\Desktop\Mathematik Studium\1. Semester\Informatik\Hausaufgaben\stemcards\backend)
2025-07-06T15:17:24.079+02:00  INFO 12384 --- [backend] [restartedMain] c.l.backend.BackendApplication           : The following 1 profile is active: "prod"
2025-07-06T15:17:24.117+02:00  INFO 12384 --- [backend] [restartedMain] .e.DevToolsPropertyDefaultsPostProcessor : Devtools property defaults active! Set 'spring.devtools.add-properties' to 'false' to disable
2025-07-06T15:17:24.117+02:00  INFO 12384 --- [backend] [restartedMain] .e.DevToolsPropertyDefaultsPostProcessor : For additional web related logging consider setting the 'logging.level.web' property to 'DEBUG'
2025-07-06T15:17:24.619+02:00  INFO 12384 --- [backend] [restartedMain] .s.d.r.c.RepositoryConfigurationDelegate : Bootstrapping Spring Data JPA repositories in DEFAULT mode.
2025-07-06T15:17:24.660+02:00  INFO 12384 --- [backend] [restartedMain] .s.d.r.c.RepositoryConfigurationDelegate : Finished Spring Data repository scanning in 35 ms. Found 2 JPA repository interfaces.
2025-07-06T15:17:25.043+02:00  INFO 12384 --- [backend] [restartedMain] o.s.b.w.embedded.tomcat.TomcatWebServer  : Tomcat initialized with port 8080 (http)
2025-07-06T15:17:25.052+02:00  INFO 12384 --- [backend] [restartedMain] o.apache.catalina.core.StandardService   : Starting service [Tomcat]
2025-07-06T15:17:25.053+02:00  INFO 12384 --- [backend] [restartedMain] o.apache.catalina.core.StandardEngine    : Starting Servlet engine: [Apache Tomcat/10.1.36]
2025-07-06T15:17:25.088+02:00  INFO 12384 --- [backend] [restartedMain] o.a.c.c.C.[Tomcat].[localhost].[/]       : Initializing Spring embedded WebApplicationContext
2025-07-06T15:17:25.088+02:00  INFO 12384 --- [backend] [restartedMain] w.s.c.ServletWebServerApplicationContext : Root WebApplicationContext: initialization completed in 971 ms
2025-07-06T15:17:25.194+02:00  INFO 12384 --- [backend] [restartedMain] o.hibernate.jpa.internal.util.LogHelper  : HHH000204: Processing PersistenceUnitInfo [name: default]
2025-07-06T15:17:25.235+02:00  INFO 12384 --- [backend] [restartedMain] org.hibernate.Version                    : HHH000412: Hibernate ORM core version 6.6.8.Final
2025-07-06T15:17:25.262+02:00  INFO 12384 --- [backend] [restartedMain] o.h.c.internal.RegionFactoryInitiator    : HHH000026: Second-level cache disabled
2025-07-06T15:17:25.476+02:00  INFO 12384 --- [backend] [restartedMain] o.s.o.j.p.SpringPersistenceUnitInfo      : No LoadTimeWeaver setup: ignoring JPA class transformer
2025-07-06T15:17:25.499+02:00  INFO 12384 --- [backend] [restartedMain] com.zaxxer.hikari.HikariDataSource       : HikariPool-1 - Starting...
2025-07-06T15:17:25.608+02:00  INFO 12384 --- [backend] [restartedMain] com.zaxxer.hikari.pool.HikariPool        : HikariPool-1 - Added connection org.postgresql.jdbc.PgConnection@3686e8ae
2025-07-06T15:17:25.609+02:00  INFO 12384 --- [backend] [restartedMain] com.zaxxer.hikari.HikariDataSource       : HikariPool-1 - Start completed.
2025-07-06T15:17:25.635+02:00  WARN 12384 --- [backend] [restartedMain] org.hibernate.orm.deprecation            : HHH90000025: PostgreSQLDialect does not need to be specified explicitly using 'hibernate.dialect' (remove the property setting and it will be selected by default)
2025-07-06T15:17:25.648+02:00  INFO 12384 --- [backend] [restartedMain] org.hibernate.orm.connections.pooling    : HHH10001005: Database info:
	Database JDBC URL [Connecting through datasource 'HikariDataSource (HikariPool-1)']
	Database driver: undefined/unknown
	Database version: 17.5
	Autocommit mode: undefined/unknown
	Isolation level: undefined/unknown
	Minimum pool size: undefined/unknown
	Maximum pool size: undefined/unknown
2025-07-06T15:17:26.299+02:00  INFO 12384 --- [backend] [restartedMain] o.h.e.t.j.p.i.JtaPlatformInitiator       : HHH000489: No JTA platform available (set 'hibernate.transaction.jta.platform' to enable JTA platform integration)
2025-07-06T15:17:26.332+02:00  INFO 12384 --- [backend] [restartedMain] j.LocalContainerEntityManagerFactoryBean : Initialized JPA EntityManagerFactory for persistence unit 'default'
2025-07-06T15:17:26.548+02:00  WARN 12384 --- [backend] [restartedMain] ConfigServletWebServerApplicationContext : Exception encountered during context initialization - cancelling refresh attempt: org.springframework.beans.factory.BeanCreationException: Error creating bean with name 'deepSeekService': Injection of autowired dependencies failed
2025-07-06T15:17:26.548+02:00  INFO 12384 --- [backend] [restartedMain] j.LocalContainerEntityManagerFactoryBean : Closing JPA EntityManagerFactory for persistence unit 'default'
2025-07-06T15:17:26.552+02:00  INFO 12384 --- [backend] [restartedMain] com.zaxxer.hikari.HikariDataSource       : HikariPool-1 - Shutdown initiated...
2025-07-06T15:17:26.598+02:00  INFO 12384 --- [backend] [restartedMain] com.zaxxer.hikari.HikariDataSource       : HikariPool-1 - Shutdown completed.
2025-07-06T15:17:26.600+02:00  INFO 12384 --- [backend] [restartedMain] o.apache.catalina.core.StandardService   : Stopping service [Tomcat]
2025-07-06T15:17:26.608+02:00  INFO 12384 --- [backend] [restartedMain] .s.b.a.l.ConditionEvaluationReportLogger : 

Error starting ApplicationContext. To display the condition evaluation report re-run your application with 'debug' enabled.
2025-07-06T15:17:26.622+02:00 ERROR 12384 --- [backend] [restartedMain] o.s.boot.SpringApplication               : Application run failed

org.springframework.beans.factory.BeanCreationException: Error creating bean with name 'deepSeekService': Injection of autowired dependencies failed
	at org.springframework.beans.factory.annotation.AutowiredAnnotationBeanPostProcessor.postProcessProperties(AutowiredAnnotationBeanPostProcessor.java:515) ~[spring-beans-6.2.3.jar:6.2.3]
	at org.springframework.beans.factory.support.AbstractAutowireCapableBeanFactory.populateBean(AbstractAutowireCapableBeanFactory.java:1445) ~[spring-beans-6.2.3.jar:6.2.3]
	at org.springframework.beans.factory.support.AbstractAutowireCapableBeanFactory.doCreateBean(AbstractAutowireCapableBeanFactory.java:600) ~[spring-beans-6.2.3.jar:6.2.3]
	at org.springframework.beans.factory.support.AbstractAutowireCapableBeanFactory.createBean(AbstractAutowireCapableBeanFactory.java:523) ~[spring-beans-6.2.3.jar:6.2.3]
	at org.springframework.beans.factory.support.AbstractBeanFactory.lambda$doGetBean$0(AbstractBeanFactory.java:339) ~[spring-beans-6.2.3.jar:6.2.3]
	at org.springframework.beans.factory.support.DefaultSingletonBeanRegistry.getSingleton(DefaultSingletonBeanRegistry.java:346) ~[spring-beans-6.2.3.jar:6.2.3]
	at org.springframework.beans.factory.support.AbstractBeanFactory.doGetBean(AbstractBeanFactory.java:337) ~[spring-beans-6.2.3.jar:6.2.3]
	at org.springframework.beans.factory.support.AbstractBeanFactory.getBean(AbstractBeanFactory.java:202) ~[spring-beans-6.2.3.jar:6.2.3]
	at org.springframework.beans.factory.support.DefaultListableBeanFactory.instantiateSingleton(DefaultListableBeanFactory.java:1155) ~[spring-beans-6.2.3.jar:6.2.3]
	at org.springframework.beans.factory.support.DefaultListableBeanFactory.preInstantiateSingleton(DefaultListableBeanFactory.java:1121) ~[spring-beans-6.2.3.jar:6.2.3]
	at org.springframework.beans.factory.support.DefaultListableBeanFactory.preInstantiateSingletons(DefaultListableBeanFactory.java:1056) ~[spring-beans-6.2.3.jar:6.2.3]
	at org.springframework.context.support.AbstractApplicationContext.finishBeanFactoryInitialization(AbstractApplicationContext.java:987) ~[spring-context-6.2.3.jar:6.2.3]
	at org.springframework.context.support.AbstractApplicationContext.refresh(AbstractApplicationContext.java:627) ~[spring-context-6.2.3.jar:6.2.3]
	at org.springframework.boot.web.servlet.context.ServletWebServerApplicationContext.refresh(ServletWebServerApplicationContext.java:146) ~[spring-boot-3.4.3.jar:3.4.3]
	at org.springframework.boot.SpringApplication.refresh(SpringApplication.java:752) ~[spring-boot-3.4.3.jar:3.4.3]
	at org.springframework.boot.SpringApplication.refreshContext(SpringApplication.java:439) ~[spring-boot-3.4.3.jar:3.4.3]
	at org.springframework.boot.SpringApplication.run(SpringApplication.java:318) ~[spring-boot-3.4.3.jar:3.4.3]
	at org.springframework.boot.SpringApplication.run(SpringApplication.java:1361) ~[spring-boot-3.4.3.jar:3.4.3]
	at org.springframework.boot.SpringApplication.run(SpringApplication.java:1350) ~[spring-boot-3.4.3.jar:3.4.3]
	at com.luiswiederhold.backend.BackendApplication.main(BackendApplication.java:23) ~[main/:na]
	at java.base/jdk.internal.reflect.NativeMethodAccessorImpl.invoke0(Native Method) ~[na:na]
	at java.base/jdk.internal.reflect.NativeMethodAccessorImpl.invoke(NativeMethodAccessorImpl.java:77) ~[na:na]
	at java.base/jdk.internal.reflect.DelegatingMethodAccessorImpl.invoke(DelegatingMethodAccessorImpl.java:43) ~[na:na]
	at java.base/java.lang.reflect.Method.invoke(Method.java:568) ~[na:na]
	at org.springframework.boot.devtools.restart.RestartLauncher.run(RestartLauncher.java:50) ~[spring-boot-devtools-3.4.3.jar:3.4.3]
Caused by: org.springframework.util.PlaceholderResolutionException: Could not resolve placeholder 'DEEPSEEK_API_KEY' in value "${DEEPSEEK_API_KEY}" <-- "${deepseek.api.key}"
	at org.springframework.util.PlaceholderResolutionException.withValue(PlaceholderResolutionException.java:81) ~[spring-core-6.2.3.jar:6.2.3]
	at org.springframework.util.PlaceholderParser$ParsedValue.resolve(PlaceholderParser.java:423) ~[spring-core-6.2.3.jar:6.2.3]
	at org.springframework.util.PlaceholderParser.replacePlaceholders(PlaceholderParser.java:128) ~[spring-core-6.2.3.jar:6.2.3]
	at org.springframework.util.PropertyPlaceholderHelper.parseStringValue(PropertyPlaceholderHelper.java:118) ~[spring-core-6.2.3.jar:6.2.3]
	at org.springframework.util.PropertyPlaceholderHelper.replacePlaceholders(PropertyPlaceholderHelper.java:114) ~[spring-core-6.2.3.jar:6.2.3]
	at org.springframework.core.env.AbstractPropertyResolver.doResolvePlaceholders(AbstractPropertyResolver.java:255) ~[spring-core-6.2.3.jar:6.2.3]
	at org.springframework.core.env.AbstractPropertyResolver.resolveRequiredPlaceholders(AbstractPropertyResolver.java:226) ~[spring-core-6.2.3.jar:6.2.3]
	at org.springframework.context.support.PropertySourcesPlaceholderConfigurer.lambda$processProperties$0(PropertySourcesPlaceholderConfigurer.java:201) ~[spring-context-6.2.3.jar:6.2.3]
	at org.springframework.beans.factory.support.AbstractBeanFactory.resolveEmbeddedValue(AbstractBeanFactory.java:971) ~[spring-beans-6.2.3.jar:6.2.3]
	at org.springframework.beans.factory.support.DefaultListableBeanFactory.doResolveDependency(DefaultListableBeanFactory.java:1574) ~[spring-beans-6.2.3.jar:6.2.3]
	at org.springframework.beans.factory.support.DefaultListableBeanFactory.resolveDependency(DefaultListableBeanFactory.java:1552) ~[spring-beans-6.2.3.jar:6.2.3]
	at org.springframework.beans.factory.annotation.AutowiredAnnotationBeanPostProcessor$AutowiredFieldElement.resolveFieldValue(AutowiredAnnotationBeanPostProcessor.java:785) ~[spring-beans-6.2.3.jar:6.2.3]
	at org.springframework.beans.factory.annotation.AutowiredAnnotationBeanPostProcessor$AutowiredFieldElement.inject(AutowiredAnnotationBeanPostProcessor.java:768) ~[spring-beans-6.2.3.jar:6.2.3]
	at org.springframework.beans.factory.annotation.InjectionMetadata.inject(InjectionMetadata.java:146) ~[spring-beans-6.2.3.jar:6.2.3]
	at org.springframework.beans.factory.annotation.AutowiredAnnotationBeanPostProcessor.postProcessProperties(AutowiredAnnotationBeanPostProcessor.java:509) ~[spring-beans-6.2.3.jar:6.2.3]
	... 24 common frames omitted

2025-07-06T15:19:39.533+02:00  INFO 7996 --- [backend] [restartedMain] c.l.backend.BackendApplication           : Starting BackendApplication using Java 17.0.9 with PID 7996 (C:\Users\Admin\Desktop\Mathematik Studium\1. Semester\Informatik\Hausaufgaben\stemcards\backend\build\classes\java\main started by Admin in C:\Users\Admin\Desktop\Mathematik Studium\1. Semester\Informatik\Hausaufgaben\stemcards\backend)
2025-07-06T15:19:39.536+02:00  INFO 7996 --- [backend] [restartedMain] c.l.backend.BackendApplication           : The following 1 profile is active: "prod"
2025-07-06T15:19:39.586+02:00  INFO 7996 --- [backend] [restartedMain] .e.DevToolsPropertyDefaultsPostProcessor : Devtools property defaults active! Set 'spring.devtools.add-properties' to 'false' to disable
2025-07-06T15:19:39.586+02:00  INFO 7996 --- [backend] [restartedMain] .e.DevToolsPropertyDefaultsPostProcessor : For additional web related logging consider setting the 'logging.level.web' property to 'DEBUG'
2025-07-06T15:19:40.385+02:00  INFO 7996 --- [backend] [restartedMain] .s.d.r.c.RepositoryConfigurationDelegate : Bootstrapping Spring Data JPA repositories in DEFAULT mode.
2025-07-06T15:19:40.435+02:00  INFO 7996 --- [backend] [restartedMain] .s.d.r.c.RepositoryConfigurationDelegate : Finished Spring Data repository scanning in 41 ms. Found 2 JPA repository interfaces.
2025-07-06T15:19:40.958+02:00  INFO 7996 --- [backend] [restartedMain] o.s.b.w.embedded.tomcat.TomcatWebServer  : Tomcat initialized with port 8080 (http)
2025-07-06T15:19:40.970+02:00  INFO 7996 --- [backend] [restartedMain] o.apache.catalina.core.StandardService   : Starting service [Tomcat]
2025-07-06T15:19:40.970+02:00  INFO 7996 --- [backend] [restartedMain] o.apache.catalina.core.StandardEngine    : Starting Servlet engine: [Apache Tomcat/10.1.36]
2025-07-06T15:19:41.015+02:00  INFO 7996 --- [backend] [restartedMain] o.a.c.c.C.[Tomcat].[localhost].[/]       : Initializing Spring embedded WebApplicationContext
2025-07-06T15:19:41.016+02:00  INFO 7996 --- [backend] [restartedMain] w.s.c.ServletWebServerApplicationContext : Root WebApplicationContext: initialization completed in 1429 ms
2025-07-06T15:19:41.160+02:00  INFO 7996 --- [backend] [restartedMain] o.hibernate.jpa.internal.util.LogHelper  : HHH000204: Processing PersistenceUnitInfo [name: default]
2025-07-06T15:19:41.219+02:00  INFO 7996 --- [backend] [restartedMain] org.hibernate.Version                    : HHH000412: Hibernate ORM core version 6.6.8.Final
2025-07-06T15:19:41.256+02:00  INFO 7996 --- [backend] [restartedMain] o.h.c.internal.RegionFactoryInitiator    : HHH000026: Second-level cache disabled
2025-07-06T15:19:41.589+02:00  INFO 7996 --- [backend] [restartedMain] o.s.o.j.p.SpringPersistenceUnitInfo      : No LoadTimeWeaver setup: ignoring JPA class transformer
2025-07-06T15:19:41.689+02:00  INFO 7996 --- [backend] [restartedMain] com.zaxxer.hikari.HikariDataSource       : HikariPool-1 - Starting...
2025-07-06T15:19:41.945+02:00  INFO 7996 --- [backend] [restartedMain] com.zaxxer.hikari.pool.HikariPool        : HikariPool-1 - Added connection org.postgresql.jdbc.PgConnection@7fef52dc
2025-07-06T15:19:41.947+02:00  INFO 7996 --- [backend] [restartedMain] com.zaxxer.hikari.HikariDataSource       : HikariPool-1 - Start completed.
2025-07-06T15:19:41.985+02:00  WARN 7996 --- [backend] [restartedMain] org.hibernate.orm.deprecation            : HHH90000025: PostgreSQLDialect does not need to be specified explicitly using 'hibernate.dialect' (remove the property setting and it will be selected by default)
2025-07-06T15:19:42.005+02:00  INFO 7996 --- [backend] [restartedMain] org.hibernate.orm.connections.pooling    : HHH10001005: Database info:
	Database JDBC URL [Connecting through datasource 'HikariDataSource (HikariPool-1)']
	Database driver: undefined/unknown
	Database version: 17.5
	Autocommit mode: undefined/unknown
	Isolation level: undefined/unknown
	Minimum pool size: undefined/unknown
	Maximum pool size: undefined/unknown
2025-07-06T15:19:42.767+02:00  INFO 7996 --- [backend] [restartedMain] o.h.e.t.j.p.i.JtaPlatformInitiator       : HHH000489: No JTA platform available (set 'hibernate.transaction.jta.platform' to enable JTA platform integration)
2025-07-06T15:19:42.800+02:00  INFO 7996 --- [backend] [restartedMain] j.LocalContainerEntityManagerFactoryBean : Initialized JPA EntityManagerFactory for persistence unit 'default'
2025-07-06T15:19:43.047+02:00  INFO 7996 --- [backend] [restartedMain] o.s.d.j.r.query.QueryEnhancerFactory     : Hibernate is in classpath; If applicable, HQL parser will be used.
2025-07-06T15:19:43.100+02:00  WARN 7996 --- [backend] [restartedMain] JpaBaseConfiguration$JpaWebConfiguration : spring.jpa.open-in-view is enabled by default. Therefore, database queries may be performed during view rendering. Explicitly configure spring.jpa.open-in-view to disable this warning
2025-07-06T15:19:43.109+02:00 TRACE 7996 --- [backend] [restartedMain] eGlobalAuthenticationAutowiredConfigurer : Eagerly initializing {securityConfig=com.luiswiederhold.backend.security.SecurityConfig$$SpringCGLIB$$0@4c9765a3}
2025-07-06T15:19:43.110+02:00  INFO 7996 --- [backend] [restartedMain] eAuthenticationProviderManagerConfigurer : Found 2 AuthenticationProvider beans, with names [rememberMeAuthenticationProvider, daoAuthenticationProvider]. Global Authentication Manager will not be configured with AuthenticationProviders. Consider publishing a single AuthenticationProvider bean, or wiring your Providers directly using the DSL.
2025-07-06T15:19:43.114+02:00  INFO 7996 --- [backend] [restartedMain] r$InitializeUserDetailsManagerConfigurer : Global AuthenticationManager configured with UserDetailsService bean with name customUserDetailsService
2025-07-06T15:19:43.312+02:00 DEBUG 7996 --- [backend] [restartedMain] o.s.s.web.DefaultSecurityFilterChain     : Will secure any request with filters: DisableEncodeUrlFilter, WebAsyncManagerIntegrationFilter, SecurityContextHolderFilter, HeaderWriterFilter, LogoutFilter, UsernamePasswordAuthenticationFilter, DefaultResourcesFilter, DefaultLoginPageGeneratingFilter, DefaultLogoutPageGeneratingFilter, BasicAuthenticationFilter, RequestCacheAwareFilter, SecurityContextHolderAwareRequestFilter, RememberMeAuthenticationFilter, AnonymousAuthenticationFilter, ExceptionTranslationFilter
2025-07-06T15:19:43.474+02:00  INFO 7996 --- [backend] [restartedMain] o.s.b.d.a.OptionalLiveReloadServer       : LiveReload server is running on port 35729
2025-07-06T15:19:43.499+02:00  INFO 7996 --- [backend] [restartedMain] o.s.b.w.embedded.tomcat.TomcatWebServer  : Tomcat started on port 8080 (http) with context path '/'
2025-07-06T15:19:43.506+02:00  INFO 7996 --- [backend] [restartedMain] c.l.backend.BackendApplication           : Started BackendApplication in 4.426 seconds (process running for 4.938)
2025-07-06T15:20:30.144+02:00  INFO 7996 --- [backend] [http-nio-8080-exec-1] o.a.c.c.C.[Tomcat].[localhost].[/]       : Initializing Spring DispatcherServlet 'dispatcherServlet'
2025-07-06T15:20:30.144+02:00  INFO 7996 --- [backend] [http-nio-8080-exec-1] o.s.web.servlet.DispatcherServlet        : Initializing Servlet 'dispatcherServlet'
2025-07-06T15:20:30.145+02:00  INFO 7996 --- [backend] [http-nio-8080-exec-1] o.s.web.servlet.DispatcherServlet        : Completed initialization in 0 ms
2025-07-06T15:20:30.158+02:00 TRACE 7996 --- [backend] [http-nio-8080-exec-1] o.s.security.web.FilterChainProxy        : Trying to match request against DefaultSecurityFilterChain defined as 'filterChain' in [class path resource [com/luiswiederhold/backend/security/SecurityConfig.class]] matching [any request] and having filters [DisableEncodeUrl, WebAsyncManagerIntegration, SecurityContextHolder, HeaderWriter, Logout, UsernamePasswordAuthentication, DefaultResources, DefaultLoginPageGenerating, DefaultLogoutPageGenerating, BasicAuthentication, RequestCacheAware, SecurityContextHolderAwareRequest, RememberMeAuthentication, AnonymousAuthentication, ExceptionTranslation] (1/1)
2025-07-06T15:20:30.159+02:00 DEBUG 7996 --- [backend] [http-nio-8080-exec-1] o.s.security.web.FilterChainProxy        : Securing OPTIONS /flashcards/create
2025-07-06T15:20:30.159+02:00 TRACE 7996 --- [backend] [http-nio-8080-exec-1] o.s.security.web.FilterChainProxy        : Invoking DisableEncodeUrlFilter (1/15)
2025-07-06T15:20:30.160+02:00 TRACE 7996 --- [backend] [http-nio-8080-exec-1] o.s.security.web.FilterChainProxy        : Invoking WebAsyncManagerIntegrationFilter (2/15)
2025-07-06T15:20:30.162+02:00 TRACE 7996 --- [backend] [http-nio-8080-exec-1] o.s.security.web.FilterChainProxy        : Invoking SecurityContextHolderFilter (3/15)
2025-07-06T15:20:30.162+02:00 TRACE 7996 --- [backend] [http-nio-8080-exec-1] o.s.security.web.FilterChainProxy        : Invoking HeaderWriterFilter (4/15)
2025-07-06T15:20:30.163+02:00 TRACE 7996 --- [backend] [http-nio-8080-exec-1] o.s.security.web.FilterChainProxy        : Invoking LogoutFilter (5/15)
2025-07-06T15:20:30.164+02:00 TRACE 7996 --- [backend] [http-nio-8080-exec-1] o.s.s.w.a.logout.LogoutFilter            : Did not match request to Or [Ant [pattern='/logout', GET], Ant [pattern='/logout', POST], Ant [pattern='/logout', PUT], Ant [pattern='/logout', DELETE]]
2025-07-06T15:20:30.164+02:00 TRACE 7996 --- [backend] [http-nio-8080-exec-1] o.s.security.web.FilterChainProxy        : Invoking UsernamePasswordAuthenticationFilter (6/15)
2025-07-06T15:20:30.164+02:00 TRACE 7996 --- [backend] [http-nio-8080-exec-1] w.a.UsernamePasswordAuthenticationFilter : Did not match request to Ant [pattern='/login', POST]
2025-07-06T15:20:30.164+02:00 TRACE 7996 --- [backend] [http-nio-8080-exec-1] o.s.security.web.FilterChainProxy        : Invoking DefaultResourcesFilter (7/15)
2025-07-06T15:20:30.164+02:00 TRACE 7996 --- [backend] [http-nio-8080-exec-1] o.s.security.web.FilterChainProxy        : Invoking DefaultLoginPageGeneratingFilter (8/15)
2025-07-06T15:20:30.164+02:00 TRACE 7996 --- [backend] [http-nio-8080-exec-1] o.s.security.web.FilterChainProxy        : Invoking DefaultLogoutPageGeneratingFilter (9/15)
2025-07-06T15:20:30.164+02:00 TRACE 7996 --- [backend] [http-nio-8080-exec-1] .w.a.u.DefaultLogoutPageGeneratingFilter : Did not render default logout page since request did not match [Ant [pattern='/logout', GET]]
2025-07-06T15:20:30.164+02:00 TRACE 7996 --- [backend] [http-nio-8080-exec-1] o.s.security.web.FilterChainProxy        : Invoking BasicAuthenticationFilter (10/15)
2025-07-06T15:20:30.164+02:00 TRACE 7996 --- [backend] [http-nio-8080-exec-1] o.s.s.w.a.www.BasicAuthenticationFilter  : Did not process authentication request since failed to find username and password in Basic Authorization header
2025-07-06T15:20:30.164+02:00 TRACE 7996 --- [backend] [http-nio-8080-exec-1] o.s.security.web.FilterChainProxy        : Invoking RequestCacheAwareFilter (11/15)
2025-07-06T15:20:30.164+02:00 TRACE 7996 --- [backend] [http-nio-8080-exec-1] o.s.s.w.s.HttpSessionRequestCache        : matchingRequestParameterName is required for getMatchingRequest to lookup a value, but not provided
2025-07-06T15:20:30.165+02:00 TRACE 7996 --- [backend] [http-nio-8080-exec-1] o.s.security.web.FilterChainProxy        : Invoking SecurityContextHolderAwareRequestFilter (12/15)
2025-07-06T15:20:30.165+02:00 TRACE 7996 --- [backend] [http-nio-8080-exec-1] o.s.security.web.FilterChainProxy        : Invoking RememberMeAuthenticationFilter (13/15)
2025-07-06T15:20:30.166+02:00 TRACE 7996 --- [backend] [http-nio-8080-exec-1] w.c.HttpSessionSecurityContextRepository : No HttpSession currently exists
2025-07-06T15:20:30.166+02:00 TRACE 7996 --- [backend] [http-nio-8080-exec-1] .s.s.w.c.SupplierDeferredSecurityContext : Created SecurityContextImpl [Null authentication]
2025-07-06T15:20:30.166+02:00 TRACE 7996 --- [backend] [http-nio-8080-exec-1] .s.s.w.c.SupplierDeferredSecurityContext : Created SecurityContextImpl [Null authentication]
2025-07-06T15:20:30.166+02:00 TRACE 7996 --- [backend] [http-nio-8080-exec-1] o.s.security.web.FilterChainProxy        : Invoking AnonymousAuthenticationFilter (14/15)
2025-07-06T15:20:30.166+02:00 TRACE 7996 --- [backend] [http-nio-8080-exec-1] o.s.security.web.FilterChainProxy        : Invoking ExceptionTranslationFilter (15/15)
2025-07-06T15:20:30.167+02:00 DEBUG 7996 --- [backend] [http-nio-8080-exec-1] o.s.security.web.FilterChainProxy        : Secured OPTIONS /flashcards/create
2025-07-06T15:20:30.185+02:00 TRACE 7996 --- [backend] [http-nio-8080-exec-1] o.s.s.w.a.AnonymousAuthenticationFilter  : Set SecurityContextHolder to AnonymousAuthenticationToken [Principal=anonymousUser, Credentials=[PROTECTED], Authenticated=true, Details=WebAuthenticationDetails [RemoteIpAddress=0:0:0:0:0:0:0:1, SessionId=null], Granted Authorities=[ROLE_ANONYMOUS]]
2025-07-06T15:20:30.186+02:00 TRACE 7996 --- [backend] [http-nio-8080-exec-1] o.s.s.w.header.writers.HstsHeaderWriter  : Not injecting HSTS header since it did not match request to [Is Secure]
2025-07-06T15:20:30.190+02:00 TRACE 7996 --- [backend] [http-nio-8080-exec-2] o.s.security.web.FilterChainProxy        : Trying to match request against DefaultSecurityFilterChain defined as 'filterChain' in [class path resource [com/luiswiederhold/backend/security/SecurityConfig.class]] matching [any request] and having filters [DisableEncodeUrl, WebAsyncManagerIntegration, SecurityContextHolder, HeaderWriter, Logout, UsernamePasswordAuthentication, DefaultResources, DefaultLoginPageGenerating, DefaultLogoutPageGenerating, BasicAuthentication, RequestCacheAware, SecurityContextHolderAwareRequest, RememberMeAuthentication, AnonymousAuthentication, ExceptionTranslation] (1/1)
2025-07-06T15:20:30.190+02:00 DEBUG 7996 --- [backend] [http-nio-8080-exec-2] o.s.security.web.FilterChainProxy        : Securing POST /flashcards/create
2025-07-06T15:20:30.190+02:00 TRACE 7996 --- [backend] [http-nio-8080-exec-2] o.s.security.web.FilterChainProxy        : Invoking DisableEncodeUrlFilter (1/15)
2025-07-06T15:20:30.190+02:00 TRACE 7996 --- [backend] [http-nio-8080-exec-2] o.s.security.web.FilterChainProxy        : Invoking WebAsyncManagerIntegrationFilter (2/15)
2025-07-06T15:20:30.190+02:00 TRACE 7996 --- [backend] [http-nio-8080-exec-2] o.s.security.web.FilterChainProxy        : Invoking SecurityContextHolderFilter (3/15)
2025-07-06T15:20:30.190+02:00 TRACE 7996 --- [backend] [http-nio-8080-exec-2] o.s.security.web.FilterChainProxy        : Invoking HeaderWriterFilter (4/15)
2025-07-06T15:20:30.190+02:00 TRACE 7996 --- [backend] [http-nio-8080-exec-2] o.s.security.web.FilterChainProxy        : Invoking LogoutFilter (5/15)
2025-07-06T15:20:30.190+02:00 TRACE 7996 --- [backend] [http-nio-8080-exec-2] o.s.s.w.a.logout.LogoutFilter            : Did not match request to Or [Ant [pattern='/logout', GET], Ant [pattern='/logout', POST], Ant [pattern='/logout', PUT], Ant [pattern='/logout', DELETE]]
2025-07-06T15:20:30.191+02:00 TRACE 7996 --- [backend] [http-nio-8080-exec-2] o.s.security.web.FilterChainProxy        : Invoking UsernamePasswordAuthenticationFilter (6/15)
2025-07-06T15:20:30.191+02:00 TRACE 7996 --- [backend] [http-nio-8080-exec-2] w.a.UsernamePasswordAuthenticationFilter : Did not match request to Ant [pattern='/login', POST]
2025-07-06T15:20:30.191+02:00 TRACE 7996 --- [backend] [http-nio-8080-exec-2] o.s.security.web.FilterChainProxy        : Invoking DefaultResourcesFilter (7/15)
2025-07-06T15:20:30.191+02:00 TRACE 7996 --- [backend] [http-nio-8080-exec-2] o.s.security.web.FilterChainProxy        : Invoking DefaultLoginPageGeneratingFilter (8/15)
2025-07-06T15:20:30.191+02:00 TRACE 7996 --- [backend] [http-nio-8080-exec-2] o.s.security.web.FilterChainProxy        : Invoking DefaultLogoutPageGeneratingFilter (9/15)
2025-07-06T15:20:30.191+02:00 TRACE 7996 --- [backend] [http-nio-8080-exec-2] .w.a.u.DefaultLogoutPageGeneratingFilter : Did not render default logout page since request did not match [Ant [pattern='/logout', GET]]
2025-07-06T15:20:30.191+02:00 TRACE 7996 --- [backend] [http-nio-8080-exec-2] o.s.security.web.FilterChainProxy        : Invoking BasicAuthenticationFilter (10/15)
2025-07-06T15:20:30.191+02:00 TRACE 7996 --- [backend] [http-nio-8080-exec-2] o.s.s.w.a.www.BasicAuthenticationFilter  : Found username 'wiederhold.luis@gmx.de' in Basic Authorization header
2025-07-06T15:20:30.191+02:00 TRACE 7996 --- [backend] [http-nio-8080-exec-2] w.c.HttpSessionSecurityContextRepository : No HttpSession currently exists
2025-07-06T15:20:30.191+02:00 TRACE 7996 --- [backend] [http-nio-8080-exec-2] .s.s.w.c.SupplierDeferredSecurityContext : Created SecurityContextImpl [Null authentication]
2025-07-06T15:20:30.192+02:00 TRACE 7996 --- [backend] [http-nio-8080-exec-2] .s.s.w.c.SupplierDeferredSecurityContext : Created SecurityContextImpl [Null authentication]
2025-07-06T15:20:30.192+02:00 TRACE 7996 --- [backend] [http-nio-8080-exec-2] o.s.s.authentication.ProviderManager     : Authenticating request with DaoAuthenticationProvider (1/1)
2025-07-06T15:20:30.263+02:00  INFO 7996 --- [backend] [http-nio-8080-exec-2] c.l.b.user.CustomUserDetailsService      : Loading user by email: wiederhold.luis@gmx.de
2025-07-06T15:20:30.364+02:00 DEBUG 7996 --- [backend] [http-nio-8080-exec-2] org.hibernate.SQL                        : select u1_0.id,u1_0.email,u1_0.lastname,u1_0.password,u1_0.privilege,u1_0.surname from users u1_0 where u1_0.email=?
2025-07-06T15:20:30.392+02:00  INFO 7996 --- [backend] [http-nio-8080-exec-2] c.l.b.user.CustomUserDetailsService      : Success, found user: User{id=1, email='wiederhold.luis@gmx.de', password='$2a$10$w73YZiDA98mnZurQ.8FkSu5MZ0idsbbAFnhsMQu7RUuO8jEKV4fQG', surname='luis', lastname='wiederhold'}
2025-07-06T15:20:30.461+02:00 DEBUG 7996 --- [backend] [http-nio-8080-exec-2] o.s.s.a.dao.DaoAuthenticationProvider    : Authenticated user
2025-07-06T15:20:30.462+02:00 DEBUG 7996 --- [backend] [http-nio-8080-exec-2] o.s.s.w.a.www.BasicAuthenticationFilter  : Set SecurityContextHolder to UsernamePasswordAuthenticationToken [Principal=org.springframework.security.core.userdetails.User [Username=wiederhold.luis@gmx.de, Password=[PROTECTED], Enabled=true, AccountNonExpired=true, CredentialsNonExpired=true, AccountNonLocked=true, Granted Authorities=[]], Credentials=[PROTECTED], Authenticated=true, Details=WebAuthenticationDetails [RemoteIpAddress=0:0:0:0:0:0:0:1, SessionId=null], Granted Authorities=[]]
2025-07-06T15:20:30.481+02:00 DEBUG 7996 --- [backend] [http-nio-8080-exec-2] o.s.s.w.a.r.TokenBasedRememberMeServices : Did not send remember-me cookie (principal did not set parameter 'remember-me')
2025-07-06T15:20:30.481+02:00 DEBUG 7996 --- [backend] [http-nio-8080-exec-2] o.s.s.w.a.r.TokenBasedRememberMeServices : Remember-me login not requested.
2025-07-06T15:20:30.481+02:00 TRACE 7996 --- [backend] [http-nio-8080-exec-2] o.s.security.web.FilterChainProxy        : Invoking RequestCacheAwareFilter (11/15)
2025-07-06T15:20:30.481+02:00 TRACE 7996 --- [backend] [http-nio-8080-exec-2] o.s.s.w.s.HttpSessionRequestCache        : matchingRequestParameterName is required for getMatchingRequest to lookup a value, but not provided
2025-07-06T15:20:30.481+02:00 TRACE 7996 --- [backend] [http-nio-8080-exec-2] o.s.security.web.FilterChainProxy        : Invoking SecurityContextHolderAwareRequestFilter (12/15)
2025-07-06T15:20:30.481+02:00 TRACE 7996 --- [backend] [http-nio-8080-exec-2] o.s.security.web.FilterChainProxy        : Invoking RememberMeAuthenticationFilter (13/15)
2025-07-06T15:20:30.482+02:00 DEBUG 7996 --- [backend] [http-nio-8080-exec-2] s.s.w.a.r.RememberMeAuthenticationFilter : SecurityContextHolder not populated with remember-me token, as it already contained: 'UsernamePasswordAuthenticationToken [Principal=org.springframework.security.core.userdetails.User [Username=wiederhold.luis@gmx.de, Password=[PROTECTED], Enabled=true, AccountNonExpired=true, CredentialsNonExpired=true, AccountNonLocked=true, Granted Authorities=[]], Credentials=[PROTECTED], Authenticated=true, Details=WebAuthenticationDetails [RemoteIpAddress=0:0:0:0:0:0:0:1, SessionId=null], Granted Authorities=[]]'
2025-07-06T15:20:30.482+02:00 TRACE 7996 --- [backend] [http-nio-8080-exec-2] o.s.security.web.FilterChainProxy        : Invoking AnonymousAuthenticationFilter (14/15)
2025-07-06T15:20:30.482+02:00 TRACE 7996 --- [backend] [http-nio-8080-exec-2] o.s.security.web.FilterChainProxy        : Invoking ExceptionTranslationFilter (15/15)
2025-07-06T15:20:30.482+02:00 DEBUG 7996 --- [backend] [http-nio-8080-exec-2] o.s.security.web.FilterChainProxy        : Secured POST /flashcards/create
2025-07-06T15:20:30.558+02:00 DEBUG 7996 --- [backend] [http-nio-8080-exec-2] c.l.backend.flashcards.FlashcardService  : Generating next free flashcard ID
2025-07-06T15:20:30.579+02:00 DEBUG 7996 --- [backend] [http-nio-8080-exec-2] org.hibernate.SQL                        : SELECT nextval('flashcard_sequence')
2025-07-06T15:20:30.586+02:00 DEBUG 7996 --- [backend] [http-nio-8080-exec-2] c.l.backend.flashcards.FlashcardService  : Next free flashcard ID is: 4
2025-07-06T15:20:30.588+02:00 DEBUG 7996 --- [backend] [http-nio-8080-exec-2] c.l.b.flashcards.FlashCardController     : questionImage is not null, trying to convert it to latex and store it afterwards...
2025-07-06T15:20:30.938+02:00 TRACE 7996 --- [backend] [http-nio-8080-exec-2] o.s.s.w.a.AnonymousAuthenticationFilter  : Did not set SecurityContextHolder since already authenticated UsernamePasswordAuthenticationToken [Principal=org.springframework.security.core.userdetails.User [Username=wiederhold.luis@gmx.de, Password=[PROTECTED], Enabled=true, AccountNonExpired=true, CredentialsNonExpired=true, AccountNonLocked=true, Granted Authorities=[]], Credentials=[PROTECTED], Authenticated=true, Details=WebAuthenticationDetails [RemoteIpAddress=0:0:0:0:0:0:0:1, SessionId=null], Granted Authorities=[]]
2025-07-06T15:20:30.938+02:00 TRACE 7996 --- [backend] [http-nio-8080-exec-2] o.s.s.w.header.writers.HstsHeaderWriter  : Not injecting HSTS header since it did not match request to [Is Secure]
2025-07-06T15:20:30.939+02:00 ERROR 7996 --- [backend] [http-nio-8080-exec-2] o.a.c.c.C.[.[.[/].[dispatcherServlet]    : Servlet.service() for servlet [dispatcherServlet] in context with path [] threw exception [Request processing failed: java.lang.RuntimeException: org.springframework.web.client.HttpClientErrorException$NotFound: 404 Not Found on POST request for "https://api.deepseek.com/detect-latex": "{<EOL>  "error_msg": "Not Found. Please check the configuration."<EOL>}"] with root cause

org.springframework.web.client.HttpClientErrorException$NotFound: 404 Not Found on POST request for "https://api.deepseek.com/detect-latex": "{<EOL>  "error_msg": "Not Found. Please check the configuration."<EOL>}"
	at org.springframework.web.client.HttpClientErrorException.create(HttpClientErrorException.java:112) ~[spring-web-6.2.3.jar:6.2.3]
	at org.springframework.web.client.DefaultResponseErrorHandler.handleError(DefaultResponseErrorHandler.java:186) ~[spring-web-6.2.3.jar:6.2.3]
	at org.springframework.web.client.DefaultResponseErrorHandler.handleError(DefaultResponseErrorHandler.java:147) ~[spring-web-6.2.3.jar:6.2.3]
	at org.springframework.web.client.RestTemplate.handleResponse(RestTemplate.java:952) ~[spring-web-6.2.3.jar:6.2.3]
	at org.springframework.web.client.RestTemplate.doExecute(RestTemplate.java:901) ~[spring-web-6.2.3.jar:6.2.3]
	at org.springframework.web.client.RestTemplate.execute(RestTemplate.java:800) ~[spring-web-6.2.3.jar:6.2.3]
	at org.springframework.web.client.RestTemplate.exchange(RestTemplate.java:682) ~[spring-web-6.2.3.jar:6.2.3]
	at com.luiswiederhold.backend.flashcards.MathPixService.detectLatexFromSvg(DeepSeekService.java:37) ~[main/:na]
	at com.luiswiederhold.backend.flashcards.FlashCardController.createNewFlashcard(FlashCardController.java:64) ~[main/:na]
	at java.base/jdk.internal.reflect.NativeMethodAccessorImpl.invoke0(Native Method) ~[na:na]
	at java.base/jdk.internal.reflect.NativeMethodAccessorImpl.invoke(NativeMethodAccessorImpl.java:77) ~[na:na]
	at java.base/jdk.internal.reflect.DelegatingMethodAccessorImpl.invoke(DelegatingMethodAccessorImpl.java:43) ~[na:na]
	at java.base/java.lang.reflect.Method.invoke(Method.java:568) ~[na:na]
	at org.springframework.web.method.support.InvocableHandlerMethod.doInvoke(InvocableHandlerMethod.java:257) ~[spring-web-6.2.3.jar:6.2.3]
	at org.springframework.web.method.support.InvocableHandlerMethod.invokeForRequest(InvocableHandlerMethod.java:190) ~[spring-web-6.2.3.jar:6.2.3]
	at org.springframework.web.servlet.mvc.method.annotation.ServletInvocableHandlerMethod.invokeAndHandle(ServletInvocableHandlerMethod.java:118) ~[spring-webmvc-6.2.3.jar:6.2.3]
	at org.springframework.web.servlet.mvc.method.annotation.RequestMappingHandlerAdapter.invokeHandlerMethod(RequestMappingHandlerAdapter.java:986) ~[spring-webmvc-6.2.3.jar:6.2.3]
	at org.springframework.web.servlet.mvc.method.annotation.RequestMappingHandlerAdapter.handleInternal(RequestMappingHandlerAdapter.java:891) ~[spring-webmvc-6.2.3.jar:6.2.3]
	at org.springframework.web.servlet.mvc.method.AbstractHandlerMethodAdapter.handle(AbstractHandlerMethodAdapter.java:87) ~[spring-webmvc-6.2.3.jar:6.2.3]
	at org.springframework.web.servlet.DispatcherServlet.doDispatch(DispatcherServlet.java:1088) ~[spring-webmvc-6.2.3.jar:6.2.3]
	at org.springframework.web.servlet.DispatcherServlet.doService(DispatcherServlet.java:978) ~[spring-webmvc-6.2.3.jar:6.2.3]
	at org.springframework.web.servlet.FrameworkServlet.processRequest(FrameworkServlet.java:1014) ~[spring-webmvc-6.2.3.jar:6.2.3]
	at org.springframework.web.servlet.FrameworkServlet.doPost(FrameworkServlet.java:914) ~[spring-webmvc-6.2.3.jar:6.2.3]
	at jakarta.servlet.http.HttpServlet.service(HttpServlet.java:590) ~[tomcat-embed-core-10.1.36.jar:6.0]
	at org.springframework.web.servlet.FrameworkServlet.service(FrameworkServlet.java:885) ~[spring-webmvc-6.2.3.jar:6.2.3]
	at jakarta.servlet.http.HttpServlet.service(HttpServlet.java:658) ~[tomcat-embed-core-10.1.36.jar:6.0]
	at org.apache.catalina.core.ApplicationFilterChain.internalDoFilter(ApplicationFilterChain.java:195) ~[tomcat-embed-core-10.1.36.jar:10.1.36]
	at org.apache.catalina.core.ApplicationFilterChain.doFilter(ApplicationFilterChain.java:140) ~[tomcat-embed-core-10.1.36.jar:10.1.36]
	at org.apache.tomcat.websocket.server.WsFilter.doFilter(WsFilter.java:51) ~[tomcat-embed-websocket-10.1.36.jar:10.1.36]
	at org.apache.catalina.core.ApplicationFilterChain.internalDoFilter(ApplicationFilterChain.java:164) ~[tomcat-embed-core-10.1.36.jar:10.1.36]
	at org.apache.catalina.core.ApplicationFilterChain.doFilter(ApplicationFilterChain.java:140) ~[tomcat-embed-core-10.1.36.jar:10.1.36]
	at org.springframework.web.filter.CompositeFilter$VirtualFilterChain.doFilter(CompositeFilter.java:108) ~[spring-web-6.2.3.jar:6.2.3]
	at org.springframework.security.web.FilterChainProxy.lambda$doFilterInternal$3(FilterChainProxy.java:231) ~[spring-security-web-6.4.3.jar:6.4.3]
	at org.springframework.security.web.FilterChainProxy$VirtualFilterChain.doFilter(FilterChainProxy.java:365) ~[spring-security-web-6.4.3.jar:6.4.3]
	at org.springframework.security.web.access.ExceptionTranslationFilter.doFilter(ExceptionTranslationFilter.java:126) ~[spring-security-web-6.4.3.jar:6.4.3]
	at org.springframework.security.web.access.ExceptionTranslationFilter.doFilter(ExceptionTranslationFilter.java:120) ~[spring-security-web-6.4.3.jar:6.4.3]
	at org.springframework.security.web.FilterChainProxy$VirtualFilterChain.doFilter(FilterChainProxy.java:374) ~[spring-security-web-6.4.3.jar:6.4.3]
	at org.springframework.security.web.authentication.AnonymousAuthenticationFilter.doFilter(AnonymousAuthenticationFilter.java:100) ~[spring-security-web-6.4.3.jar:6.4.3]
	at org.springframework.security.web.FilterChainProxy$VirtualFilterChain.doFilter(FilterChainProxy.java:374) ~[spring-security-web-6.4.3.jar:6.4.3]
	at org.springframework.security.web.authentication.rememberme.RememberMeAuthenticationFilter.doFilter(RememberMeAuthenticationFilter.java:114) ~[spring-security-web-6.4.3.jar:6.4.3]
	at org.springframework.security.web.authentication.rememberme.RememberMeAuthenticationFilter.doFilter(RememberMeAuthenticationFilter.java:105) ~[spring-security-web-6.4.3.jar:6.4.3]
	at org.springframework.security.web.FilterChainProxy$VirtualFilterChain.doFilter(FilterChainProxy.java:374) ~[spring-security-web-6.4.3.jar:6.4.3]
	at org.springframework.security.web.servletapi.SecurityContextHolderAwareRequestFilter.doFilter(SecurityContextHolderAwareRequestFilter.java:179) ~[spring-security-web-6.4.3.jar:6.4.3]
	at org.springframework.security.web.FilterChainProxy$VirtualFilterChain.doFilter(FilterChainProxy.java:374) ~[spring-security-web-6.4.3.jar:6.4.3]
	at org.springframework.security.web.savedrequest.RequestCacheAwareFilter.doFilter(RequestCacheAwareFilter.java:63) ~[spring-security-web-6.4.3.jar:6.4.3]
	at org.springframework.security.web.FilterChainProxy$VirtualFilterChain.doFilter(FilterChainProxy.java:374) ~[spring-security-web-6.4.3.jar:6.4.3]
	at org.springframework.security.web.authentication.www.BasicAuthenticationFilter.doFilterInternal(BasicAuthenticationFilter.java:213) ~[spring-security-web-6.4.3.jar:6.4.3]
	at org.springframework.web.filter.OncePerRequestFilter.doFilter(OncePerRequestFilter.java:116) ~[spring-web-6.2.3.jar:6.2.3]
	at org.springframework.security.web.FilterChainProxy$VirtualFilterChain.doFilter(FilterChainProxy.java:374) ~[spring-security-web-6.4.3.jar:6.4.3]
	at org.springframework.security.web.authentication.ui.DefaultLogoutPageGeneratingFilter.doFilterInternal(DefaultLogoutPageGeneratingFilter.java:58) ~[spring-security-web-6.4.3.jar:6.4.3]
	at org.springframework.web.filter.OncePerRequestFilter.doFilter(OncePerRequestFilter.java:116) ~[spring-web-6.2.3.jar:6.2.3]
	at org.springframework.security.web.FilterChainProxy$VirtualFilterChain.doFilter(FilterChainProxy.java:374) ~[spring-security-web-6.4.3.jar:6.4.3]
	at org.springframework.security.web.authentication.ui.DefaultLoginPageGeneratingFilter.doFilter(DefaultLoginPageGeneratingFilter.java:220) ~[spring-security-web-6.4.3.jar:6.4.3]
	at org.springframework.security.web.authentication.ui.DefaultLoginPageGeneratingFilter.doFilter(DefaultLoginPageGeneratingFilter.java:206) ~[spring-security-web-6.4.3.jar:6.4.3]
	at org.springframework.security.web.FilterChainProxy$VirtualFilterChain.doFilter(FilterChainProxy.java:374) ~[spring-security-web-6.4.3.jar:6.4.3]
	at org.springframework.security.web.authentication.ui.DefaultResourcesFilter.doFilter(DefaultResourcesFilter.java:72) ~[spring-security-web-6.4.3.jar:6.4.3]
	at org.springframework.security.web.FilterChainProxy$VirtualFilterChain.doFilter(FilterChainProxy.java:374) ~[spring-security-web-6.4.3.jar:6.4.3]
	at org.springframework.security.web.authentication.AbstractAuthenticationProcessingFilter.doFilter(AbstractAuthenticationProcessingFilter.java:227) ~[spring-security-web-6.4.3.jar:6.4.3]
	at org.springframework.security.web.authentication.AbstractAuthenticationProcessingFilter.doFilter(AbstractAuthenticationProcessingFilter.java:221) ~[spring-security-web-6.4.3.jar:6.4.3]
	at org.springframework.security.web.FilterChainProxy$VirtualFilterChain.doFilter(FilterChainProxy.java:374) ~[spring-security-web-6.4.3.jar:6.4.3]
	at org.springframework.security.web.authentication.logout.LogoutFilter.doFilter(LogoutFilter.java:107) ~[spring-security-web-6.4.3.jar:6.4.3]
	at org.springframework.security.web.authentication.logout.LogoutFilter.doFilter(LogoutFilter.java:93) ~[spring-security-web-6.4.3.jar:6.4.3]
	at org.springframework.security.web.FilterChainProxy$VirtualFilterChain.doFilter(FilterChainProxy.java:374) ~[spring-security-web-6.4.3.jar:6.4.3]
	at org.springframework.security.web.header.HeaderWriterFilter.doHeadersAfter(HeaderWriterFilter.java:90) ~[spring-security-web-6.4.3.jar:6.4.3]
	at org.springframework.security.web.header.HeaderWriterFilter.doFilterInternal(HeaderWriterFilter.java:75) ~[spring-security-web-6.4.3.jar:6.4.3]
	at org.springframework.web.filter.OncePerRequestFilter.doFilter(OncePerRequestFilter.java:116) ~[spring-web-6.2.3.jar:6.2.3]
	at org.springframework.security.web.FilterChainProxy$VirtualFilterChain.doFilter(FilterChainProxy.java:374) ~[spring-security-web-6.4.3.jar:6.4.3]
	at org.springframework.security.web.context.SecurityContextHolderFilter.doFilter(SecurityContextHolderFilter.java:82) ~[spring-security-web-6.4.3.jar:6.4.3]
	at org.springframework.security.web.context.SecurityContextHolderFilter.doFilter(SecurityContextHolderFilter.java:69) ~[spring-security-web-6.4.3.jar:6.4.3]
	at org.springframework.security.web.FilterChainProxy$VirtualFilterChain.doFilter(FilterChainProxy.java:374) ~[spring-security-web-6.4.3.jar:6.4.3]
	at org.springframework.security.web.context.request.async.WebAsyncManagerIntegrationFilter.doFilterInternal(WebAsyncManagerIntegrationFilter.java:62) ~[spring-security-web-6.4.3.jar:6.4.3]
	at org.springframework.web.filter.OncePerRequestFilter.doFilter(OncePerRequestFilter.java:116) ~[spring-web-6.2.3.jar:6.2.3]
	at org.springframework.security.web.FilterChainProxy$VirtualFilterChain.doFilter(FilterChainProxy.java:374) ~[spring-security-web-6.4.3.jar:6.4.3]
	at org.springframework.security.web.session.DisableEncodeUrlFilter.doFilterInternal(DisableEncodeUrlFilter.java:42) ~[spring-security-web-6.4.3.jar:6.4.3]
	at org.springframework.web.filter.OncePerRequestFilter.doFilter(OncePerRequestFilter.java:116) ~[spring-web-6.2.3.jar:6.2.3]
	at org.springframework.security.web.FilterChainProxy$VirtualFilterChain.doFilter(FilterChainProxy.java:374) ~[spring-security-web-6.4.3.jar:6.4.3]
	at org.springframework.security.web.FilterChainProxy.doFilterInternal(FilterChainProxy.java:233) ~[spring-security-web-6.4.3.jar:6.4.3]
	at org.springframework.security.web.FilterChainProxy.doFilter(FilterChainProxy.java:191) ~[spring-security-web-6.4.3.jar:6.4.3]
	at org.springframework.web.filter.CompositeFilter$VirtualFilterChain.doFilter(CompositeFilter.java:113) ~[spring-web-6.2.3.jar:6.2.3]
	at org.springframework.web.servlet.handler.HandlerMappingIntrospector.lambda$createCacheFilter$3(HandlerMappingIntrospector.java:243) ~[spring-webmvc-6.2.3.jar:6.2.3]
	at org.springframework.web.filter.CompositeFilter$VirtualFilterChain.doFilter(CompositeFilter.java:113) ~[spring-web-6.2.3.jar:6.2.3]
	at org.springframework.web.filter.CompositeFilter.doFilter(CompositeFilter.java:74) ~[spring-web-6.2.3.jar:6.2.3]
	at org.springframework.security.config.annotation.web.configuration.WebMvcSecurityConfiguration$CompositeFilterChainProxy.doFilter(WebMvcSecurityConfiguration.java:238) ~[spring-security-config-6.4.3.jar:6.4.3]
	at org.springframework.web.filter.DelegatingFilterProxy.invokeDelegate(DelegatingFilterProxy.java:362) ~[spring-web-6.2.3.jar:6.2.3]
	at org.springframework.web.filter.DelegatingFilterProxy.doFilter(DelegatingFilterProxy.java:278) ~[spring-web-6.2.3.jar:6.2.3]
	at org.apache.catalina.core.ApplicationFilterChain.internalDoFilter(ApplicationFilterChain.java:164) ~[tomcat-embed-core-10.1.36.jar:10.1.36]
	at org.apache.catalina.core.ApplicationFilterChain.doFilter(ApplicationFilterChain.java:140) ~[tomcat-embed-core-10.1.36.jar:10.1.36]
	at org.springframework.web.filter.RequestContextFilter.doFilterInternal(RequestContextFilter.java:100) ~[spring-web-6.2.3.jar:6.2.3]
	at org.springframework.web.filter.OncePerRequestFilter.doFilter(OncePerRequestFilter.java:116) ~[spring-web-6.2.3.jar:6.2.3]
	at org.apache.catalina.core.ApplicationFilterChain.internalDoFilter(ApplicationFilterChain.java:164) ~[tomcat-embed-core-10.1.36.jar:10.1.36]
	at org.apache.catalina.core.ApplicationFilterChain.doFilter(ApplicationFilterChain.java:140) ~[tomcat-embed-core-10.1.36.jar:10.1.36]
	at org.springframework.web.filter.FormContentFilter.doFilterInternal(FormContentFilter.java:93) ~[spring-web-6.2.3.jar:6.2.3]
	at org.springframework.web.filter.OncePerRequestFilter.doFilter(OncePerRequestFilter.java:116) ~[spring-web-6.2.3.jar:6.2.3]
	at org.apache.catalina.core.ApplicationFilterChain.internalDoFilter(ApplicationFilterChain.java:164) ~[tomcat-embed-core-10.1.36.jar:10.1.36]
	at org.apache.catalina.core.ApplicationFilterChain.doFilter(ApplicationFilterChain.java:140) ~[tomcat-embed-core-10.1.36.jar:10.1.36]
	at org.springframework.web.filter.CharacterEncodingFilter.doFilterInternal(CharacterEncodingFilter.java:201) ~[spring-web-6.2.3.jar:6.2.3]
	at org.springframework.web.filter.OncePerRequestFilter.doFilter(OncePerRequestFilter.java:116) ~[spring-web-6.2.3.jar:6.2.3]
	at org.apache.catalina.core.ApplicationFilterChain.internalDoFilter(ApplicationFilterChain.java:164) ~[tomcat-embed-core-10.1.36.jar:10.1.36]
	at org.apache.catalina.core.ApplicationFilterChain.doFilter(ApplicationFilterChain.java:140) ~[tomcat-embed-core-10.1.36.jar:10.1.36]
	at org.apache.catalina.core.StandardWrapperValve.invoke(StandardWrapperValve.java:167) ~[tomcat-embed-core-10.1.36.jar:10.1.36]
	at org.apache.catalina.core.StandardContextValve.invoke(StandardContextValve.java:90) ~[tomcat-embed-core-10.1.36.jar:10.1.36]
	at org.apache.catalina.authenticator.AuthenticatorBase.invoke(AuthenticatorBase.java:483) ~[tomcat-embed-core-10.1.36.jar:10.1.36]
	at org.apache.catalina.core.StandardHostValve.invoke(StandardHostValve.java:115) ~[tomcat-embed-core-10.1.36.jar:10.1.36]
	at org.apache.catalina.valves.ErrorReportValve.invoke(ErrorReportValve.java:93) ~[tomcat-embed-core-10.1.36.jar:10.1.36]
	at org.apache.catalina.core.StandardEngineValve.invoke(StandardEngineValve.java:74) ~[tomcat-embed-core-10.1.36.jar:10.1.36]
	at org.apache.catalina.connector.CoyoteAdapter.service(CoyoteAdapter.java:344) ~[tomcat-embed-core-10.1.36.jar:10.1.36]
	at org.apache.coyote.http11.Http11Processor.service(Http11Processor.java:397) ~[tomcat-embed-core-10.1.36.jar:10.1.36]
	at org.apache.coyote.AbstractProcessorLight.process(AbstractProcessorLight.java:63) ~[tomcat-embed-core-10.1.36.jar:10.1.36]
	at org.apache.coyote.AbstractProtocol$ConnectionHandler.process(AbstractProtocol.java:905) ~[tomcat-embed-core-10.1.36.jar:10.1.36]
	at org.apache.tomcat.util.net.NioEndpoint$SocketProcessor.doRun(NioEndpoint.java:1743) ~[tomcat-embed-core-10.1.36.jar:10.1.36]
	at org.apache.tomcat.util.net.SocketProcessorBase.run(SocketProcessorBase.java:52) ~[tomcat-embed-core-10.1.36.jar:10.1.36]
	at org.apache.tomcat.util.threads.ThreadPoolExecutor.runWorker(ThreadPoolExecutor.java:1190) ~[tomcat-embed-core-10.1.36.jar:10.1.36]
	at org.apache.tomcat.util.threads.ThreadPoolExecutor$Worker.run(ThreadPoolExecutor.java:659) ~[tomcat-embed-core-10.1.36.jar:10.1.36]
	at org.apache.tomcat.util.threads.TaskThread$WrappingRunnable.run(TaskThread.java:63) ~[tomcat-embed-core-10.1.36.jar:10.1.36]
	at java.base/java.lang.Thread.run(Thread.java:842) ~[na:na]

2025-07-06T15:20:30.949+02:00 TRACE 7996 --- [backend] [http-nio-8080-exec-2] o.s.security.web.FilterChainProxy        : Trying to match request against DefaultSecurityFilterChain defined as 'filterChain' in [class path resource [com/luiswiederhold/backend/security/SecurityConfig.class]] matching [any request] and having filters [DisableEncodeUrl, WebAsyncManagerIntegration, SecurityContextHolder, HeaderWriter, Logout, UsernamePasswordAuthentication, DefaultResources, DefaultLoginPageGenerating, DefaultLogoutPageGenerating, BasicAuthentication, RequestCacheAware, SecurityContextHolderAwareRequest, RememberMeAuthentication, AnonymousAuthentication, ExceptionTranslation] (1/1)
2025-07-06T15:20:30.949+02:00 DEBUG 7996 --- [backend] [http-nio-8080-exec-2] o.s.security.web.FilterChainProxy        : Securing POST /error
2025-07-06T15:20:30.949+02:00 TRACE 7996 --- [backend] [http-nio-8080-exec-2] o.s.security.web.FilterChainProxy        : Invoking DisableEncodeUrlFilter (1/15)
2025-07-06T15:20:30.949+02:00 TRACE 7996 --- [backend] [http-nio-8080-exec-2] o.s.security.web.FilterChainProxy        : Invoking WebAsyncManagerIntegrationFilter (2/15)
2025-07-06T15:20:30.949+02:00 TRACE 7996 --- [backend] [http-nio-8080-exec-2] o.s.security.web.FilterChainProxy        : Invoking SecurityContextHolderFilter (3/15)
2025-07-06T15:20:30.949+02:00 TRACE 7996 --- [backend] [http-nio-8080-exec-2] o.s.security.web.FilterChainProxy        : Invoking HeaderWriterFilter (4/15)
2025-07-06T15:20:30.949+02:00 TRACE 7996 --- [backend] [http-nio-8080-exec-2] o.s.security.web.FilterChainProxy        : Invoking LogoutFilter (5/15)
2025-07-06T15:20:30.949+02:00 TRACE 7996 --- [backend] [http-nio-8080-exec-2] o.s.s.w.a.logout.LogoutFilter            : Did not match request to Or [Ant [pattern='/logout', GET], Ant [pattern='/logout', POST], Ant [pattern='/logout', PUT], Ant [pattern='/logout', DELETE]]
2025-07-06T15:20:30.949+02:00 TRACE 7996 --- [backend] [http-nio-8080-exec-2] o.s.security.web.FilterChainProxy        : Invoking UsernamePasswordAuthenticationFilter (6/15)
2025-07-06T15:20:30.950+02:00 TRACE 7996 --- [backend] [http-nio-8080-exec-2] w.a.UsernamePasswordAuthenticationFilter : Did not match request to Ant [pattern='/login', POST]
2025-07-06T15:20:30.950+02:00 TRACE 7996 --- [backend] [http-nio-8080-exec-2] o.s.security.web.FilterChainProxy        : Invoking DefaultResourcesFilter (7/15)
2025-07-06T15:20:30.950+02:00 TRACE 7996 --- [backend] [http-nio-8080-exec-2] o.s.security.web.FilterChainProxy        : Invoking DefaultLoginPageGeneratingFilter (8/15)
2025-07-06T15:20:30.950+02:00 TRACE 7996 --- [backend] [http-nio-8080-exec-2] o.s.security.web.FilterChainProxy        : Invoking DefaultLogoutPageGeneratingFilter (9/15)
2025-07-06T15:20:30.950+02:00 TRACE 7996 --- [backend] [http-nio-8080-exec-2] o.s.security.web.FilterChainProxy        : Invoking BasicAuthenticationFilter (10/15)
2025-07-06T15:20:30.950+02:00 TRACE 7996 --- [backend] [http-nio-8080-exec-2] o.s.security.web.FilterChainProxy        : Invoking RequestCacheAwareFilter (11/15)
2025-07-06T15:20:30.950+02:00 TRACE 7996 --- [backend] [http-nio-8080-exec-2] o.s.s.w.s.HttpSessionRequestCache        : matchingRequestParameterName is required for getMatchingRequest to lookup a value, but not provided
2025-07-06T15:20:30.950+02:00 TRACE 7996 --- [backend] [http-nio-8080-exec-2] o.s.security.web.FilterChainProxy        : Invoking SecurityContextHolderAwareRequestFilter (12/15)
2025-07-06T15:20:30.950+02:00 TRACE 7996 --- [backend] [http-nio-8080-exec-2] o.s.security.web.FilterChainProxy        : Invoking RememberMeAuthenticationFilter (13/15)
2025-07-06T15:20:30.950+02:00 TRACE 7996 --- [backend] [http-nio-8080-exec-2] w.c.HttpSessionSecurityContextRepository : No HttpSession currently exists
2025-07-06T15:20:30.950+02:00 TRACE 7996 --- [backend] [http-nio-8080-exec-2] .s.s.w.c.SupplierDeferredSecurityContext : Created SecurityContextImpl [Null authentication]
2025-07-06T15:20:30.950+02:00 DEBUG 7996 --- [backend] [http-nio-8080-exec-2] s.s.w.a.r.RememberMeAuthenticationFilter : SecurityContextHolder not populated with remember-me token, as it already contained: 'UsernamePasswordAuthenticationToken [Principal=org.springframework.security.core.userdetails.User [Username=wiederhold.luis@gmx.de, Password=[PROTECTED], Enabled=true, AccountNonExpired=true, CredentialsNonExpired=true, AccountNonLocked=true, Granted Authorities=[]], Credentials=[PROTECTED], Authenticated=true, Details=WebAuthenticationDetails [RemoteIpAddress=0:0:0:0:0:0:0:1, SessionId=null], Granted Authorities=[]]'
2025-07-06T15:20:30.951+02:00 TRACE 7996 --- [backend] [http-nio-8080-exec-2] o.s.security.web.FilterChainProxy        : Invoking AnonymousAuthenticationFilter (14/15)
2025-07-06T15:20:30.951+02:00 TRACE 7996 --- [backend] [http-nio-8080-exec-2] o.s.security.web.FilterChainProxy        : Invoking ExceptionTranslationFilter (15/15)
2025-07-06T15:20:30.951+02:00 DEBUG 7996 --- [backend] [http-nio-8080-exec-2] o.s.security.web.FilterChainProxy        : Secured POST /error
2025-07-06T15:20:30.971+02:00 TRACE 7996 --- [backend] [http-nio-8080-exec-2] o.s.s.w.a.AnonymousAuthenticationFilter  : Did not set SecurityContextHolder since already authenticated UsernamePasswordAuthenticationToken [Principal=org.springframework.security.core.userdetails.User [Username=wiederhold.luis@gmx.de, Password=[PROTECTED], Enabled=true, AccountNonExpired=true, CredentialsNonExpired=true, AccountNonLocked=true, Granted Authorities=[]], Credentials=[PROTECTED], Authenticated=true, Details=WebAuthenticationDetails [RemoteIpAddress=0:0:0:0:0:0:0:1, SessionId=null], Granted Authorities=[]]
2025-07-06T15:23:45.959+02:00  INFO 7996 --- [backend] [SpringApplicationShutdownHook] o.s.b.w.e.tomcat.GracefulShutdown        : Commencing graceful shutdown. Waiting for active requests to complete
2025-07-06T15:23:45.976+02:00  INFO 7996 --- [backend] [tomcat-shutdown] o.s.b.w.e.tomcat.GracefulShutdown        : Graceful shutdown complete
2025-07-06T15:23:45.979+02:00  INFO 7996 --- [backend] [SpringApplicationShutdownHook] j.LocalContainerEntityManagerFactoryBean : Closing JPA EntityManagerFactory for persistence unit 'default'
2025-07-06T15:23:45.981+02:00  INFO 7996 --- [backend] [SpringApplicationShutdownHook] com.zaxxer.hikari.HikariDataSource       : HikariPool-1 - Shutdown initiated...
2025-07-06T15:23:45.983+02:00  INFO 7996 --- [backend] [SpringApplicationShutdownHook] com.zaxxer.hikari.HikariDataSource       : HikariPool-1 - Shutdown completed.
2025-07-06T16:04:11.812+02:00  INFO 26908 --- [backend] [restartedMain] c.l.backend.BackendApplication           : Starting BackendApplication using Java 17.0.9 with PID 26908 (C:\Users\Admin\Desktop\Mathematik Studium\1. Semester\Informatik\Hausaufgaben\stemcards\backend\build\classes\java\main started by Admin in C:\Users\Admin\Desktop\Mathematik Studium\1. Semester\Informatik\Hausaufgaben\stemcards\backend)
2025-07-06T16:04:11.813+02:00  INFO 26908 --- [backend] [restartedMain] c.l.backend.BackendApplication           : The following 1 profile is active: "prod"
2025-07-06T16:04:11.845+02:00  INFO 26908 --- [backend] [restartedMain] .e.DevToolsPropertyDefaultsPostProcessor : Devtools property defaults active! Set 'spring.devtools.add-properties' to 'false' to disable
2025-07-06T16:04:11.845+02:00  INFO 26908 --- [backend] [restartedMain] .e.DevToolsPropertyDefaultsPostProcessor : For additional web related logging consider setting the 'logging.level.web' property to 'DEBUG'
2025-07-06T16:04:12.399+02:00  INFO 26908 --- [backend] [restartedMain] .s.d.r.c.RepositoryConfigurationDelegate : Bootstrapping Spring Data JPA repositories in DEFAULT mode.
2025-07-06T16:04:12.441+02:00  INFO 26908 --- [backend] [restartedMain] .s.d.r.c.RepositoryConfigurationDelegate : Finished Spring Data repository scanning in 35 ms. Found 2 JPA repository interfaces.
2025-07-06T16:04:12.847+02:00  INFO 26908 --- [backend] [restartedMain] o.s.b.w.embedded.tomcat.TomcatWebServer  : Tomcat initialized with port 8080 (http)
2025-07-06T16:04:12.857+02:00  INFO 26908 --- [backend] [restartedMain] o.apache.catalina.core.StandardService   : Starting service [Tomcat]
2025-07-06T16:04:12.857+02:00  INFO 26908 --- [backend] [restartedMain] o.apache.catalina.core.StandardEngine    : Starting Servlet engine: [Apache Tomcat/10.1.36]
2025-07-06T16:04:12.893+02:00  INFO 26908 --- [backend] [restartedMain] o.a.c.c.C.[Tomcat].[localhost].[/]       : Initializing Spring embedded WebApplicationContext
2025-07-06T16:04:12.894+02:00  INFO 26908 --- [backend] [restartedMain] w.s.c.ServletWebServerApplicationContext : Root WebApplicationContext: initialization completed in 1048 ms
2025-07-06T16:04:13.003+02:00  INFO 26908 --- [backend] [restartedMain] o.hibernate.jpa.internal.util.LogHelper  : HHH000204: Processing PersistenceUnitInfo [name: default]
2025-07-06T16:04:13.061+02:00  INFO 26908 --- [backend] [restartedMain] org.hibernate.Version                    : HHH000412: Hibernate ORM core version 6.6.8.Final
2025-07-06T16:04:13.094+02:00  INFO 26908 --- [backend] [restartedMain] o.h.c.internal.RegionFactoryInitiator    : HHH000026: Second-level cache disabled
2025-07-06T16:04:13.344+02:00  INFO 26908 --- [backend] [restartedMain] o.s.o.j.p.SpringPersistenceUnitInfo      : No LoadTimeWeaver setup: ignoring JPA class transformer
2025-07-06T16:04:13.371+02:00  INFO 26908 --- [backend] [restartedMain] com.zaxxer.hikari.HikariDataSource       : HikariPool-1 - Starting...
2025-07-06T16:04:13.493+02:00  INFO 26908 --- [backend] [restartedMain] com.zaxxer.hikari.pool.HikariPool        : HikariPool-1 - Added connection org.postgresql.jdbc.PgConnection@66a1f6d6
2025-07-06T16:04:13.494+02:00  INFO 26908 --- [backend] [restartedMain] com.zaxxer.hikari.HikariDataSource       : HikariPool-1 - Start completed.
2025-07-06T16:04:13.524+02:00  WARN 26908 --- [backend] [restartedMain] org.hibernate.orm.deprecation            : HHH90000025: PostgreSQLDialect does not need to be specified explicitly using 'hibernate.dialect' (remove the property setting and it will be selected by default)
2025-07-06T16:04:13.538+02:00  INFO 26908 --- [backend] [restartedMain] org.hibernate.orm.connections.pooling    : HHH10001005: Database info:
	Database JDBC URL [Connecting through datasource 'HikariDataSource (HikariPool-1)']
	Database driver: undefined/unknown
	Database version: 17.5
	Autocommit mode: undefined/unknown
	Isolation level: undefined/unknown
	Minimum pool size: undefined/unknown
	Maximum pool size: undefined/unknown
2025-07-06T16:04:14.290+02:00  INFO 26908 --- [backend] [restartedMain] o.h.e.t.j.p.i.JtaPlatformInitiator       : HHH000489: No JTA platform available (set 'hibernate.transaction.jta.platform' to enable JTA platform integration)
2025-07-06T16:04:14.323+02:00  INFO 26908 --- [backend] [restartedMain] j.LocalContainerEntityManagerFactoryBean : Initialized JPA EntityManagerFactory for persistence unit 'default'
2025-07-06T16:04:14.548+02:00  INFO 26908 --- [backend] [restartedMain] o.s.d.j.r.query.QueryEnhancerFactory     : Hibernate is in classpath; If applicable, HQL parser will be used.
2025-07-06T16:04:14.612+02:00  WARN 26908 --- [backend] [restartedMain] JpaBaseConfiguration$JpaWebConfiguration : spring.jpa.open-in-view is enabled by default. Therefore, database queries may be performed during view rendering. Explicitly configure spring.jpa.open-in-view to disable this warning
2025-07-06T16:04:14.622+02:00 TRACE 26908 --- [backend] [restartedMain] eGlobalAuthenticationAutowiredConfigurer : Eagerly initializing {securityConfig=com.luiswiederhold.backend.security.SecurityConfig$$SpringCGLIB$$0@1577383d}
2025-07-06T16:04:14.623+02:00  INFO 26908 --- [backend] [restartedMain] eAuthenticationProviderManagerConfigurer : Found 2 AuthenticationProvider beans, with names [rememberMeAuthenticationProvider, daoAuthenticationProvider]. Global Authentication Manager will not be configured with AuthenticationProviders. Consider publishing a single AuthenticationProvider bean, or wiring your Providers directly using the DSL.
2025-07-06T16:04:14.627+02:00  INFO 26908 --- [backend] [restartedMain] r$InitializeUserDetailsManagerConfigurer : Global AuthenticationManager configured with UserDetailsService bean with name customUserDetailsService
2025-07-06T16:04:14.805+02:00 DEBUG 26908 --- [backend] [restartedMain] o.s.s.web.DefaultSecurityFilterChain     : Will secure any request with filters: DisableEncodeUrlFilter, WebAsyncManagerIntegrationFilter, SecurityContextHolderFilter, HeaderWriterFilter, LogoutFilter, UsernamePasswordAuthenticationFilter, DefaultResourcesFilter, DefaultLoginPageGeneratingFilter, DefaultLogoutPageGeneratingFilter, BasicAuthenticationFilter, RequestCacheAwareFilter, SecurityContextHolderAwareRequestFilter, RememberMeAuthenticationFilter, AnonymousAuthenticationFilter, ExceptionTranslationFilter
2025-07-06T16:04:14.954+02:00  INFO 26908 --- [backend] [restartedMain] o.s.b.d.a.OptionalLiveReloadServer       : LiveReload server is running on port 35729
2025-07-06T16:04:14.978+02:00  INFO 26908 --- [backend] [restartedMain] o.s.b.w.embedded.tomcat.TomcatWebServer  : Tomcat started on port 8080 (http) with context path '/'
2025-07-06T16:04:14.984+02:00  INFO 26908 --- [backend] [restartedMain] c.l.backend.BackendApplication           : Started BackendApplication in 3.489 seconds (process running for 3.949)
2025-07-06T16:04:28.077+02:00  INFO 26908 --- [backend] [http-nio-8080-exec-1] o.a.c.c.C.[Tomcat].[localhost].[/]       : Initializing Spring DispatcherServlet 'dispatcherServlet'
2025-07-06T16:04:28.077+02:00  INFO 26908 --- [backend] [http-nio-8080-exec-1] o.s.web.servlet.DispatcherServlet        : Initializing Servlet 'dispatcherServlet'
2025-07-06T16:04:28.078+02:00  INFO 26908 --- [backend] [http-nio-8080-exec-1] o.s.web.servlet.DispatcherServlet        : Completed initialization in 1 ms
2025-07-06T16:04:28.091+02:00 TRACE 26908 --- [backend] [http-nio-8080-exec-1] o.s.security.web.FilterChainProxy        : Trying to match request against DefaultSecurityFilterChain defined as 'filterChain' in [class path resource [com/luiswiederhold/backend/security/SecurityConfig.class]] matching [any request] and having filters [DisableEncodeUrl, WebAsyncManagerIntegration, SecurityContextHolder, HeaderWriter, Logout, UsernamePasswordAuthentication, DefaultResources, DefaultLoginPageGenerating, DefaultLogoutPageGenerating, BasicAuthentication, RequestCacheAware, SecurityContextHolderAwareRequest, RememberMeAuthentication, AnonymousAuthentication, ExceptionTranslation] (1/1)
2025-07-06T16:04:28.091+02:00 DEBUG 26908 --- [backend] [http-nio-8080-exec-1] o.s.security.web.FilterChainProxy        : Securing OPTIONS /flashcards/create
2025-07-06T16:04:28.092+02:00 TRACE 26908 --- [backend] [http-nio-8080-exec-1] o.s.security.web.FilterChainProxy        : Invoking DisableEncodeUrlFilter (1/15)
2025-07-06T16:04:28.092+02:00 TRACE 26908 --- [backend] [http-nio-8080-exec-1] o.s.security.web.FilterChainProxy        : Invoking WebAsyncManagerIntegrationFilter (2/15)
2025-07-06T16:04:28.094+02:00 TRACE 26908 --- [backend] [http-nio-8080-exec-1] o.s.security.web.FilterChainProxy        : Invoking SecurityContextHolderFilter (3/15)
2025-07-06T16:04:28.095+02:00 TRACE 26908 --- [backend] [http-nio-8080-exec-1] o.s.security.web.FilterChainProxy        : Invoking HeaderWriterFilter (4/15)
2025-07-06T16:04:28.096+02:00 TRACE 26908 --- [backend] [http-nio-8080-exec-1] o.s.security.web.FilterChainProxy        : Invoking LogoutFilter (5/15)
2025-07-06T16:04:28.096+02:00 TRACE 26908 --- [backend] [http-nio-8080-exec-1] o.s.s.w.a.logout.LogoutFilter            : Did not match request to Or [Ant [pattern='/logout', GET], Ant [pattern='/logout', POST], Ant [pattern='/logout', PUT], Ant [pattern='/logout', DELETE]]
2025-07-06T16:04:28.096+02:00 TRACE 26908 --- [backend] [http-nio-8080-exec-1] o.s.security.web.FilterChainProxy        : Invoking UsernamePasswordAuthenticationFilter (6/15)
2025-07-06T16:04:28.096+02:00 TRACE 26908 --- [backend] [http-nio-8080-exec-1] w.a.UsernamePasswordAuthenticationFilter : Did not match request to Ant [pattern='/login', POST]
2025-07-06T16:04:28.096+02:00 TRACE 26908 --- [backend] [http-nio-8080-exec-1] o.s.security.web.FilterChainProxy        : Invoking DefaultResourcesFilter (7/15)
2025-07-06T16:04:28.096+02:00 TRACE 26908 --- [backend] [http-nio-8080-exec-1] o.s.security.web.FilterChainProxy        : Invoking DefaultLoginPageGeneratingFilter (8/15)
2025-07-06T16:04:28.096+02:00 TRACE 26908 --- [backend] [http-nio-8080-exec-1] o.s.security.web.FilterChainProxy        : Invoking DefaultLogoutPageGeneratingFilter (9/15)
2025-07-06T16:04:28.097+02:00 TRACE 26908 --- [backend] [http-nio-8080-exec-1] .w.a.u.DefaultLogoutPageGeneratingFilter : Did not render default logout page since request did not match [Ant [pattern='/logout', GET]]
2025-07-06T16:04:28.097+02:00 TRACE 26908 --- [backend] [http-nio-8080-exec-1] o.s.security.web.FilterChainProxy        : Invoking BasicAuthenticationFilter (10/15)
2025-07-06T16:04:28.097+02:00 TRACE 26908 --- [backend] [http-nio-8080-exec-1] o.s.s.w.a.www.BasicAuthenticationFilter  : Did not process authentication request since failed to find username and password in Basic Authorization header
2025-07-06T16:04:28.097+02:00 TRACE 26908 --- [backend] [http-nio-8080-exec-1] o.s.security.web.FilterChainProxy        : Invoking RequestCacheAwareFilter (11/15)
2025-07-06T16:04:28.097+02:00 TRACE 26908 --- [backend] [http-nio-8080-exec-1] o.s.s.w.s.HttpSessionRequestCache        : matchingRequestParameterName is required for getMatchingRequest to lookup a value, but not provided
2025-07-06T16:04:28.097+02:00 TRACE 26908 --- [backend] [http-nio-8080-exec-1] o.s.security.web.FilterChainProxy        : Invoking SecurityContextHolderAwareRequestFilter (12/15)
2025-07-06T16:04:28.098+02:00 TRACE 26908 --- [backend] [http-nio-8080-exec-1] o.s.security.web.FilterChainProxy        : Invoking RememberMeAuthenticationFilter (13/15)
2025-07-06T16:04:28.098+02:00 TRACE 26908 --- [backend] [http-nio-8080-exec-1] w.c.HttpSessionSecurityContextRepository : No HttpSession currently exists
2025-07-06T16:04:28.098+02:00 TRACE 26908 --- [backend] [http-nio-8080-exec-1] .s.s.w.c.SupplierDeferredSecurityContext : Created SecurityContextImpl [Null authentication]
2025-07-06T16:04:28.098+02:00 TRACE 26908 --- [backend] [http-nio-8080-exec-1] .s.s.w.c.SupplierDeferredSecurityContext : Created SecurityContextImpl [Null authentication]
2025-07-06T16:04:28.098+02:00 TRACE 26908 --- [backend] [http-nio-8080-exec-1] o.s.security.web.FilterChainProxy        : Invoking AnonymousAuthenticationFilter (14/15)
2025-07-06T16:04:28.099+02:00 TRACE 26908 --- [backend] [http-nio-8080-exec-1] o.s.security.web.FilterChainProxy        : Invoking ExceptionTranslationFilter (15/15)
2025-07-06T16:04:28.099+02:00 DEBUG 26908 --- [backend] [http-nio-8080-exec-1] o.s.security.web.FilterChainProxy        : Secured OPTIONS /flashcards/create
2025-07-06T16:04:28.115+02:00 TRACE 26908 --- [backend] [http-nio-8080-exec-1] o.s.s.w.a.AnonymousAuthenticationFilter  : Set SecurityContextHolder to AnonymousAuthenticationToken [Principal=anonymousUser, Credentials=[PROTECTED], Authenticated=true, Details=WebAuthenticationDetails [RemoteIpAddress=0:0:0:0:0:0:0:1, SessionId=null], Granted Authorities=[ROLE_ANONYMOUS]]
2025-07-06T16:04:28.117+02:00 TRACE 26908 --- [backend] [http-nio-8080-exec-1] o.s.s.w.header.writers.HstsHeaderWriter  : Not injecting HSTS header since it did not match request to [Is Secure]
2025-07-06T16:04:28.120+02:00 TRACE 26908 --- [backend] [http-nio-8080-exec-2] o.s.security.web.FilterChainProxy        : Trying to match request against DefaultSecurityFilterChain defined as 'filterChain' in [class path resource [com/luiswiederhold/backend/security/SecurityConfig.class]] matching [any request] and having filters [DisableEncodeUrl, WebAsyncManagerIntegration, SecurityContextHolder, HeaderWriter, Logout, UsernamePasswordAuthentication, DefaultResources, DefaultLoginPageGenerating, DefaultLogoutPageGenerating, BasicAuthentication, RequestCacheAware, SecurityContextHolderAwareRequest, RememberMeAuthentication, AnonymousAuthentication, ExceptionTranslation] (1/1)
2025-07-06T16:04:28.120+02:00 DEBUG 26908 --- [backend] [http-nio-8080-exec-2] o.s.security.web.FilterChainProxy        : Securing POST /flashcards/create
2025-07-06T16:04:28.120+02:00 TRACE 26908 --- [backend] [http-nio-8080-exec-2] o.s.security.web.FilterChainProxy        : Invoking DisableEncodeUrlFilter (1/15)
2025-07-06T16:04:28.120+02:00 TRACE 26908 --- [backend] [http-nio-8080-exec-2] o.s.security.web.FilterChainProxy        : Invoking WebAsyncManagerIntegrationFilter (2/15)
2025-07-06T16:04:28.120+02:00 TRACE 26908 --- [backend] [http-nio-8080-exec-2] o.s.security.web.FilterChainProxy        : Invoking SecurityContextHolderFilter (3/15)
2025-07-06T16:04:28.120+02:00 TRACE 26908 --- [backend] [http-nio-8080-exec-2] o.s.security.web.FilterChainProxy        : Invoking HeaderWriterFilter (4/15)
2025-07-06T16:04:28.120+02:00 TRACE 26908 --- [backend] [http-nio-8080-exec-2] o.s.security.web.FilterChainProxy        : Invoking LogoutFilter (5/15)
2025-07-06T16:04:28.120+02:00 TRACE 26908 --- [backend] [http-nio-8080-exec-2] o.s.s.w.a.logout.LogoutFilter            : Did not match request to Or [Ant [pattern='/logout', GET], Ant [pattern='/logout', POST], Ant [pattern='/logout', PUT], Ant [pattern='/logout', DELETE]]
2025-07-06T16:04:28.120+02:00 TRACE 26908 --- [backend] [http-nio-8080-exec-2] o.s.security.web.FilterChainProxy        : Invoking UsernamePasswordAuthenticationFilter (6/15)
2025-07-06T16:04:28.121+02:00 TRACE 26908 --- [backend] [http-nio-8080-exec-2] w.a.UsernamePasswordAuthenticationFilter : Did not match request to Ant [pattern='/login', POST]
2025-07-06T16:04:28.121+02:00 TRACE 26908 --- [backend] [http-nio-8080-exec-2] o.s.security.web.FilterChainProxy        : Invoking DefaultResourcesFilter (7/15)
2025-07-06T16:04:28.121+02:00 TRACE 26908 --- [backend] [http-nio-8080-exec-2] o.s.security.web.FilterChainProxy        : Invoking DefaultLoginPageGeneratingFilter (8/15)
2025-07-06T16:04:28.121+02:00 TRACE 26908 --- [backend] [http-nio-8080-exec-2] o.s.security.web.FilterChainProxy        : Invoking DefaultLogoutPageGeneratingFilter (9/15)
2025-07-06T16:04:28.121+02:00 TRACE 26908 --- [backend] [http-nio-8080-exec-2] .w.a.u.DefaultLogoutPageGeneratingFilter : Did not render default logout page since request did not match [Ant [pattern='/logout', GET]]
2025-07-06T16:04:28.121+02:00 TRACE 26908 --- [backend] [http-nio-8080-exec-2] o.s.security.web.FilterChainProxy        : Invoking BasicAuthenticationFilter (10/15)
2025-07-06T16:04:28.121+02:00 TRACE 26908 --- [backend] [http-nio-8080-exec-2] o.s.s.w.a.www.BasicAuthenticationFilter  : Found username 'wiederhold.luis@gmx.de' in Basic Authorization header
2025-07-06T16:04:28.121+02:00 TRACE 26908 --- [backend] [http-nio-8080-exec-2] w.c.HttpSessionSecurityContextRepository : No HttpSession currently exists
2025-07-06T16:04:28.121+02:00 TRACE 26908 --- [backend] [http-nio-8080-exec-2] .s.s.w.c.SupplierDeferredSecurityContext : Created SecurityContextImpl [Null authentication]
2025-07-06T16:04:28.121+02:00 TRACE 26908 --- [backend] [http-nio-8080-exec-2] .s.s.w.c.SupplierDeferredSecurityContext : Created SecurityContextImpl [Null authentication]
2025-07-06T16:04:28.121+02:00 TRACE 26908 --- [backend] [http-nio-8080-exec-2] o.s.s.authentication.ProviderManager     : Authenticating request with DaoAuthenticationProvider (1/1)
2025-07-06T16:04:28.192+02:00  INFO 26908 --- [backend] [http-nio-8080-exec-2] c.l.b.user.CustomUserDetailsService      : Loading user by email: wiederhold.luis@gmx.de
2025-07-06T16:04:28.288+02:00 DEBUG 26908 --- [backend] [http-nio-8080-exec-2] org.hibernate.SQL                        : select u1_0.id,u1_0.email,u1_0.lastname,u1_0.password,u1_0.privilege,u1_0.surname from users u1_0 where u1_0.email=?
2025-07-06T16:04:28.314+02:00  INFO 26908 --- [backend] [http-nio-8080-exec-2] c.l.b.user.CustomUserDetailsService      : Success, found user: User{id=1, email='wiederhold.luis@gmx.de', password='$2a$10$w73YZiDA98mnZurQ.8FkSu5MZ0idsbbAFnhsMQu7RUuO8jEKV4fQG', surname='luis', lastname='wiederhold'}
2025-07-06T16:04:28.388+02:00 DEBUG 26908 --- [backend] [http-nio-8080-exec-2] o.s.s.a.dao.DaoAuthenticationProvider    : Authenticated user
2025-07-06T16:04:28.388+02:00 DEBUG 26908 --- [backend] [http-nio-8080-exec-2] o.s.s.w.a.www.BasicAuthenticationFilter  : Set SecurityContextHolder to UsernamePasswordAuthenticationToken [Principal=org.springframework.security.core.userdetails.User [Username=wiederhold.luis@gmx.de, Password=[PROTECTED], Enabled=true, AccountNonExpired=true, CredentialsNonExpired=true, AccountNonLocked=true, Granted Authorities=[]], Credentials=[PROTECTED], Authenticated=true, Details=WebAuthenticationDetails [RemoteIpAddress=0:0:0:0:0:0:0:1, SessionId=null], Granted Authorities=[]]
2025-07-06T16:04:28.404+02:00 DEBUG 26908 --- [backend] [http-nio-8080-exec-2] o.s.s.w.a.r.TokenBasedRememberMeServices : Did not send remember-me cookie (principal did not set parameter 'remember-me')
2025-07-06T16:04:28.404+02:00 DEBUG 26908 --- [backend] [http-nio-8080-exec-2] o.s.s.w.a.r.TokenBasedRememberMeServices : Remember-me login not requested.
2025-07-06T16:04:28.405+02:00 TRACE 26908 --- [backend] [http-nio-8080-exec-2] o.s.security.web.FilterChainProxy        : Invoking RequestCacheAwareFilter (11/15)
2025-07-06T16:04:28.405+02:00 TRACE 26908 --- [backend] [http-nio-8080-exec-2] o.s.s.w.s.HttpSessionRequestCache        : matchingRequestParameterName is required for getMatchingRequest to lookup a value, but not provided
2025-07-06T16:04:28.405+02:00 TRACE 26908 --- [backend] [http-nio-8080-exec-2] o.s.security.web.FilterChainProxy        : Invoking SecurityContextHolderAwareRequestFilter (12/15)
2025-07-06T16:04:28.405+02:00 TRACE 26908 --- [backend] [http-nio-8080-exec-2] o.s.security.web.FilterChainProxy        : Invoking RememberMeAuthenticationFilter (13/15)
2025-07-06T16:04:28.405+02:00 DEBUG 26908 --- [backend] [http-nio-8080-exec-2] s.s.w.a.r.RememberMeAuthenticationFilter : SecurityContextHolder not populated with remember-me token, as it already contained: 'UsernamePasswordAuthenticationToken [Principal=org.springframework.security.core.userdetails.User [Username=wiederhold.luis@gmx.de, Password=[PROTECTED], Enabled=true, AccountNonExpired=true, CredentialsNonExpired=true, AccountNonLocked=true, Granted Authorities=[]], Credentials=[PROTECTED], Authenticated=true, Details=WebAuthenticationDetails [RemoteIpAddress=0:0:0:0:0:0:0:1, SessionId=null], Granted Authorities=[]]'
2025-07-06T16:04:28.405+02:00 TRACE 26908 --- [backend] [http-nio-8080-exec-2] o.s.security.web.FilterChainProxy        : Invoking AnonymousAuthenticationFilter (14/15)
2025-07-06T16:04:28.405+02:00 TRACE 26908 --- [backend] [http-nio-8080-exec-2] o.s.security.web.FilterChainProxy        : Invoking ExceptionTranslationFilter (15/15)
2025-07-06T16:04:28.405+02:00 DEBUG 26908 --- [backend] [http-nio-8080-exec-2] o.s.security.web.FilterChainProxy        : Secured POST /flashcards/create
2025-07-06T16:04:28.474+02:00 DEBUG 26908 --- [backend] [http-nio-8080-exec-2] c.l.backend.flashcards.FlashcardService  : Generating next free flashcard ID
2025-07-06T16:04:28.495+02:00 DEBUG 26908 --- [backend] [http-nio-8080-exec-2] org.hibernate.SQL                        : SELECT nextval('flashcard_sequence')
2025-07-06T16:04:28.501+02:00 DEBUG 26908 --- [backend] [http-nio-8080-exec-2] c.l.backend.flashcards.FlashcardService  : Next free flashcard ID is: 6
2025-07-06T16:04:28.503+02:00 DEBUG 26908 --- [backend] [http-nio-8080-exec-2] c.l.b.flashcards.FlashCardController     : questionImage is not null, trying to convert it to latex and store it afterwards...
2025-07-06T16:04:29.497+02:00 DEBUG 26908 --- [backend] [http-nio-8080-exec-2] c.l.b.flashcards.FlashCardController     : Detected question Latex: {"request_id":"2025_07_06_5173b23d31845b72b405g","version":"SuperNet-103p1","error":"Cannot read image","error_info":{"id":"image_decode_error","message":"Cannot read image"}}
2025-07-06T16:04:29.497+02:00 DEBUG 26908 --- [backend] [http-nio-8080-exec-2] c.l.backend.flashcards.FlashcardService  : Starting storage of Image: questionImage
2025-07-06T16:04:29.497+02:00 DEBUG 26908 --- [backend] [http-nio-8080-exec-2] c.l.b.f.i.DiskImageStorageService        : Starting construction of FlashcardImage URI
2025-07-06T16:04:29.497+02:00 DEBUG 26908 --- [backend] [http-nio-8080-exec-2] c.l.b.f.i.DiskImageStorageService        : Constructed URI: file:///C:/Users/Admin/Desktop/Mathematik%20Studium/1.%20Semester/Informatik/Hausaufgaben/stemcards/backend/src/main/resources/flashcards/wiederhold.luis@gmx.de/6/question/image.svg
2025-07-06T16:04:29.497+02:00 DEBUG 26908 --- [backend] [http-nio-8080-exec-2] c.l.b.f.i.DiskImageStorageService        : Storing flashcard content image now
2025-07-06T16:04:29.498+02:00 DEBUG 26908 --- [backend] [http-nio-8080-exec-2] c.l.b.f.i.DiskImageStorageService        : file with URI: file:///C:/Users/Admin/Desktop/Mathematik%20Studium/1.%20Semester/Informatik/Hausaufgaben/stemcards/backend/src/main/resources/flashcards/wiederhold.luis@gmx.de/6/question/image.svg doesn't exist
2025-07-06T16:04:29.498+02:00 DEBUG 26908 --- [backend] [http-nio-8080-exec-2] c.l.b.f.i.DiskImageStorageService        : creating parent directories up to: C:\Users\Admin\Desktop\Mathematik Studium\1. Semester\Informatik\Hausaufgaben\stemcards\backend\src\main\resources\flashcards\wiederhold.luis@gmx.de\6\question
2025-07-06T16:04:29.499+02:00 DEBUG 26908 --- [backend] [http-nio-8080-exec-2] c.l.b.f.i.DiskImageStorageService        : Created directories
2025-07-06T16:04:29.499+02:00 DEBUG 26908 --- [backend] [http-nio-8080-exec-2] c.l.b.f.i.DiskImageStorageService        : Creating the image file at targetURI: file:///C:/Users/Admin/Desktop/Mathematik%20Studium/1.%20Semester/Informatik/Hausaufgaben/stemcards/backend/src/main/resources/flashcards/wiederhold.luis@gmx.de/6/question/image.svg
2025-07-06T16:04:29.499+02:00 DEBUG 26908 --- [backend] [http-nio-8080-exec-2] c.l.b.f.i.DiskImageStorageService        : Transfering image contents to created file
2025-07-06T16:04:29.500+02:00 DEBUG 26908 --- [backend] [http-nio-8080-exec-2] c.l.b.f.i.DiskImageStorageService        : Transfer success
2025-07-06T16:04:29.501+02:00 DEBUG 26908 --- [backend] [http-nio-8080-exec-2] c.l.b.flashcards.FlashCardController     : answerImage is not null, trying to convert it to latex and store it afterwards...
2025-07-06T16:04:30.246+02:00 DEBUG 26908 --- [backend] [http-nio-8080-exec-2] c.l.b.flashcards.FlashCardController     : Detected answer Latex: {"request_id":"2025_07_06_5173b23d31845b72b405g","version":"SuperNet-103p1","error":"Cannot read image","error_info":{"id":"image_decode_error","message":"Cannot read image"}}
2025-07-06T16:04:30.246+02:00 DEBUG 26908 --- [backend] [http-nio-8080-exec-2] c.l.backend.flashcards.FlashcardService  : Starting storage of Image: answerImage
2025-07-06T16:04:30.246+02:00 DEBUG 26908 --- [backend] [http-nio-8080-exec-2] c.l.b.f.i.DiskImageStorageService        : Starting construction of FlashcardImage URI
2025-07-06T16:04:30.247+02:00 DEBUG 26908 --- [backend] [http-nio-8080-exec-2] c.l.b.f.i.DiskImageStorageService        : Constructed URI: file:///C:/Users/Admin/Desktop/Mathematik%20Studium/1.%20Semester/Informatik/Hausaufgaben/stemcards/backend/src/main/resources/flashcards/wiederhold.luis@gmx.de/6/answer/image.svg
2025-07-06T16:04:30.247+02:00 DEBUG 26908 --- [backend] [http-nio-8080-exec-2] c.l.b.f.i.DiskImageStorageService        : Storing flashcard content image now
2025-07-06T16:04:30.247+02:00 DEBUG 26908 --- [backend] [http-nio-8080-exec-2] c.l.b.f.i.DiskImageStorageService        : file with URI: file:///C:/Users/Admin/Desktop/Mathematik%20Studium/1.%20Semester/Informatik/Hausaufgaben/stemcards/backend/src/main/resources/flashcards/wiederhold.luis@gmx.de/6/answer/image.svg doesn't exist
2025-07-06T16:04:30.247+02:00 DEBUG 26908 --- [backend] [http-nio-8080-exec-2] c.l.b.f.i.DiskImageStorageService        : creating parent directories up to: C:\Users\Admin\Desktop\Mathematik Studium\1. Semester\Informatik\Hausaufgaben\stemcards\backend\src\main\resources\flashcards\wiederhold.luis@gmx.de\6\answer
2025-07-06T16:04:30.247+02:00 DEBUG 26908 --- [backend] [http-nio-8080-exec-2] c.l.b.f.i.DiskImageStorageService        : Created directories
2025-07-06T16:04:30.247+02:00 DEBUG 26908 --- [backend] [http-nio-8080-exec-2] c.l.b.f.i.DiskImageStorageService        : Creating the image file at targetURI: file:///C:/Users/Admin/Desktop/Mathematik%20Studium/1.%20Semester/Informatik/Hausaufgaben/stemcards/backend/src/main/resources/flashcards/wiederhold.luis@gmx.de/6/answer/image.svg
2025-07-06T16:04:30.248+02:00 DEBUG 26908 --- [backend] [http-nio-8080-exec-2] c.l.b.f.i.DiskImageStorageService        : Transfering image contents to created file
2025-07-06T16:04:30.249+02:00 DEBUG 26908 --- [backend] [http-nio-8080-exec-2] c.l.b.f.i.DiskImageStorageService        : Transfer success
2025-07-06T16:04:30.249+02:00 DEBUG 26908 --- [backend] [http-nio-8080-exec-2] c.l.backend.flashcards.FlashcardService  : Storing flashcard for user: wiederhold.luis@gmx.dewith ID: 6
2025-07-06T16:04:30.258+02:00 DEBUG 26908 --- [backend] [http-nio-8080-exec-2] org.hibernate.SQL                        : select f1_0.id,f1_0.answer_image,f1_0.answer_latex,f1_0.creation_date,f1_0.hierachy,f1_0.last_updated_on,f1_0.question_image,f1_0.question_latex,f1_0.username from flashcards f1_0 where f1_0.id=?
2025-07-06T16:04:30.275+02:00 DEBUG 26908 --- [backend] [http-nio-8080-exec-2] org.hibernate.SQL                        : insert into flashcards (answer_image,answer_latex,creation_date,hierachy,last_updated_on,question_image,question_latex,username,id) values (?,?,?,?,?,?,?,?,?)
2025-07-06T16:04:30.297+02:00 TRACE 26908 --- [backend] [http-nio-8080-exec-2] o.s.s.w.header.writers.HstsHeaderWriter  : Not injecting HSTS header since it did not match request to [Is Secure]
2025-07-06T16:04:30.299+02:00 TRACE 26908 --- [backend] [http-nio-8080-exec-2] o.s.s.w.a.AnonymousAuthenticationFilter  : Did not set SecurityContextHolder since already authenticated UsernamePasswordAuthenticationToken [Principal=org.springframework.security.core.userdetails.User [Username=wiederhold.luis@gmx.de, Password=[PROTECTED], Enabled=true, AccountNonExpired=true, CredentialsNonExpired=true, AccountNonLocked=true, Granted Authorities=[]], Credentials=[PROTECTED], Authenticated=true, Details=WebAuthenticationDetails [RemoteIpAddress=0:0:0:0:0:0:0:1, SessionId=null], Granted Authorities=[]]
2025-07-06T16:04:36.482+02:00 TRACE 26908 --- [backend] [http-nio-8080-exec-3] o.s.security.web.FilterChainProxy        : Trying to match request against DefaultSecurityFilterChain defined as 'filterChain' in [class path resource [com/luiswiederhold/backend/security/SecurityConfig.class]] matching [any request] and having filters [DisableEncodeUrl, WebAsyncManagerIntegration, SecurityContextHolder, HeaderWriter, Logout, UsernamePasswordAuthentication, DefaultResources, DefaultLoginPageGenerating, DefaultLogoutPageGenerating, BasicAuthentication, RequestCacheAware, SecurityContextHolderAwareRequest, RememberMeAuthentication, AnonymousAuthentication, ExceptionTranslation] (1/1)
2025-07-06T16:04:36.482+02:00 DEBUG 26908 --- [backend] [http-nio-8080-exec-3] o.s.security.web.FilterChainProxy        : Securing POST /flashcards/create
2025-07-06T16:04:36.482+02:00 TRACE 26908 --- [backend] [http-nio-8080-exec-3] o.s.security.web.FilterChainProxy        : Invoking DisableEncodeUrlFilter (1/15)
2025-07-06T16:04:36.482+02:00 TRACE 26908 --- [backend] [http-nio-8080-exec-3] o.s.security.web.FilterChainProxy        : Invoking WebAsyncManagerIntegrationFilter (2/15)
2025-07-06T16:04:36.482+02:00 TRACE 26908 --- [backend] [http-nio-8080-exec-3] o.s.security.web.FilterChainProxy        : Invoking SecurityContextHolderFilter (3/15)
2025-07-06T16:04:36.482+02:00 TRACE 26908 --- [backend] [http-nio-8080-exec-3] o.s.security.web.FilterChainProxy        : Invoking HeaderWriterFilter (4/15)
2025-07-06T16:04:36.482+02:00 TRACE 26908 --- [backend] [http-nio-8080-exec-3] o.s.security.web.FilterChainProxy        : Invoking LogoutFilter (5/15)
2025-07-06T16:04:36.482+02:00 TRACE 26908 --- [backend] [http-nio-8080-exec-3] o.s.s.w.a.logout.LogoutFilter            : Did not match request to Or [Ant [pattern='/logout', GET], Ant [pattern='/logout', POST], Ant [pattern='/logout', PUT], Ant [pattern='/logout', DELETE]]
2025-07-06T16:04:36.482+02:00 TRACE 26908 --- [backend] [http-nio-8080-exec-3] o.s.security.web.FilterChainProxy        : Invoking UsernamePasswordAuthenticationFilter (6/15)
2025-07-06T16:04:36.482+02:00 TRACE 26908 --- [backend] [http-nio-8080-exec-3] w.a.UsernamePasswordAuthenticationFilter : Did not match request to Ant [pattern='/login', POST]
2025-07-06T16:04:36.482+02:00 TRACE 26908 --- [backend] [http-nio-8080-exec-3] o.s.security.web.FilterChainProxy        : Invoking DefaultResourcesFilter (7/15)
2025-07-06T16:04:36.482+02:00 TRACE 26908 --- [backend] [http-nio-8080-exec-3] o.s.security.web.FilterChainProxy        : Invoking DefaultLoginPageGeneratingFilter (8/15)
2025-07-06T16:04:36.482+02:00 TRACE 26908 --- [backend] [http-nio-8080-exec-3] o.s.security.web.FilterChainProxy        : Invoking DefaultLogoutPageGeneratingFilter (9/15)
2025-07-06T16:04:36.482+02:00 TRACE 26908 --- [backend] [http-nio-8080-exec-3] .w.a.u.DefaultLogoutPageGeneratingFilter : Did not render default logout page since request did not match [Ant [pattern='/logout', GET]]
2025-07-06T16:04:36.482+02:00 TRACE 26908 --- [backend] [http-nio-8080-exec-3] o.s.security.web.FilterChainProxy        : Invoking BasicAuthenticationFilter (10/15)
2025-07-06T16:04:36.483+02:00 TRACE 26908 --- [backend] [http-nio-8080-exec-3] o.s.s.w.a.www.BasicAuthenticationFilter  : Found username 'wiederhold.luis@gmx.de' in Basic Authorization header
2025-07-06T16:04:36.483+02:00 TRACE 26908 --- [backend] [http-nio-8080-exec-3] w.c.HttpSessionSecurityContextRepository : No HttpSession currently exists
2025-07-06T16:04:36.483+02:00 TRACE 26908 --- [backend] [http-nio-8080-exec-3] .s.s.w.c.SupplierDeferredSecurityContext : Created SecurityContextImpl [Null authentication]
2025-07-06T16:04:36.483+02:00 TRACE 26908 --- [backend] [http-nio-8080-exec-3] .s.s.w.c.SupplierDeferredSecurityContext : Created SecurityContextImpl [Null authentication]
2025-07-06T16:04:36.483+02:00 TRACE 26908 --- [backend] [http-nio-8080-exec-3] o.s.s.authentication.ProviderManager     : Authenticating request with DaoAuthenticationProvider (1/1)
2025-07-06T16:04:36.483+02:00  INFO 26908 --- [backend] [http-nio-8080-exec-3] c.l.b.user.CustomUserDetailsService      : Loading user by email: wiederhold.luis@gmx.de
2025-07-06T16:04:36.484+02:00 DEBUG 26908 --- [backend] [http-nio-8080-exec-3] org.hibernate.SQL                        : select u1_0.id,u1_0.email,u1_0.lastname,u1_0.password,u1_0.privilege,u1_0.surname from users u1_0 where u1_0.email=?
2025-07-06T16:04:36.486+02:00  INFO 26908 --- [backend] [http-nio-8080-exec-3] c.l.b.user.CustomUserDetailsService      : Success, found user: User{id=1, email='wiederhold.luis@gmx.de', password='$2a$10$w73YZiDA98mnZurQ.8FkSu5MZ0idsbbAFnhsMQu7RUuO8jEKV4fQG', surname='luis', lastname='wiederhold'}
2025-07-06T16:04:36.557+02:00 DEBUG 26908 --- [backend] [http-nio-8080-exec-3] o.s.s.a.dao.DaoAuthenticationProvider    : Authenticated user
2025-07-06T16:04:36.557+02:00 DEBUG 26908 --- [backend] [http-nio-8080-exec-3] o.s.s.w.a.www.BasicAuthenticationFilter  : Set SecurityContextHolder to UsernamePasswordAuthenticationToken [Principal=org.springframework.security.core.userdetails.User [Username=wiederhold.luis@gmx.de, Password=[PROTECTED], Enabled=true, AccountNonExpired=true, CredentialsNonExpired=true, AccountNonLocked=true, Granted Authorities=[]], Credentials=[PROTECTED], Authenticated=true, Details=WebAuthenticationDetails [RemoteIpAddress=0:0:0:0:0:0:0:1, SessionId=null], Granted Authorities=[]]
2025-07-06T16:04:36.560+02:00 DEBUG 26908 --- [backend] [http-nio-8080-exec-3] o.s.s.w.a.r.TokenBasedRememberMeServices : Did not send remember-me cookie (principal did not set parameter 'remember-me')
2025-07-06T16:04:36.560+02:00 DEBUG 26908 --- [backend] [http-nio-8080-exec-3] o.s.s.w.a.r.TokenBasedRememberMeServices : Remember-me login not requested.
2025-07-06T16:04:36.560+02:00 TRACE 26908 --- [backend] [http-nio-8080-exec-3] o.s.security.web.FilterChainProxy        : Invoking RequestCacheAwareFilter (11/15)
2025-07-06T16:04:36.560+02:00 TRACE 26908 --- [backend] [http-nio-8080-exec-3] o.s.s.w.s.HttpSessionRequestCache        : matchingRequestParameterName is required for getMatchingRequest to lookup a value, but not provided
2025-07-06T16:04:36.560+02:00 TRACE 26908 --- [backend] [http-nio-8080-exec-3] o.s.security.web.FilterChainProxy        : Invoking SecurityContextHolderAwareRequestFilter (12/15)
2025-07-06T16:04:36.560+02:00 TRACE 26908 --- [backend] [http-nio-8080-exec-3] o.s.security.web.FilterChainProxy        : Invoking RememberMeAuthenticationFilter (13/15)
2025-07-06T16:04:36.560+02:00 DEBUG 26908 --- [backend] [http-nio-8080-exec-3] s.s.w.a.r.RememberMeAuthenticationFilter : SecurityContextHolder not populated with remember-me token, as it already contained: 'UsernamePasswordAuthenticationToken [Principal=org.springframework.security.core.userdetails.User [Username=wiederhold.luis@gmx.de, Password=[PROTECTED], Enabled=true, AccountNonExpired=true, CredentialsNonExpired=true, AccountNonLocked=true, Granted Authorities=[]], Credentials=[PROTECTED], Authenticated=true, Details=WebAuthenticationDetails [RemoteIpAddress=0:0:0:0:0:0:0:1, SessionId=null], Granted Authorities=[]]'
2025-07-06T16:04:36.560+02:00 TRACE 26908 --- [backend] [http-nio-8080-exec-3] o.s.security.web.FilterChainProxy        : Invoking AnonymousAuthenticationFilter (14/15)
2025-07-06T16:04:36.561+02:00 TRACE 26908 --- [backend] [http-nio-8080-exec-3] o.s.security.web.FilterChainProxy        : Invoking ExceptionTranslationFilter (15/15)
2025-07-06T16:04:36.561+02:00 DEBUG 26908 --- [backend] [http-nio-8080-exec-3] o.s.security.web.FilterChainProxy        : Secured POST /flashcards/create
2025-07-06T16:04:36.562+02:00 DEBUG 26908 --- [backend] [http-nio-8080-exec-3] c.l.backend.flashcards.FlashcardService  : Generating next free flashcard ID
2025-07-06T16:04:36.563+02:00 DEBUG 26908 --- [backend] [http-nio-8080-exec-3] org.hibernate.SQL                        : SELECT nextval('flashcard_sequence')
2025-07-06T16:04:36.563+02:00 DEBUG 26908 --- [backend] [http-nio-8080-exec-3] c.l.backend.flashcards.FlashcardService  : Next free flashcard ID is: 7
2025-07-06T16:04:36.564+02:00 DEBUG 26908 --- [backend] [http-nio-8080-exec-3] c.l.b.flashcards.FlashCardController     : questionImage is not null, trying to convert it to latex and store it afterwards...
2025-07-06T16:04:37.101+02:00 DEBUG 26908 --- [backend] [http-nio-8080-exec-3] c.l.b.flashcards.FlashCardController     : Detected question Latex: {"request_id":"2025_07_06_a9b663a2cdff1f5ff70fg","version":"SuperNet-103p1","error":"Cannot read image","error_info":{"id":"image_decode_error","message":"Cannot read image"}}
2025-07-06T16:04:37.101+02:00 DEBUG 26908 --- [backend] [http-nio-8080-exec-3] c.l.backend.flashcards.FlashcardService  : Starting storage of Image: questionImage
2025-07-06T16:04:37.101+02:00 DEBUG 26908 --- [backend] [http-nio-8080-exec-3] c.l.b.f.i.DiskImageStorageService        : Starting construction of FlashcardImage URI
2025-07-06T16:04:37.101+02:00 DEBUG 26908 --- [backend] [http-nio-8080-exec-3] c.l.b.f.i.DiskImageStorageService        : Constructed URI: file:///C:/Users/Admin/Desktop/Mathematik%20Studium/1.%20Semester/Informatik/Hausaufgaben/stemcards/backend/src/main/resources/flashcards/wiederhold.luis@gmx.de/7/question/image.svg
2025-07-06T16:04:37.101+02:00 DEBUG 26908 --- [backend] [http-nio-8080-exec-3] c.l.b.f.i.DiskImageStorageService        : Storing flashcard content image now
2025-07-06T16:04:37.102+02:00 DEBUG 26908 --- [backend] [http-nio-8080-exec-3] c.l.b.f.i.DiskImageStorageService        : file with URI: file:///C:/Users/Admin/Desktop/Mathematik%20Studium/1.%20Semester/Informatik/Hausaufgaben/stemcards/backend/src/main/resources/flashcards/wiederhold.luis@gmx.de/7/question/image.svg doesn't exist
2025-07-06T16:04:37.102+02:00 DEBUG 26908 --- [backend] [http-nio-8080-exec-3] c.l.b.f.i.DiskImageStorageService        : creating parent directories up to: C:\Users\Admin\Desktop\Mathematik Studium\1. Semester\Informatik\Hausaufgaben\stemcards\backend\src\main\resources\flashcards\wiederhold.luis@gmx.de\7\question
2025-07-06T16:04:37.102+02:00 DEBUG 26908 --- [backend] [http-nio-8080-exec-3] c.l.b.f.i.DiskImageStorageService        : Created directories
2025-07-06T16:04:37.102+02:00 DEBUG 26908 --- [backend] [http-nio-8080-exec-3] c.l.b.f.i.DiskImageStorageService        : Creating the image file at targetURI: file:///C:/Users/Admin/Desktop/Mathematik%20Studium/1.%20Semester/Informatik/Hausaufgaben/stemcards/backend/src/main/resources/flashcards/wiederhold.luis@gmx.de/7/question/image.svg
2025-07-06T16:04:37.103+02:00 DEBUG 26908 --- [backend] [http-nio-8080-exec-3] c.l.b.f.i.DiskImageStorageService        : Transfering image contents to created file
2025-07-06T16:04:37.104+02:00 DEBUG 26908 --- [backend] [http-nio-8080-exec-3] c.l.b.f.i.DiskImageStorageService        : Transfer success
2025-07-06T16:04:37.104+02:00 DEBUG 26908 --- [backend] [http-nio-8080-exec-3] c.l.b.flashcards.FlashCardController     : answerImage is not null, trying to convert it to latex and store it afterwards...
2025-07-06T16:04:37.634+02:00 DEBUG 26908 --- [backend] [http-nio-8080-exec-3] c.l.b.flashcards.FlashCardController     : Detected answer Latex: {"request_id":"2025_07_06_a9b663a2cdff1f5ff70fg","version":"SuperNet-103p1","error":"Cannot read image","error_info":{"id":"image_decode_error","message":"Cannot read image"}}
2025-07-06T16:04:37.634+02:00 DEBUG 26908 --- [backend] [http-nio-8080-exec-3] c.l.backend.flashcards.FlashcardService  : Starting storage of Image: answerImage
2025-07-06T16:04:37.634+02:00 DEBUG 26908 --- [backend] [http-nio-8080-exec-3] c.l.b.f.i.DiskImageStorageService        : Starting construction of FlashcardImage URI
2025-07-06T16:04:37.634+02:00 DEBUG 26908 --- [backend] [http-nio-8080-exec-3] c.l.b.f.i.DiskImageStorageService        : Constructed URI: file:///C:/Users/Admin/Desktop/Mathematik%20Studium/1.%20Semester/Informatik/Hausaufgaben/stemcards/backend/src/main/resources/flashcards/wiederhold.luis@gmx.de/7/answer/image.svg
2025-07-06T16:04:37.634+02:00 DEBUG 26908 --- [backend] [http-nio-8080-exec-3] c.l.b.f.i.DiskImageStorageService        : Storing flashcard content image now
2025-07-06T16:04:37.634+02:00 DEBUG 26908 --- [backend] [http-nio-8080-exec-3] c.l.b.f.i.DiskImageStorageService        : file with URI: file:///C:/Users/Admin/Desktop/Mathematik%20Studium/1.%20Semester/Informatik/Hausaufgaben/stemcards/backend/src/main/resources/flashcards/wiederhold.luis@gmx.de/7/answer/image.svg doesn't exist
2025-07-06T16:04:37.634+02:00 DEBUG 26908 --- [backend] [http-nio-8080-exec-3] c.l.b.f.i.DiskImageStorageService        : creating parent directories up to: C:\Users\Admin\Desktop\Mathematik Studium\1. Semester\Informatik\Hausaufgaben\stemcards\backend\src\main\resources\flashcards\wiederhold.luis@gmx.de\7\answer
2025-07-06T16:04:37.635+02:00 DEBUG 26908 --- [backend] [http-nio-8080-exec-3] c.l.b.f.i.DiskImageStorageService        : Created directories
2025-07-06T16:04:37.635+02:00 DEBUG 26908 --- [backend] [http-nio-8080-exec-3] c.l.b.f.i.DiskImageStorageService        : Creating the image file at targetURI: file:///C:/Users/Admin/Desktop/Mathematik%20Studium/1.%20Semester/Informatik/Hausaufgaben/stemcards/backend/src/main/resources/flashcards/wiederhold.luis@gmx.de/7/answer/image.svg
2025-07-06T16:04:37.635+02:00 DEBUG 26908 --- [backend] [http-nio-8080-exec-3] c.l.b.f.i.DiskImageStorageService        : Transfering image contents to created file
2025-07-06T16:04:37.636+02:00 DEBUG 26908 --- [backend] [http-nio-8080-exec-3] c.l.b.f.i.DiskImageStorageService        : Transfer success
2025-07-06T16:04:37.636+02:00 DEBUG 26908 --- [backend] [http-nio-8080-exec-3] c.l.backend.flashcards.FlashcardService  : Storing flashcard for user: wiederhold.luis@gmx.dewith ID: 7
2025-07-06T16:04:37.636+02:00 DEBUG 26908 --- [backend] [http-nio-8080-exec-3] org.hibernate.SQL                        : select f1_0.id,f1_0.answer_image,f1_0.answer_latex,f1_0.creation_date,f1_0.hierachy,f1_0.last_updated_on,f1_0.question_image,f1_0.question_latex,f1_0.username from flashcards f1_0 where f1_0.id=?
2025-07-06T16:04:37.637+02:00 DEBUG 26908 --- [backend] [http-nio-8080-exec-3] org.hibernate.SQL                        : insert into flashcards (answer_image,answer_latex,creation_date,hierachy,last_updated_on,question_image,question_latex,username,id) values (?,?,?,?,?,?,?,?,?)
2025-07-06T16:04:37.639+02:00 TRACE 26908 --- [backend] [http-nio-8080-exec-3] o.s.s.w.header.writers.HstsHeaderWriter  : Not injecting HSTS header since it did not match request to [Is Secure]
2025-07-06T16:04:37.640+02:00 TRACE 26908 --- [backend] [http-nio-8080-exec-3] o.s.s.w.a.AnonymousAuthenticationFilter  : Did not set SecurityContextHolder since already authenticated UsernamePasswordAuthenticationToken [Principal=org.springframework.security.core.userdetails.User [Username=wiederhold.luis@gmx.de, Password=[PROTECTED], Enabled=true, AccountNonExpired=true, CredentialsNonExpired=true, AccountNonLocked=true, Granted Authorities=[]], Credentials=[PROTECTED], Authenticated=true, Details=WebAuthenticationDetails [RemoteIpAddress=0:0:0:0:0:0:0:1, SessionId=null], Granted Authorities=[]]
2025-07-06T16:05:09.498+02:00  INFO 26908 --- [backend] [File Watcher] rtingClassPathChangeChangedEventListener : Restarting due to 13 class path changes (4 additions, 0 deletions, 9 modifications)
2025-07-06T16:05:09.501+02:00  INFO 26908 --- [backend] [Thread-5] o.s.b.w.e.tomcat.GracefulShutdown        : Commencing graceful shutdown. Waiting for active requests to complete
2025-07-06T16:05:09.517+02:00  INFO 26908 --- [backend] [tomcat-shutdown] o.s.b.w.e.tomcat.GracefulShutdown        : Graceful shutdown complete
2025-07-06T16:05:09.520+02:00  INFO 26908 --- [backend] [Thread-5] j.LocalContainerEntityManagerFactoryBean : Closing JPA EntityManagerFactory for persistence unit 'default'
2025-07-06T16:05:09.522+02:00  INFO 26908 --- [backend] [Thread-5] com.zaxxer.hikari.HikariDataSource       : HikariPool-1 - Shutdown initiated...
2025-07-06T16:05:09.524+02:00  INFO 26908 --- [backend] [Thread-5] com.zaxxer.hikari.HikariDataSource       : HikariPool-1 - Shutdown completed.
2025-07-06T16:05:09.563+02:00  INFO 26908 --- [backend] [restartedMain] c.l.backend.BackendApplication           : Started Application
2025-07-06T16:05:09.590+02:00  INFO 26908 --- [backend] [restartedMain] c.l.backend.BackendApplication           : Starting BackendApplication using Java 17.0.9 with PID 26908 (C:\Users\Admin\Desktop\Mathematik Studium\1. Semester\Informatik\Hausaufgaben\stemcards\backend\build\classes\java\main started by Admin in C:\Users\Admin\Desktop\Mathematik Studium\1. Semester\Informatik\Hausaufgaben\stemcards\backend)
2025-07-06T16:05:09.590+02:00  INFO 26908 --- [backend] [restartedMain] c.l.backend.BackendApplication           : The following 1 profile is active: "prod"
2025-07-06T16:05:09.765+02:00  INFO 26908 --- [backend] [restartedMain] .s.d.r.c.RepositoryConfigurationDelegate : Bootstrapping Spring Data JPA repositories in DEFAULT mode.
2025-07-06T16:05:09.775+02:00  INFO 26908 --- [backend] [restartedMain] .s.d.r.c.RepositoryConfigurationDelegate : Finished Spring Data repository scanning in 9 ms. Found 2 JPA repository interfaces.
2025-07-06T16:05:09.843+02:00  INFO 26908 --- [backend] [restartedMain] o.s.b.w.embedded.tomcat.TomcatWebServer  : Tomcat initialized with port 8080 (http)
2025-07-06T16:05:09.843+02:00  INFO 26908 --- [backend] [restartedMain] o.apache.catalina.core.StandardService   : Starting service [Tomcat]
2025-07-06T16:05:09.843+02:00  INFO 26908 --- [backend] [restartedMain] o.apache.catalina.core.StandardEngine    : Starting Servlet engine: [Apache Tomcat/10.1.36]
2025-07-06T16:05:09.858+02:00  INFO 26908 --- [backend] [restartedMain] o.a.c.c.C.[Tomcat].[localhost].[/]       : Initializing Spring embedded WebApplicationContext
2025-07-06T16:05:09.859+02:00  INFO 26908 --- [backend] [restartedMain] w.s.c.ServletWebServerApplicationContext : Root WebApplicationContext: initialization completed in 267 ms
2025-07-06T16:05:09.886+02:00  INFO 26908 --- [backend] [restartedMain] o.hibernate.jpa.internal.util.LogHelper  : HHH000204: Processing PersistenceUnitInfo [name: default]
2025-07-06T16:05:09.889+02:00  INFO 26908 --- [backend] [restartedMain] o.h.c.internal.RegionFactoryInitiator    : HHH000026: Second-level cache disabled
2025-07-06T16:05:09.900+02:00  INFO 26908 --- [backend] [restartedMain] o.s.o.j.p.SpringPersistenceUnitInfo      : No LoadTimeWeaver setup: ignoring JPA class transformer
2025-07-06T16:05:09.900+02:00  INFO 26908 --- [backend] [restartedMain] com.zaxxer.hikari.HikariDataSource       : HikariPool-2 - Starting...
2025-07-06T16:05:10.046+02:00  INFO 26908 --- [backend] [restartedMain] com.zaxxer.hikari.pool.HikariPool        : HikariPool-2 - Added connection org.postgresql.jdbc.PgConnection@340af014
2025-07-06T16:05:10.046+02:00  INFO 26908 --- [backend] [restartedMain] com.zaxxer.hikari.HikariDataSource       : HikariPool-2 - Start completed.
2025-07-06T16:05:10.052+02:00  WARN 26908 --- [backend] [restartedMain] org.hibernate.orm.deprecation            : HHH90000025: PostgreSQLDialect does not need to be specified explicitly using 'hibernate.dialect' (remove the property setting and it will be selected by default)
2025-07-06T16:05:10.052+02:00  INFO 26908 --- [backend] [restartedMain] org.hibernate.orm.connections.pooling    : HHH10001005: Database info:
	Database JDBC URL [Connecting through datasource 'HikariDataSource (HikariPool-2)']
	Database driver: undefined/unknown
	Database version: 17.5
	Autocommit mode: undefined/unknown
	Isolation level: undefined/unknown
	Minimum pool size: undefined/unknown
	Maximum pool size: undefined/unknown
2025-07-06T16:05:10.098+02:00  INFO 26908 --- [backend] [restartedMain] o.h.e.t.j.p.i.JtaPlatformInitiator       : HHH000489: No JTA platform available (set 'hibernate.transaction.jta.platform' to enable JTA platform integration)
2025-07-06T16:05:10.108+02:00  INFO 26908 --- [backend] [restartedMain] j.LocalContainerEntityManagerFactoryBean : Initialized JPA EntityManagerFactory for persistence unit 'default'
2025-07-06T16:05:10.165+02:00  WARN 26908 --- [backend] [restartedMain] JpaBaseConfiguration$JpaWebConfiguration : spring.jpa.open-in-view is enabled by default. Therefore, database queries may be performed during view rendering. Explicitly configure spring.jpa.open-in-view to disable this warning
2025-07-06T16:05:10.170+02:00 TRACE 26908 --- [backend] [restartedMain] eGlobalAuthenticationAutowiredConfigurer : Eagerly initializing {securityConfig=com.luiswiederhold.backend.security.SecurityConfig$$SpringCGLIB$$0@312fb688}
2025-07-06T16:05:10.170+02:00  INFO 26908 --- [backend] [restartedMain] eAuthenticationProviderManagerConfigurer : Found 2 AuthenticationProvider beans, with names [rememberMeAuthenticationProvider, daoAuthenticationProvider]. Global Authentication Manager will not be configured with AuthenticationProviders. Consider publishing a single AuthenticationProvider bean, or wiring your Providers directly using the DSL.
2025-07-06T16:05:10.170+02:00  INFO 26908 --- [backend] [restartedMain] r$InitializeUserDetailsManagerConfigurer : Global AuthenticationManager configured with UserDetailsService bean with name customUserDetailsService
2025-07-06T16:05:10.214+02:00 DEBUG 26908 --- [backend] [restartedMain] o.s.s.web.DefaultSecurityFilterChain     : Will secure any request with filters: DisableEncodeUrlFilter, WebAsyncManagerIntegrationFilter, SecurityContextHolderFilter, HeaderWriterFilter, LogoutFilter, UsernamePasswordAuthenticationFilter, DefaultResourcesFilter, DefaultLoginPageGeneratingFilter, DefaultLogoutPageGeneratingFilter, BasicAuthenticationFilter, RequestCacheAwareFilter, SecurityContextHolderAwareRequestFilter, RememberMeAuthenticationFilter, AnonymousAuthenticationFilter, ExceptionTranslationFilter
2025-07-06T16:05:10.244+02:00  INFO 26908 --- [backend] [restartedMain] o.s.b.d.a.OptionalLiveReloadServer       : LiveReload server is running on port 35729
2025-07-06T16:05:10.253+02:00  INFO 26908 --- [backend] [restartedMain] o.s.b.w.embedded.tomcat.TomcatWebServer  : Tomcat started on port 8080 (http) with context path '/'
2025-07-06T16:05:10.257+02:00  INFO 26908 --- [backend] [restartedMain] c.l.backend.BackendApplication           : Started BackendApplication in 0.69 seconds (process running for 59.222)
2025-07-06T16:05:10.258+02:00  INFO 26908 --- [backend] [restartedMain] .ConditionEvaluationDeltaLoggingListener : Condition evaluation unchanged
2025-07-06T16:07:17.147+02:00  INFO 26908 --- [backend] [File Watcher] rtingClassPathChangeChangedEventListener : Restarting due to 1 class path change (0 additions, 0 deletions, 1 modification)
2025-07-06T16:07:17.148+02:00  INFO 26908 --- [backend] [Thread-7] o.s.b.w.e.tomcat.GracefulShutdown        : Commencing graceful shutdown. Waiting for active requests to complete
2025-07-06T16:07:17.164+02:00  INFO 26908 --- [backend] [tomcat-shutdown] o.s.b.w.e.tomcat.GracefulShutdown        : Graceful shutdown complete
2025-07-06T16:07:17.166+02:00  INFO 26908 --- [backend] [Thread-7] j.LocalContainerEntityManagerFactoryBean : Closing JPA EntityManagerFactory for persistence unit 'default'
2025-07-06T16:07:17.166+02:00  INFO 26908 --- [backend] [Thread-7] com.zaxxer.hikari.HikariDataSource       : HikariPool-2 - Shutdown initiated...
2025-07-06T16:07:17.167+02:00  INFO 26908 --- [backend] [Thread-7] com.zaxxer.hikari.HikariDataSource       : HikariPool-2 - Shutdown completed.
2025-07-06T16:07:17.197+02:00  INFO 26908 --- [backend] [restartedMain] c.l.backend.BackendApplication           : Started Application
2025-07-06T16:07:17.221+02:00  INFO 26908 --- [backend] [restartedMain] c.l.backend.BackendApplication           : Starting BackendApplication using Java 17.0.9 with PID 26908 (C:\Users\Admin\Desktop\Mathematik Studium\1. Semester\Informatik\Hausaufgaben\stemcards\backend\build\classes\java\main started by Admin in C:\Users\Admin\Desktop\Mathematik Studium\1. Semester\Informatik\Hausaufgaben\stemcards\backend)
2025-07-06T16:07:17.221+02:00  INFO 26908 --- [backend] [restartedMain] c.l.backend.BackendApplication           : The following 1 profile is active: "prod"
2025-07-06T16:07:17.372+02:00  INFO 26908 --- [backend] [restartedMain] .s.d.r.c.RepositoryConfigurationDelegate : Bootstrapping Spring Data JPA repositories in DEFAULT mode.
2025-07-06T16:07:17.381+02:00  INFO 26908 --- [backend] [restartedMain] .s.d.r.c.RepositoryConfigurationDelegate : Finished Spring Data repository scanning in 8 ms. Found 2 JPA repository interfaces.
2025-07-06T16:07:17.448+02:00  INFO 26908 --- [backend] [restartedMain] o.s.b.w.embedded.tomcat.TomcatWebServer  : Tomcat initialized with port 8080 (http)
2025-07-06T16:07:17.449+02:00  INFO 26908 --- [backend] [restartedMain] o.apache.catalina.core.StandardService   : Starting service [Tomcat]
2025-07-06T16:07:17.449+02:00  INFO 26908 --- [backend] [restartedMain] o.apache.catalina.core.StandardEngine    : Starting Servlet engine: [Apache Tomcat/10.1.36]
2025-07-06T16:07:17.463+02:00  INFO 26908 --- [backend] [restartedMain] o.a.c.c.C.[Tomcat].[localhost].[/]       : Initializing Spring embedded WebApplicationContext
2025-07-06T16:07:17.463+02:00  INFO 26908 --- [backend] [restartedMain] w.s.c.ServletWebServerApplicationContext : Root WebApplicationContext: initialization completed in 240 ms
2025-07-06T16:07:17.487+02:00  INFO 26908 --- [backend] [restartedMain] o.hibernate.jpa.internal.util.LogHelper  : HHH000204: Processing PersistenceUnitInfo [name: default]
2025-07-06T16:07:17.491+02:00  INFO 26908 --- [backend] [restartedMain] o.h.c.internal.RegionFactoryInitiator    : HHH000026: Second-level cache disabled
2025-07-06T16:07:17.498+02:00  INFO 26908 --- [backend] [restartedMain] o.s.o.j.p.SpringPersistenceUnitInfo      : No LoadTimeWeaver setup: ignoring JPA class transformer
2025-07-06T16:07:17.499+02:00  INFO 26908 --- [backend] [restartedMain] com.zaxxer.hikari.HikariDataSource       : HikariPool-3 - Starting...
2025-07-06T16:07:17.633+02:00  INFO 26908 --- [backend] [restartedMain] com.zaxxer.hikari.pool.HikariPool        : HikariPool-3 - Added connection org.postgresql.jdbc.PgConnection@c7e49e4
2025-07-06T16:07:17.633+02:00  INFO 26908 --- [backend] [restartedMain] com.zaxxer.hikari.HikariDataSource       : HikariPool-3 - Start completed.
2025-07-06T16:07:17.639+02:00  WARN 26908 --- [backend] [restartedMain] org.hibernate.orm.deprecation            : HHH90000025: PostgreSQLDialect does not need to be specified explicitly using 'hibernate.dialect' (remove the property setting and it will be selected by default)
2025-07-06T16:07:17.639+02:00  INFO 26908 --- [backend] [restartedMain] org.hibernate.orm.connections.pooling    : HHH10001005: Database info:
	Database JDBC URL [Connecting through datasource 'HikariDataSource (HikariPool-3)']
	Database driver: undefined/unknown
	Database version: 17.5
	Autocommit mode: undefined/unknown
	Isolation level: undefined/unknown
	Minimum pool size: undefined/unknown
	Maximum pool size: undefined/unknown
2025-07-06T16:07:17.682+02:00  INFO 26908 --- [backend] [restartedMain] o.h.e.t.j.p.i.JtaPlatformInitiator       : HHH000489: No JTA platform available (set 'hibernate.transaction.jta.platform' to enable JTA platform integration)
2025-07-06T16:07:17.691+02:00  INFO 26908 --- [backend] [restartedMain] j.LocalContainerEntityManagerFactoryBean : Initialized JPA EntityManagerFactory for persistence unit 'default'
2025-07-06T16:07:17.748+02:00  WARN 26908 --- [backend] [restartedMain] JpaBaseConfiguration$JpaWebConfiguration : spring.jpa.open-in-view is enabled by default. Therefore, database queries may be performed during view rendering. Explicitly configure spring.jpa.open-in-view to disable this warning
2025-07-06T16:07:17.752+02:00 TRACE 26908 --- [backend] [restartedMain] eGlobalAuthenticationAutowiredConfigurer : Eagerly initializing {securityConfig=com.luiswiederhold.backend.security.SecurityConfig$$SpringCGLIB$$0@95a6d2c}
2025-07-06T16:07:17.752+02:00  INFO 26908 --- [backend] [restartedMain] eAuthenticationProviderManagerConfigurer : Found 2 AuthenticationProvider beans, with names [rememberMeAuthenticationProvider, daoAuthenticationProvider]. Global Authentication Manager will not be configured with AuthenticationProviders. Consider publishing a single AuthenticationProvider bean, or wiring your Providers directly using the DSL.
2025-07-06T16:07:17.752+02:00  INFO 26908 --- [backend] [restartedMain] r$InitializeUserDetailsManagerConfigurer : Global AuthenticationManager configured with UserDetailsService bean with name customUserDetailsService
2025-07-06T16:07:17.796+02:00 DEBUG 26908 --- [backend] [restartedMain] o.s.s.web.DefaultSecurityFilterChain     : Will secure any request with filters: DisableEncodeUrlFilter, WebAsyncManagerIntegrationFilter, SecurityContextHolderFilter, HeaderWriterFilter, LogoutFilter, UsernamePasswordAuthenticationFilter, DefaultResourcesFilter, DefaultLoginPageGeneratingFilter, DefaultLogoutPageGeneratingFilter, BasicAuthenticationFilter, RequestCacheAwareFilter, SecurityContextHolderAwareRequestFilter, RememberMeAuthenticationFilter, AnonymousAuthenticationFilter, ExceptionTranslationFilter
2025-07-06T16:07:17.833+02:00  INFO 26908 --- [backend] [restartedMain] o.s.b.d.a.OptionalLiveReloadServer       : LiveReload server is running on port 35729
2025-07-06T16:07:17.841+02:00  INFO 26908 --- [backend] [restartedMain] o.s.b.w.embedded.tomcat.TomcatWebServer  : Tomcat started on port 8080 (http) with context path '/'
2025-07-06T16:07:17.843+02:00  INFO 26908 --- [backend] [restartedMain] c.l.backend.BackendApplication           : Started BackendApplication in 0.642 seconds (process running for 186.808)
2025-07-06T16:07:17.844+02:00  INFO 26908 --- [backend] [restartedMain] .ConditionEvaluationDeltaLoggingListener : Condition evaluation unchanged
2025-07-06T16:17:15.108+02:00  INFO 26908 --- [backend] [SpringApplicationShutdownHook] o.s.b.w.e.tomcat.GracefulShutdown        : Commencing graceful shutdown. Waiting for active requests to complete
2025-07-06T16:17:15.125+02:00  INFO 26908 --- [backend] [tomcat-shutdown] o.s.b.w.e.tomcat.GracefulShutdown        : Graceful shutdown complete
2025-07-06T16:17:15.126+02:00  INFO 26908 --- [backend] [SpringApplicationShutdownHook] j.LocalContainerEntityManagerFactoryBean : Closing JPA EntityManagerFactory for persistence unit 'default'
2025-07-06T16:17:15.127+02:00  INFO 26908 --- [backend] [SpringApplicationShutdownHook] com.zaxxer.hikari.HikariDataSource       : HikariPool-3 - Shutdown initiated...
2025-07-06T16:17:15.128+02:00  INFO 26908 --- [backend] [SpringApplicationShutdownHook] com.zaxxer.hikari.HikariDataSource       : HikariPool-3 - Shutdown completed.
2025-07-06T16:17:17.846+02:00  INFO 28560 --- [backend] [restartedMain] c.l.backend.BackendApplication           : Starting BackendApplication using Java 17.0.9 with PID 28560 (C:\Users\Admin\Desktop\Mathematik Studium\1. Semester\Informatik\Hausaufgaben\stemcards\backend\build\classes\java\main started by Admin in C:\Users\Admin\Desktop\Mathematik Studium\1. Semester\Informatik\Hausaufgaben\stemcards\backend)
2025-07-06T16:17:17.847+02:00  INFO 28560 --- [backend] [restartedMain] c.l.backend.BackendApplication           : The following 1 profile is active: "prod"
2025-07-06T16:17:17.881+02:00  INFO 28560 --- [backend] [restartedMain] .e.DevToolsPropertyDefaultsPostProcessor : Devtools property defaults active! Set 'spring.devtools.add-properties' to 'false' to disable
2025-07-06T16:17:17.882+02:00  INFO 28560 --- [backend] [restartedMain] .e.DevToolsPropertyDefaultsPostProcessor : For additional web related logging consider setting the 'logging.level.web' property to 'DEBUG'
2025-07-06T16:17:18.557+02:00  INFO 28560 --- [backend] [restartedMain] .s.d.r.c.RepositoryConfigurationDelegate : Bootstrapping Spring Data JPA repositories in DEFAULT mode.
2025-07-06T16:17:18.605+02:00  INFO 28560 --- [backend] [restartedMain] .s.d.r.c.RepositoryConfigurationDelegate : Finished Spring Data repository scanning in 40 ms. Found 2 JPA repository interfaces.
2025-07-06T16:17:19.090+02:00  INFO 28560 --- [backend] [restartedMain] o.s.b.w.embedded.tomcat.TomcatWebServer  : Tomcat initialized with port 8080 (http)
2025-07-06T16:17:19.100+02:00  INFO 28560 --- [backend] [restartedMain] o.apache.catalina.core.StandardService   : Starting service [Tomcat]
2025-07-06T16:17:19.100+02:00  INFO 28560 --- [backend] [restartedMain] o.apache.catalina.core.StandardEngine    : Starting Servlet engine: [Apache Tomcat/10.1.36]
2025-07-06T16:17:19.149+02:00  INFO 28560 --- [backend] [restartedMain] o.a.c.c.C.[Tomcat].[localhost].[/]       : Initializing Spring embedded WebApplicationContext
2025-07-06T16:17:19.150+02:00  INFO 28560 --- [backend] [restartedMain] w.s.c.ServletWebServerApplicationContext : Root WebApplicationContext: initialization completed in 1268 ms
2025-07-06T16:17:19.280+02:00  INFO 28560 --- [backend] [restartedMain] o.hibernate.jpa.internal.util.LogHelper  : HHH000204: Processing PersistenceUnitInfo [name: default]
2025-07-06T16:17:19.331+02:00  INFO 28560 --- [backend] [restartedMain] org.hibernate.Version                    : HHH000412: Hibernate ORM core version 6.6.8.Final
2025-07-06T16:17:19.358+02:00  INFO 28560 --- [backend] [restartedMain] o.h.c.internal.RegionFactoryInitiator    : HHH000026: Second-level cache disabled
2025-07-06T16:17:19.575+02:00  INFO 28560 --- [backend] [restartedMain] o.s.o.j.p.SpringPersistenceUnitInfo      : No LoadTimeWeaver setup: ignoring JPA class transformer
2025-07-06T16:17:19.598+02:00  INFO 28560 --- [backend] [restartedMain] com.zaxxer.hikari.HikariDataSource       : HikariPool-1 - Starting...
2025-07-06T16:17:19.807+02:00  INFO 28560 --- [backend] [restartedMain] com.zaxxer.hikari.pool.HikariPool        : HikariPool-1 - Added connection org.postgresql.jdbc.PgConnection@5a75247f
2025-07-06T16:17:19.808+02:00  INFO 28560 --- [backend] [restartedMain] com.zaxxer.hikari.HikariDataSource       : HikariPool-1 - Start completed.
2025-07-06T16:17:19.832+02:00  WARN 28560 --- [backend] [restartedMain] org.hibernate.orm.deprecation            : HHH90000025: PostgreSQLDialect does not need to be specified explicitly using 'hibernate.dialect' (remove the property setting and it will be selected by default)
2025-07-06T16:17:19.847+02:00  INFO 28560 --- [backend] [restartedMain] org.hibernate.orm.connections.pooling    : HHH10001005: Database info:
	Database JDBC URL [Connecting through datasource 'HikariDataSource (HikariPool-1)']
	Database driver: undefined/unknown
	Database version: 17.5
	Autocommit mode: undefined/unknown
	Isolation level: undefined/unknown
	Minimum pool size: undefined/unknown
	Maximum pool size: undefined/unknown
2025-07-06T16:17:20.503+02:00  INFO 28560 --- [backend] [restartedMain] o.h.e.t.j.p.i.JtaPlatformInitiator       : HHH000489: No JTA platform available (set 'hibernate.transaction.jta.platform' to enable JTA platform integration)
2025-07-06T16:17:20.535+02:00  INFO 28560 --- [backend] [restartedMain] j.LocalContainerEntityManagerFactoryBean : Initialized JPA EntityManagerFactory for persistence unit 'default'
2025-07-06T16:17:20.746+02:00  INFO 28560 --- [backend] [restartedMain] o.s.d.j.r.query.QueryEnhancerFactory     : Hibernate is in classpath; If applicable, HQL parser will be used.
2025-07-06T16:17:20.808+02:00  WARN 28560 --- [backend] [restartedMain] JpaBaseConfiguration$JpaWebConfiguration : spring.jpa.open-in-view is enabled by default. Therefore, database queries may be performed during view rendering. Explicitly configure spring.jpa.open-in-view to disable this warning
2025-07-06T16:17:20.818+02:00 TRACE 28560 --- [backend] [restartedMain] eGlobalAuthenticationAutowiredConfigurer : Eagerly initializing {securityConfig=com.luiswiederhold.backend.security.SecurityConfig$$SpringCGLIB$$0@719c30a0}
2025-07-06T16:17:20.819+02:00  INFO 28560 --- [backend] [restartedMain] eAuthenticationProviderManagerConfigurer : Found 2 AuthenticationProvider beans, with names [rememberMeAuthenticationProvider, daoAuthenticationProvider]. Global Authentication Manager will not be configured with AuthenticationProviders. Consider publishing a single AuthenticationProvider bean, or wiring your Providers directly using the DSL.
2025-07-06T16:17:20.823+02:00  INFO 28560 --- [backend] [restartedMain] r$InitializeUserDetailsManagerConfigurer : Global AuthenticationManager configured with UserDetailsService bean with name customUserDetailsService
2025-07-06T16:17:20.998+02:00 DEBUG 28560 --- [backend] [restartedMain] o.s.s.web.DefaultSecurityFilterChain     : Will secure any request with filters: DisableEncodeUrlFilter, WebAsyncManagerIntegrationFilter, SecurityContextHolderFilter, HeaderWriterFilter, LogoutFilter, UsernamePasswordAuthenticationFilter, DefaultResourcesFilter, DefaultLoginPageGeneratingFilter, DefaultLogoutPageGeneratingFilter, BasicAuthenticationFilter, RequestCacheAwareFilter, SecurityContextHolderAwareRequestFilter, RememberMeAuthenticationFilter, AnonymousAuthenticationFilter, ExceptionTranslationFilter
2025-07-06T16:17:21.151+02:00  INFO 28560 --- [backend] [restartedMain] o.s.b.d.a.OptionalLiveReloadServer       : LiveReload server is running on port 35729
2025-07-06T16:17:21.177+02:00  INFO 28560 --- [backend] [restartedMain] o.s.b.w.embedded.tomcat.TomcatWebServer  : Tomcat started on port 8080 (http) with context path '/'
2025-07-06T16:17:21.185+02:00  INFO 28560 --- [backend] [restartedMain] c.l.backend.BackendApplication           : Started BackendApplication in 3.645 seconds (process running for 4.096)
2025-07-06T16:17:36.816+02:00  INFO 28560 --- [backend] [http-nio-8080-exec-1] o.a.c.c.C.[Tomcat].[localhost].[/]       : Initializing Spring DispatcherServlet 'dispatcherServlet'
2025-07-06T16:17:36.816+02:00  INFO 28560 --- [backend] [http-nio-8080-exec-1] o.s.web.servlet.DispatcherServlet        : Initializing Servlet 'dispatcherServlet'
2025-07-06T16:17:36.817+02:00  INFO 28560 --- [backend] [http-nio-8080-exec-1] o.s.web.servlet.DispatcherServlet        : Completed initialization in 1 ms
2025-07-06T16:17:36.829+02:00 TRACE 28560 --- [backend] [http-nio-8080-exec-1] o.s.security.web.FilterChainProxy        : Trying to match request against DefaultSecurityFilterChain defined as 'filterChain' in [class path resource [com/luiswiederhold/backend/security/SecurityConfig.class]] matching [any request] and having filters [DisableEncodeUrl, WebAsyncManagerIntegration, SecurityContextHolder, HeaderWriter, Logout, UsernamePasswordAuthentication, DefaultResources, DefaultLoginPageGenerating, DefaultLogoutPageGenerating, BasicAuthentication, RequestCacheAware, SecurityContextHolderAwareRequest, RememberMeAuthentication, AnonymousAuthentication, ExceptionTranslation] (1/1)
2025-07-06T16:17:36.830+02:00 DEBUG 28560 --- [backend] [http-nio-8080-exec-1] o.s.security.web.FilterChainProxy        : Securing POST /flashcards/create
2025-07-06T16:17:36.830+02:00 TRACE 28560 --- [backend] [http-nio-8080-exec-1] o.s.security.web.FilterChainProxy        : Invoking DisableEncodeUrlFilter (1/15)
2025-07-06T16:17:36.831+02:00 TRACE 28560 --- [backend] [http-nio-8080-exec-1] o.s.security.web.FilterChainProxy        : Invoking WebAsyncManagerIntegrationFilter (2/15)
2025-07-06T16:17:36.832+02:00 TRACE 28560 --- [backend] [http-nio-8080-exec-1] o.s.security.web.FilterChainProxy        : Invoking SecurityContextHolderFilter (3/15)
2025-07-06T16:17:36.833+02:00 TRACE 28560 --- [backend] [http-nio-8080-exec-1] o.s.security.web.FilterChainProxy        : Invoking HeaderWriterFilter (4/15)
2025-07-06T16:17:36.834+02:00 TRACE 28560 --- [backend] [http-nio-8080-exec-1] o.s.security.web.FilterChainProxy        : Invoking LogoutFilter (5/15)
2025-07-06T16:17:36.834+02:00 TRACE 28560 --- [backend] [http-nio-8080-exec-1] o.s.s.w.a.logout.LogoutFilter            : Did not match request to Or [Ant [pattern='/logout', GET], Ant [pattern='/logout', POST], Ant [pattern='/logout', PUT], Ant [pattern='/logout', DELETE]]
2025-07-06T16:17:36.834+02:00 TRACE 28560 --- [backend] [http-nio-8080-exec-1] o.s.security.web.FilterChainProxy        : Invoking UsernamePasswordAuthenticationFilter (6/15)
2025-07-06T16:17:36.834+02:00 TRACE 28560 --- [backend] [http-nio-8080-exec-1] w.a.UsernamePasswordAuthenticationFilter : Did not match request to Ant [pattern='/login', POST]
2025-07-06T16:17:36.834+02:00 TRACE 28560 --- [backend] [http-nio-8080-exec-1] o.s.security.web.FilterChainProxy        : Invoking DefaultResourcesFilter (7/15)
2025-07-06T16:17:36.834+02:00 TRACE 28560 --- [backend] [http-nio-8080-exec-1] o.s.security.web.FilterChainProxy        : Invoking DefaultLoginPageGeneratingFilter (8/15)
2025-07-06T16:17:36.834+02:00 TRACE 28560 --- [backend] [http-nio-8080-exec-1] o.s.security.web.FilterChainProxy        : Invoking DefaultLogoutPageGeneratingFilter (9/15)
2025-07-06T16:17:36.835+02:00 TRACE 28560 --- [backend] [http-nio-8080-exec-1] .w.a.u.DefaultLogoutPageGeneratingFilter : Did not render default logout page since request did not match [Ant [pattern='/logout', GET]]
2025-07-06T16:17:36.835+02:00 TRACE 28560 --- [backend] [http-nio-8080-exec-1] o.s.security.web.FilterChainProxy        : Invoking BasicAuthenticationFilter (10/15)
2025-07-06T16:17:36.835+02:00 TRACE 28560 --- [backend] [http-nio-8080-exec-1] o.s.s.w.a.www.BasicAuthenticationFilter  : Found username 'wiederhold.luis@gmx.de' in Basic Authorization header
2025-07-06T16:17:36.836+02:00 TRACE 28560 --- [backend] [http-nio-8080-exec-1] w.c.HttpSessionSecurityContextRepository : No HttpSession currently exists
2025-07-06T16:17:36.836+02:00 TRACE 28560 --- [backend] [http-nio-8080-exec-1] .s.s.w.c.SupplierDeferredSecurityContext : Created SecurityContextImpl [Null authentication]
2025-07-06T16:17:36.836+02:00 TRACE 28560 --- [backend] [http-nio-8080-exec-1] .s.s.w.c.SupplierDeferredSecurityContext : Created SecurityContextImpl [Null authentication]
2025-07-06T16:17:36.836+02:00 TRACE 28560 --- [backend] [http-nio-8080-exec-1] o.s.s.authentication.ProviderManager     : Authenticating request with DaoAuthenticationProvider (1/1)
2025-07-06T16:17:36.904+02:00  INFO 28560 --- [backend] [http-nio-8080-exec-1] c.l.b.user.CustomUserDetailsService      : Loading user by email: wiederhold.luis@gmx.de
2025-07-06T16:17:36.996+02:00 DEBUG 28560 --- [backend] [http-nio-8080-exec-1] org.hibernate.SQL                        : select u1_0.id,u1_0.email,u1_0.lastname,u1_0.password,u1_0.privilege,u1_0.surname from users u1_0 where u1_0.email=?
2025-07-06T16:17:37.019+02:00  INFO 28560 --- [backend] [http-nio-8080-exec-1] c.l.b.user.CustomUserDetailsService      : Success, found user: User{id=1, email='wiederhold.luis@gmx.de', password='$2a$10$w73YZiDA98mnZurQ.8FkSu5MZ0idsbbAFnhsMQu7RUuO8jEKV4fQG', surname='luis', lastname='wiederhold'}
2025-07-06T16:17:37.090+02:00 DEBUG 28560 --- [backend] [http-nio-8080-exec-1] o.s.s.a.dao.DaoAuthenticationProvider    : Authenticated user
2025-07-06T16:17:37.091+02:00 DEBUG 28560 --- [backend] [http-nio-8080-exec-1] o.s.s.w.a.www.BasicAuthenticationFilter  : Set SecurityContextHolder to UsernamePasswordAuthenticationToken [Principal=org.springframework.security.core.userdetails.User [Username=wiederhold.luis@gmx.de, Password=[PROTECTED], Enabled=true, AccountNonExpired=true, CredentialsNonExpired=true, AccountNonLocked=true, Granted Authorities=[]], Credentials=[PROTECTED], Authenticated=true, Details=WebAuthenticationDetails [RemoteIpAddress=0:0:0:0:0:0:0:1, SessionId=null], Granted Authorities=[]]
2025-07-06T16:17:37.103+02:00 DEBUG 28560 --- [backend] [http-nio-8080-exec-1] o.s.s.w.a.r.TokenBasedRememberMeServices : Did not send remember-me cookie (principal did not set parameter 'remember-me')
2025-07-06T16:17:37.104+02:00 DEBUG 28560 --- [backend] [http-nio-8080-exec-1] o.s.s.w.a.r.TokenBasedRememberMeServices : Remember-me login not requested.
2025-07-06T16:17:37.104+02:00 TRACE 28560 --- [backend] [http-nio-8080-exec-1] o.s.security.web.FilterChainProxy        : Invoking RequestCacheAwareFilter (11/15)
2025-07-06T16:17:37.104+02:00 TRACE 28560 --- [backend] [http-nio-8080-exec-1] o.s.s.w.s.HttpSessionRequestCache        : matchingRequestParameterName is required for getMatchingRequest to lookup a value, but not provided
2025-07-06T16:17:37.104+02:00 TRACE 28560 --- [backend] [http-nio-8080-exec-1] o.s.security.web.FilterChainProxy        : Invoking SecurityContextHolderAwareRequestFilter (12/15)
2025-07-06T16:17:37.105+02:00 TRACE 28560 --- [backend] [http-nio-8080-exec-1] o.s.security.web.FilterChainProxy        : Invoking RememberMeAuthenticationFilter (13/15)
2025-07-06T16:17:37.105+02:00 DEBUG 28560 --- [backend] [http-nio-8080-exec-1] s.s.w.a.r.RememberMeAuthenticationFilter : SecurityContextHolder not populated with remember-me token, as it already contained: 'UsernamePasswordAuthenticationToken [Principal=org.springframework.security.core.userdetails.User [Username=wiederhold.luis@gmx.de, Password=[PROTECTED], Enabled=true, AccountNonExpired=true, CredentialsNonExpired=true, AccountNonLocked=true, Granted Authorities=[]], Credentials=[PROTECTED], Authenticated=true, Details=WebAuthenticationDetails [RemoteIpAddress=0:0:0:0:0:0:0:1, SessionId=null], Granted Authorities=[]]'
2025-07-06T16:17:37.105+02:00 TRACE 28560 --- [backend] [http-nio-8080-exec-1] o.s.security.web.FilterChainProxy        : Invoking AnonymousAuthenticationFilter (14/15)
2025-07-06T16:17:37.106+02:00 TRACE 28560 --- [backend] [http-nio-8080-exec-1] o.s.security.web.FilterChainProxy        : Invoking ExceptionTranslationFilter (15/15)
2025-07-06T16:17:37.106+02:00 DEBUG 28560 --- [backend] [http-nio-8080-exec-1] o.s.security.web.FilterChainProxy        : Secured POST /flashcards/create
2025-07-06T16:17:37.190+02:00 DEBUG 28560 --- [backend] [http-nio-8080-exec-1] c.l.backend.flashcards.FlashcardService  : Generating next free flashcard ID
2025-07-06T16:17:37.209+02:00 DEBUG 28560 --- [backend] [http-nio-8080-exec-1] org.hibernate.SQL                        : SELECT nextval('flashcard_sequence')
2025-07-06T16:17:37.214+02:00 DEBUG 28560 --- [backend] [http-nio-8080-exec-1] c.l.backend.flashcards.FlashcardService  : Next free flashcard ID is: 8
2025-07-06T16:17:37.216+02:00 DEBUG 28560 --- [backend] [http-nio-8080-exec-1] c.l.b.flashcards.FlashCardController     : questionImage is not null, trying to convert it to latex and store it afterwards...
2025-07-06T16:17:37.252+02:00 TRACE 28560 --- [backend] [http-nio-8080-exec-1] o.s.s.w.a.AnonymousAuthenticationFilter  : Did not set SecurityContextHolder since already authenticated UsernamePasswordAuthenticationToken [Principal=org.springframework.security.core.userdetails.User [Username=wiederhold.luis@gmx.de, Password=[PROTECTED], Enabled=true, AccountNonExpired=true, CredentialsNonExpired=true, AccountNonLocked=true, Granted Authorities=[]], Credentials=[PROTECTED], Authenticated=true, Details=WebAuthenticationDetails [RemoteIpAddress=0:0:0:0:0:0:0:1, SessionId=null], Granted Authorities=[]]
2025-07-06T16:17:37.253+02:00 TRACE 28560 --- [backend] [http-nio-8080-exec-1] o.s.s.w.header.writers.HstsHeaderWriter  : Not injecting HSTS header since it did not match request to [Is Secure]
2025-07-06T16:17:37.253+02:00 ERROR 28560 --- [backend] [http-nio-8080-exec-1] o.a.c.c.C.[.[.[/].[dispatcherServlet]    : Servlet.service() for servlet [dispatcherServlet] in context with path [] threw exception [Request processing failed: java.lang.RuntimeException: java.lang.IllegalArgumentException: image == null!] with root cause

java.lang.IllegalArgumentException: image == null!
	at java.desktop/javax.imageio.ImageTypeSpecifier.createFromRenderedImage(ImageTypeSpecifier.java:925) ~[na:na]
	at java.desktop/javax.imageio.ImageIO.getWriter(ImageIO.java:1610) ~[na:na]
	at java.desktop/javax.imageio.ImageIO.write(ImageIO.java:1596) ~[na:na]
	at com.luiswiederhold.backend.flashcards.MathPixService.convertToLatex(MathPixService.java:47) ~[main/:na]
	at com.luiswiederhold.backend.flashcards.FlashCardController.createNewFlashcard(FlashCardController.java:65) ~[main/:na]
	at java.base/jdk.internal.reflect.NativeMethodAccessorImpl.invoke0(Native Method) ~[na:na]
	at java.base/jdk.internal.reflect.NativeMethodAccessorImpl.invoke(NativeMethodAccessorImpl.java:77) ~[na:na]
	at java.base/jdk.internal.reflect.DelegatingMethodAccessorImpl.invoke(DelegatingMethodAccessorImpl.java:43) ~[na:na]
	at java.base/java.lang.reflect.Method.invoke(Method.java:568) ~[na:na]
	at org.springframework.web.method.support.InvocableHandlerMethod.doInvoke(InvocableHandlerMethod.java:257) ~[spring-web-6.2.3.jar:6.2.3]
	at org.springframework.web.method.support.InvocableHandlerMethod.invokeForRequest(InvocableHandlerMethod.java:190) ~[spring-web-6.2.3.jar:6.2.3]
	at org.springframework.web.servlet.mvc.method.annotation.ServletInvocableHandlerMethod.invokeAndHandle(ServletInvocableHandlerMethod.java:118) ~[spring-webmvc-6.2.3.jar:6.2.3]
	at org.springframework.web.servlet.mvc.method.annotation.RequestMappingHandlerAdapter.invokeHandlerMethod(RequestMappingHandlerAdapter.java:986) ~[spring-webmvc-6.2.3.jar:6.2.3]
	at org.springframework.web.servlet.mvc.method.annotation.RequestMappingHandlerAdapter.handleInternal(RequestMappingHandlerAdapter.java:891) ~[spring-webmvc-6.2.3.jar:6.2.3]
	at org.springframework.web.servlet.mvc.method.AbstractHandlerMethodAdapter.handle(AbstractHandlerMethodAdapter.java:87) ~[spring-webmvc-6.2.3.jar:6.2.3]
	at org.springframework.web.servlet.DispatcherServlet.doDispatch(DispatcherServlet.java:1088) ~[spring-webmvc-6.2.3.jar:6.2.3]
	at org.springframework.web.servlet.DispatcherServlet.doService(DispatcherServlet.java:978) ~[spring-webmvc-6.2.3.jar:6.2.3]
	at org.springframework.web.servlet.FrameworkServlet.processRequest(FrameworkServlet.java:1014) ~[spring-webmvc-6.2.3.jar:6.2.3]
	at org.springframework.web.servlet.FrameworkServlet.doPost(FrameworkServlet.java:914) ~[spring-webmvc-6.2.3.jar:6.2.3]
	at jakarta.servlet.http.HttpServlet.service(HttpServlet.java:590) ~[tomcat-embed-core-10.1.36.jar:6.0]
	at org.springframework.web.servlet.FrameworkServlet.service(FrameworkServlet.java:885) ~[spring-webmvc-6.2.3.jar:6.2.3]
	at jakarta.servlet.http.HttpServlet.service(HttpServlet.java:658) ~[tomcat-embed-core-10.1.36.jar:6.0]
	at org.apache.catalina.core.ApplicationFilterChain.internalDoFilter(ApplicationFilterChain.java:195) ~[tomcat-embed-core-10.1.36.jar:10.1.36]
	at org.apache.catalina.core.ApplicationFilterChain.doFilter(ApplicationFilterChain.java:140) ~[tomcat-embed-core-10.1.36.jar:10.1.36]
	at org.apache.tomcat.websocket.server.WsFilter.doFilter(WsFilter.java:51) ~[tomcat-embed-websocket-10.1.36.jar:10.1.36]
	at org.apache.catalina.core.ApplicationFilterChain.internalDoFilter(ApplicationFilterChain.java:164) ~[tomcat-embed-core-10.1.36.jar:10.1.36]
	at org.apache.catalina.core.ApplicationFilterChain.doFilter(ApplicationFilterChain.java:140) ~[tomcat-embed-core-10.1.36.jar:10.1.36]
	at org.springframework.web.filter.CompositeFilter$VirtualFilterChain.doFilter(CompositeFilter.java:108) ~[spring-web-6.2.3.jar:6.2.3]
	at org.springframework.security.web.FilterChainProxy.lambda$doFilterInternal$3(FilterChainProxy.java:231) ~[spring-security-web-6.4.3.jar:6.4.3]
	at org.springframework.security.web.FilterChainProxy$VirtualFilterChain.doFilter(FilterChainProxy.java:365) ~[spring-security-web-6.4.3.jar:6.4.3]
	at org.springframework.security.web.access.ExceptionTranslationFilter.doFilter(ExceptionTranslationFilter.java:126) ~[spring-security-web-6.4.3.jar:6.4.3]
	at org.springframework.security.web.access.ExceptionTranslationFilter.doFilter(ExceptionTranslationFilter.java:120) ~[spring-security-web-6.4.3.jar:6.4.3]
	at org.springframework.security.web.FilterChainProxy$VirtualFilterChain.doFilter(FilterChainProxy.java:374) ~[spring-security-web-6.4.3.jar:6.4.3]
	at org.springframework.security.web.authentication.AnonymousAuthenticationFilter.doFilter(AnonymousAuthenticationFilter.java:100) ~[spring-security-web-6.4.3.jar:6.4.3]
	at org.springframework.security.web.FilterChainProxy$VirtualFilterChain.doFilter(FilterChainProxy.java:374) ~[spring-security-web-6.4.3.jar:6.4.3]
	at org.springframework.security.web.authentication.rememberme.RememberMeAuthenticationFilter.doFilter(RememberMeAuthenticationFilter.java:114) ~[spring-security-web-6.4.3.jar:6.4.3]
	at org.springframework.security.web.authentication.rememberme.RememberMeAuthenticationFilter.doFilter(RememberMeAuthenticationFilter.java:105) ~[spring-security-web-6.4.3.jar:6.4.3]
	at org.springframework.security.web.FilterChainProxy$VirtualFilterChain.doFilter(FilterChainProxy.java:374) ~[spring-security-web-6.4.3.jar:6.4.3]
	at org.springframework.security.web.servletapi.SecurityContextHolderAwareRequestFilter.doFilter(SecurityContextHolderAwareRequestFilter.java:179) ~[spring-security-web-6.4.3.jar:6.4.3]
	at org.springframework.security.web.FilterChainProxy$VirtualFilterChain.doFilter(FilterChainProxy.java:374) ~[spring-security-web-6.4.3.jar:6.4.3]
	at org.springframework.security.web.savedrequest.RequestCacheAwareFilter.doFilter(RequestCacheAwareFilter.java:63) ~[spring-security-web-6.4.3.jar:6.4.3]
	at org.springframework.security.web.FilterChainProxy$VirtualFilterChain.doFilter(FilterChainProxy.java:374) ~[spring-security-web-6.4.3.jar:6.4.3]
	at org.springframework.security.web.authentication.www.BasicAuthenticationFilter.doFilterInternal(BasicAuthenticationFilter.java:213) ~[spring-security-web-6.4.3.jar:6.4.3]
	at org.springframework.web.filter.OncePerRequestFilter.doFilter(OncePerRequestFilter.java:116) ~[spring-web-6.2.3.jar:6.2.3]
	at org.springframework.security.web.FilterChainProxy$VirtualFilterChain.doFilter(FilterChainProxy.java:374) ~[spring-security-web-6.4.3.jar:6.4.3]
	at org.springframework.security.web.authentication.ui.DefaultLogoutPageGeneratingFilter.doFilterInternal(DefaultLogoutPageGeneratingFilter.java:58) ~[spring-security-web-6.4.3.jar:6.4.3]
	at org.springframework.web.filter.OncePerRequestFilter.doFilter(OncePerRequestFilter.java:116) ~[spring-web-6.2.3.jar:6.2.3]
	at org.springframework.security.web.FilterChainProxy$VirtualFilterChain.doFilter(FilterChainProxy.java:374) ~[spring-security-web-6.4.3.jar:6.4.3]
	at org.springframework.security.web.authentication.ui.DefaultLoginPageGeneratingFilter.doFilter(DefaultLoginPageGeneratingFilter.java:220) ~[spring-security-web-6.4.3.jar:6.4.3]
	at org.springframework.security.web.authentication.ui.DefaultLoginPageGeneratingFilter.doFilter(DefaultLoginPageGeneratingFilter.java:206) ~[spring-security-web-6.4.3.jar:6.4.3]
	at org.springframework.security.web.FilterChainProxy$VirtualFilterChain.doFilter(FilterChainProxy.java:374) ~[spring-security-web-6.4.3.jar:6.4.3]
	at org.springframework.security.web.authentication.ui.DefaultResourcesFilter.doFilter(DefaultResourcesFilter.java:72) ~[spring-security-web-6.4.3.jar:6.4.3]
	at org.springframework.security.web.FilterChainProxy$VirtualFilterChain.doFilter(FilterChainProxy.java:374) ~[spring-security-web-6.4.3.jar:6.4.3]
	at org.springframework.security.web.authentication.AbstractAuthenticationProcessingFilter.doFilter(AbstractAuthenticationProcessingFilter.java:227) ~[spring-security-web-6.4.3.jar:6.4.3]
	at org.springframework.security.web.authentication.AbstractAuthenticationProcessingFilter.doFilter(AbstractAuthenticationProcessingFilter.java:221) ~[spring-security-web-6.4.3.jar:6.4.3]
	at org.springframework.security.web.FilterChainProxy$VirtualFilterChain.doFilter(FilterChainProxy.java:374) ~[spring-security-web-6.4.3.jar:6.4.3]
	at org.springframework.security.web.authentication.logout.LogoutFilter.doFilter(LogoutFilter.java:107) ~[spring-security-web-6.4.3.jar:6.4.3]
	at org.springframework.security.web.authentication.logout.LogoutFilter.doFilter(LogoutFilter.java:93) ~[spring-security-web-6.4.3.jar:6.4.3]
	at org.springframework.security.web.FilterChainProxy$VirtualFilterChain.doFilter(FilterChainProxy.java:374) ~[spring-security-web-6.4.3.jar:6.4.3]
	at org.springframework.security.web.header.HeaderWriterFilter.doHeadersAfter(HeaderWriterFilter.java:90) ~[spring-security-web-6.4.3.jar:6.4.3]
	at org.springframework.security.web.header.HeaderWriterFilter.doFilterInternal(HeaderWriterFilter.java:75) ~[spring-security-web-6.4.3.jar:6.4.3]
	at org.springframework.web.filter.OncePerRequestFilter.doFilter(OncePerRequestFilter.java:116) ~[spring-web-6.2.3.jar:6.2.3]
	at org.springframework.security.web.FilterChainProxy$VirtualFilterChain.doFilter(FilterChainProxy.java:374) ~[spring-security-web-6.4.3.jar:6.4.3]
	at org.springframework.security.web.context.SecurityContextHolderFilter.doFilter(SecurityContextHolderFilter.java:82) ~[spring-security-web-6.4.3.jar:6.4.3]
	at org.springframework.security.web.context.SecurityContextHolderFilter.doFilter(SecurityContextHolderFilter.java:69) ~[spring-security-web-6.4.3.jar:6.4.3]
	at org.springframework.security.web.FilterChainProxy$VirtualFilterChain.doFilter(FilterChainProxy.java:374) ~[spring-security-web-6.4.3.jar:6.4.3]
	at org.springframework.security.web.context.request.async.WebAsyncManagerIntegrationFilter.doFilterInternal(WebAsyncManagerIntegrationFilter.java:62) ~[spring-security-web-6.4.3.jar:6.4.3]
	at org.springframework.web.filter.OncePerRequestFilter.doFilter(OncePerRequestFilter.java:116) ~[spring-web-6.2.3.jar:6.2.3]
	at org.springframework.security.web.FilterChainProxy$VirtualFilterChain.doFilter(FilterChainProxy.java:374) ~[spring-security-web-6.4.3.jar:6.4.3]
	at org.springframework.security.web.session.DisableEncodeUrlFilter.doFilterInternal(DisableEncodeUrlFilter.java:42) ~[spring-security-web-6.4.3.jar:6.4.3]
	at org.springframework.web.filter.OncePerRequestFilter.doFilter(OncePerRequestFilter.java:116) ~[spring-web-6.2.3.jar:6.2.3]
	at org.springframework.security.web.FilterChainProxy$VirtualFilterChain.doFilter(FilterChainProxy.java:374) ~[spring-security-web-6.4.3.jar:6.4.3]
	at org.springframework.security.web.FilterChainProxy.doFilterInternal(FilterChainProxy.java:233) ~[spring-security-web-6.4.3.jar:6.4.3]
	at org.springframework.security.web.FilterChainProxy.doFilter(FilterChainProxy.java:191) ~[spring-security-web-6.4.3.jar:6.4.3]
	at org.springframework.web.filter.CompositeFilter$VirtualFilterChain.doFilter(CompositeFilter.java:113) ~[spring-web-6.2.3.jar:6.2.3]
	at org.springframework.web.servlet.handler.HandlerMappingIntrospector.lambda$createCacheFilter$3(HandlerMappingIntrospector.java:243) ~[spring-webmvc-6.2.3.jar:6.2.3]
	at org.springframework.web.filter.CompositeFilter$VirtualFilterChain.doFilter(CompositeFilter.java:113) ~[spring-web-6.2.3.jar:6.2.3]
	at org.springframework.web.filter.CompositeFilter.doFilter(CompositeFilter.java:74) ~[spring-web-6.2.3.jar:6.2.3]
	at org.springframework.security.config.annotation.web.configuration.WebMvcSecurityConfiguration$CompositeFilterChainProxy.doFilter(WebMvcSecurityConfiguration.java:238) ~[spring-security-config-6.4.3.jar:6.4.3]
	at org.springframework.web.filter.DelegatingFilterProxy.invokeDelegate(DelegatingFilterProxy.java:362) ~[spring-web-6.2.3.jar:6.2.3]
	at org.springframework.web.filter.DelegatingFilterProxy.doFilter(DelegatingFilterProxy.java:278) ~[spring-web-6.2.3.jar:6.2.3]
	at org.apache.catalina.core.ApplicationFilterChain.internalDoFilter(ApplicationFilterChain.java:164) ~[tomcat-embed-core-10.1.36.jar:10.1.36]
	at org.apache.catalina.core.ApplicationFilterChain.doFilter(ApplicationFilterChain.java:140) ~[tomcat-embed-core-10.1.36.jar:10.1.36]
	at org.springframework.web.filter.RequestContextFilter.doFilterInternal(RequestContextFilter.java:100) ~[spring-web-6.2.3.jar:6.2.3]
	at org.springframework.web.filter.OncePerRequestFilter.doFilter(OncePerRequestFilter.java:116) ~[spring-web-6.2.3.jar:6.2.3]
	at org.apache.catalina.core.ApplicationFilterChain.internalDoFilter(ApplicationFilterChain.java:164) ~[tomcat-embed-core-10.1.36.jar:10.1.36]
	at org.apache.catalina.core.ApplicationFilterChain.doFilter(ApplicationFilterChain.java:140) ~[tomcat-embed-core-10.1.36.jar:10.1.36]
	at org.springframework.web.filter.FormContentFilter.doFilterInternal(FormContentFilter.java:93) ~[spring-web-6.2.3.jar:6.2.3]
	at org.springframework.web.filter.OncePerRequestFilter.doFilter(OncePerRequestFilter.java:116) ~[spring-web-6.2.3.jar:6.2.3]
	at org.apache.catalina.core.ApplicationFilterChain.internalDoFilter(ApplicationFilterChain.java:164) ~[tomcat-embed-core-10.1.36.jar:10.1.36]
	at org.apache.catalina.core.ApplicationFilterChain.doFilter(ApplicationFilterChain.java:140) ~[tomcat-embed-core-10.1.36.jar:10.1.36]
	at org.springframework.web.filter.CharacterEncodingFilter.doFilterInternal(CharacterEncodingFilter.java:201) ~[spring-web-6.2.3.jar:6.2.3]
	at org.springframework.web.filter.OncePerRequestFilter.doFilter(OncePerRequestFilter.java:116) ~[spring-web-6.2.3.jar:6.2.3]
	at org.apache.catalina.core.ApplicationFilterChain.internalDoFilter(ApplicationFilterChain.java:164) ~[tomcat-embed-core-10.1.36.jar:10.1.36]
	at org.apache.catalina.core.ApplicationFilterChain.doFilter(ApplicationFilterChain.java:140) ~[tomcat-embed-core-10.1.36.jar:10.1.36]
	at org.apache.catalina.core.StandardWrapperValve.invoke(StandardWrapperValve.java:167) ~[tomcat-embed-core-10.1.36.jar:10.1.36]
	at org.apache.catalina.core.StandardContextValve.invoke(StandardContextValve.java:90) ~[tomcat-embed-core-10.1.36.jar:10.1.36]
	at org.apache.catalina.authenticator.AuthenticatorBase.invoke(AuthenticatorBase.java:483) ~[tomcat-embed-core-10.1.36.jar:10.1.36]
	at org.apache.catalina.core.StandardHostValve.invoke(StandardHostValve.java:115) ~[tomcat-embed-core-10.1.36.jar:10.1.36]
	at org.apache.catalina.valves.ErrorReportValve.invoke(ErrorReportValve.java:93) ~[tomcat-embed-core-10.1.36.jar:10.1.36]
	at org.apache.catalina.core.StandardEngineValve.invoke(StandardEngineValve.java:74) ~[tomcat-embed-core-10.1.36.jar:10.1.36]
	at org.apache.catalina.connector.CoyoteAdapter.service(CoyoteAdapter.java:344) ~[tomcat-embed-core-10.1.36.jar:10.1.36]
	at org.apache.coyote.http11.Http11Processor.service(Http11Processor.java:397) ~[tomcat-embed-core-10.1.36.jar:10.1.36]
	at org.apache.coyote.AbstractProcessorLight.process(AbstractProcessorLight.java:63) ~[tomcat-embed-core-10.1.36.jar:10.1.36]
	at org.apache.coyote.AbstractProtocol$ConnectionHandler.process(AbstractProtocol.java:905) ~[tomcat-embed-core-10.1.36.jar:10.1.36]
	at org.apache.tomcat.util.net.NioEndpoint$SocketProcessor.doRun(NioEndpoint.java:1743) ~[tomcat-embed-core-10.1.36.jar:10.1.36]
	at org.apache.tomcat.util.net.SocketProcessorBase.run(SocketProcessorBase.java:52) ~[tomcat-embed-core-10.1.36.jar:10.1.36]
	at org.apache.tomcat.util.threads.ThreadPoolExecutor.runWorker(ThreadPoolExecutor.java:1190) ~[tomcat-embed-core-10.1.36.jar:10.1.36]
	at org.apache.tomcat.util.threads.ThreadPoolExecutor$Worker.run(ThreadPoolExecutor.java:659) ~[tomcat-embed-core-10.1.36.jar:10.1.36]
	at org.apache.tomcat.util.threads.TaskThread$WrappingRunnable.run(TaskThread.java:63) ~[tomcat-embed-core-10.1.36.jar:10.1.36]
	at java.base/java.lang.Thread.run(Thread.java:842) ~[na:na]

2025-07-06T16:17:37.267+02:00 TRACE 28560 --- [backend] [http-nio-8080-exec-1] o.s.security.web.FilterChainProxy        : Trying to match request against DefaultSecurityFilterChain defined as 'filterChain' in [class path resource [com/luiswiederhold/backend/security/SecurityConfig.class]] matching [any request] and having filters [DisableEncodeUrl, WebAsyncManagerIntegration, SecurityContextHolder, HeaderWriter, Logout, UsernamePasswordAuthentication, DefaultResources, DefaultLoginPageGenerating, DefaultLogoutPageGenerating, BasicAuthentication, RequestCacheAware, SecurityContextHolderAwareRequest, RememberMeAuthentication, AnonymousAuthentication, ExceptionTranslation] (1/1)
2025-07-06T16:17:37.267+02:00 DEBUG 28560 --- [backend] [http-nio-8080-exec-1] o.s.security.web.FilterChainProxy        : Securing POST /error
2025-07-06T16:17:37.268+02:00 TRACE 28560 --- [backend] [http-nio-8080-exec-1] o.s.security.web.FilterChainProxy        : Invoking DisableEncodeUrlFilter (1/15)
2025-07-06T16:17:37.268+02:00 TRACE 28560 --- [backend] [http-nio-8080-exec-1] o.s.security.web.FilterChainProxy        : Invoking WebAsyncManagerIntegrationFilter (2/15)
2025-07-06T16:17:37.268+02:00 TRACE 28560 --- [backend] [http-nio-8080-exec-1] o.s.security.web.FilterChainProxy        : Invoking SecurityContextHolderFilter (3/15)
2025-07-06T16:17:37.268+02:00 TRACE 28560 --- [backend] [http-nio-8080-exec-1] o.s.security.web.FilterChainProxy        : Invoking HeaderWriterFilter (4/15)
2025-07-06T16:17:37.268+02:00 TRACE 28560 --- [backend] [http-nio-8080-exec-1] o.s.security.web.FilterChainProxy        : Invoking LogoutFilter (5/15)
2025-07-06T16:17:37.268+02:00 TRACE 28560 --- [backend] [http-nio-8080-exec-1] o.s.s.w.a.logout.LogoutFilter            : Did not match request to Or [Ant [pattern='/logout', GET], Ant [pattern='/logout', POST], Ant [pattern='/logout', PUT], Ant [pattern='/logout', DELETE]]
2025-07-06T16:17:37.268+02:00 TRACE 28560 --- [backend] [http-nio-8080-exec-1] o.s.security.web.FilterChainProxy        : Invoking UsernamePasswordAuthenticationFilter (6/15)
2025-07-06T16:17:37.268+02:00 TRACE 28560 --- [backend] [http-nio-8080-exec-1] w.a.UsernamePasswordAuthenticationFilter : Did not match request to Ant [pattern='/login', POST]
2025-07-06T16:17:37.268+02:00 TRACE 28560 --- [backend] [http-nio-8080-exec-1] o.s.security.web.FilterChainProxy        : Invoking DefaultResourcesFilter (7/15)
2025-07-06T16:17:37.268+02:00 TRACE 28560 --- [backend] [http-nio-8080-exec-1] o.s.security.web.FilterChainProxy        : Invoking DefaultLoginPageGeneratingFilter (8/15)
2025-07-06T16:17:37.268+02:00 TRACE 28560 --- [backend] [http-nio-8080-exec-1] o.s.security.web.FilterChainProxy        : Invoking DefaultLogoutPageGeneratingFilter (9/15)
2025-07-06T16:17:37.268+02:00 TRACE 28560 --- [backend] [http-nio-8080-exec-1] o.s.security.web.FilterChainProxy        : Invoking BasicAuthenticationFilter (10/15)
2025-07-06T16:17:37.268+02:00 TRACE 28560 --- [backend] [http-nio-8080-exec-1] o.s.security.web.FilterChainProxy        : Invoking RequestCacheAwareFilter (11/15)
2025-07-06T16:17:37.268+02:00 TRACE 28560 --- [backend] [http-nio-8080-exec-1] o.s.s.w.s.HttpSessionRequestCache        : matchingRequestParameterName is required for getMatchingRequest to lookup a value, but not provided
2025-07-06T16:17:37.268+02:00 TRACE 28560 --- [backend] [http-nio-8080-exec-1] o.s.security.web.FilterChainProxy        : Invoking SecurityContextHolderAwareRequestFilter (12/15)
2025-07-06T16:17:37.269+02:00 TRACE 28560 --- [backend] [http-nio-8080-exec-1] o.s.security.web.FilterChainProxy        : Invoking RememberMeAuthenticationFilter (13/15)
2025-07-06T16:17:37.269+02:00 TRACE 28560 --- [backend] [http-nio-8080-exec-1] w.c.HttpSessionSecurityContextRepository : No HttpSession currently exists
2025-07-06T16:17:37.269+02:00 TRACE 28560 --- [backend] [http-nio-8080-exec-1] .s.s.w.c.SupplierDeferredSecurityContext : Created SecurityContextImpl [Null authentication]
2025-07-06T16:17:37.269+02:00 DEBUG 28560 --- [backend] [http-nio-8080-exec-1] s.s.w.a.r.RememberMeAuthenticationFilter : SecurityContextHolder not populated with remember-me token, as it already contained: 'UsernamePasswordAuthenticationToken [Principal=org.springframework.security.core.userdetails.User [Username=wiederhold.luis@gmx.de, Password=[PROTECTED], Enabled=true, AccountNonExpired=true, CredentialsNonExpired=true, AccountNonLocked=true, Granted Authorities=[]], Credentials=[PROTECTED], Authenticated=true, Details=WebAuthenticationDetails [RemoteIpAddress=0:0:0:0:0:0:0:1, SessionId=null], Granted Authorities=[]]'
2025-07-06T16:17:37.269+02:00 TRACE 28560 --- [backend] [http-nio-8080-exec-1] o.s.security.web.FilterChainProxy        : Invoking AnonymousAuthenticationFilter (14/15)
2025-07-06T16:17:37.269+02:00 TRACE 28560 --- [backend] [http-nio-8080-exec-1] o.s.security.web.FilterChainProxy        : Invoking ExceptionTranslationFilter (15/15)
2025-07-06T16:17:37.269+02:00 DEBUG 28560 --- [backend] [http-nio-8080-exec-1] o.s.security.web.FilterChainProxy        : Secured POST /error
2025-07-06T16:17:37.291+02:00 TRACE 28560 --- [backend] [http-nio-8080-exec-1] o.s.s.w.a.AnonymousAuthenticationFilter  : Did not set SecurityContextHolder since already authenticated UsernamePasswordAuthenticationToken [Principal=org.springframework.security.core.userdetails.User [Username=wiederhold.luis@gmx.de, Password=[PROTECTED], Enabled=true, AccountNonExpired=true, CredentialsNonExpired=true, AccountNonLocked=true, Granted Authorities=[]], Credentials=[PROTECTED], Authenticated=true, Details=WebAuthenticationDetails [RemoteIpAddress=0:0:0:0:0:0:0:1, SessionId=null], Granted Authorities=[]]
2025-07-06T16:20:15.691+02:00  INFO 28560 --- [backend] [SpringApplicationShutdownHook] o.s.b.w.e.tomcat.GracefulShutdown        : Commencing graceful shutdown. Waiting for active requests to complete
2025-07-06T16:20:15.707+02:00  INFO 28560 --- [backend] [tomcat-shutdown] o.s.b.w.e.tomcat.GracefulShutdown        : Graceful shutdown complete
2025-07-06T16:20:15.710+02:00  INFO 28560 --- [backend] [SpringApplicationShutdownHook] j.LocalContainerEntityManagerFactoryBean : Closing JPA EntityManagerFactory for persistence unit 'default'
2025-07-06T16:20:15.712+02:00  INFO 28560 --- [backend] [SpringApplicationShutdownHook] com.zaxxer.hikari.HikariDataSource       : HikariPool-1 - Shutdown initiated...
2025-07-06T16:20:15.714+02:00  INFO 28560 --- [backend] [SpringApplicationShutdownHook] com.zaxxer.hikari.HikariDataSource       : HikariPool-1 - Shutdown completed.
2025-07-06T16:20:35.098+02:00  INFO 25024 --- [backend] [restartedMain] c.l.backend.BackendApplication           : Starting BackendApplication using Java 17.0.9 with PID 25024 (C:\Users\Admin\Desktop\Mathematik Studium\1. Semester\Informatik\Hausaufgaben\stemcards\backend\build\classes\java\main started by Admin in C:\Users\Admin\Desktop\Mathematik Studium\1. Semester\Informatik\Hausaufgaben\stemcards\backend)
2025-07-06T16:20:35.100+02:00  INFO 25024 --- [backend] [restartedMain] c.l.backend.BackendApplication           : The following 1 profile is active: "prod"
2025-07-06T16:20:35.131+02:00  INFO 25024 --- [backend] [restartedMain] .e.DevToolsPropertyDefaultsPostProcessor : Devtools property defaults active! Set 'spring.devtools.add-properties' to 'false' to disable
2025-07-06T16:20:35.131+02:00  INFO 25024 --- [backend] [restartedMain] .e.DevToolsPropertyDefaultsPostProcessor : For additional web related logging consider setting the 'logging.level.web' property to 'DEBUG'
2025-07-06T16:20:35.648+02:00  INFO 25024 --- [backend] [restartedMain] .s.d.r.c.RepositoryConfigurationDelegate : Bootstrapping Spring Data JPA repositories in DEFAULT mode.
2025-07-06T16:20:35.690+02:00  INFO 25024 --- [backend] [restartedMain] .s.d.r.c.RepositoryConfigurationDelegate : Finished Spring Data repository scanning in 35 ms. Found 2 JPA repository interfaces.
2025-07-06T16:20:36.063+02:00  INFO 25024 --- [backend] [restartedMain] o.s.b.w.embedded.tomcat.TomcatWebServer  : Tomcat initialized with port 8080 (http)
2025-07-06T16:20:36.073+02:00  INFO 25024 --- [backend] [restartedMain] o.apache.catalina.core.StandardService   : Starting service [Tomcat]
2025-07-06T16:20:36.073+02:00  INFO 25024 --- [backend] [restartedMain] o.apache.catalina.core.StandardEngine    : Starting Servlet engine: [Apache Tomcat/10.1.36]
2025-07-06T16:20:36.111+02:00  INFO 25024 --- [backend] [restartedMain] o.a.c.c.C.[Tomcat].[localhost].[/]       : Initializing Spring embedded WebApplicationContext
2025-07-06T16:20:36.112+02:00  INFO 25024 --- [backend] [restartedMain] w.s.c.ServletWebServerApplicationContext : Root WebApplicationContext: initialization completed in 981 ms
2025-07-06T16:20:36.227+02:00  INFO 25024 --- [backend] [restartedMain] o.hibernate.jpa.internal.util.LogHelper  : HHH000204: Processing PersistenceUnitInfo [name: default]
2025-07-06T16:20:36.273+02:00  INFO 25024 --- [backend] [restartedMain] org.hibernate.Version                    : HHH000412: Hibernate ORM core version 6.6.8.Final
2025-07-06T16:20:36.303+02:00  INFO 25024 --- [backend] [restartedMain] o.h.c.internal.RegionFactoryInitiator    : HHH000026: Second-level cache disabled
2025-07-06T16:20:36.548+02:00  INFO 25024 --- [backend] [restartedMain] o.s.o.j.p.SpringPersistenceUnitInfo      : No LoadTimeWeaver setup: ignoring JPA class transformer
2025-07-06T16:20:36.575+02:00  INFO 25024 --- [backend] [restartedMain] com.zaxxer.hikari.HikariDataSource       : HikariPool-1 - Starting...
2025-07-06T16:20:36.691+02:00  INFO 25024 --- [backend] [restartedMain] com.zaxxer.hikari.pool.HikariPool        : HikariPool-1 - Added connection org.postgresql.jdbc.PgConnection@4df7e4d7
2025-07-06T16:20:36.692+02:00  INFO 25024 --- [backend] [restartedMain] com.zaxxer.hikari.HikariDataSource       : HikariPool-1 - Start completed.
2025-07-06T16:20:36.717+02:00  WARN 25024 --- [backend] [restartedMain] org.hibernate.orm.deprecation            : HHH90000025: PostgreSQLDialect does not need to be specified explicitly using 'hibernate.dialect' (remove the property setting and it will be selected by default)
2025-07-06T16:20:36.731+02:00  INFO 25024 --- [backend] [restartedMain] org.hibernate.orm.connections.pooling    : HHH10001005: Database info:
	Database JDBC URL [Connecting through datasource 'HikariDataSource (HikariPool-1)']
	Database driver: undefined/unknown
	Database version: 17.5
	Autocommit mode: undefined/unknown
	Isolation level: undefined/unknown
	Minimum pool size: undefined/unknown
	Maximum pool size: undefined/unknown
2025-07-06T16:20:37.378+02:00  INFO 25024 --- [backend] [restartedMain] o.h.e.t.j.p.i.JtaPlatformInitiator       : HHH000489: No JTA platform available (set 'hibernate.transaction.jta.platform' to enable JTA platform integration)
2025-07-06T16:20:37.408+02:00  INFO 25024 --- [backend] [restartedMain] j.LocalContainerEntityManagerFactoryBean : Initialized JPA EntityManagerFactory for persistence unit 'default'
2025-07-06T16:20:37.632+02:00  INFO 25024 --- [backend] [restartedMain] o.s.d.j.r.query.QueryEnhancerFactory     : Hibernate is in classpath; If applicable, HQL parser will be used.
2025-07-06T16:20:37.695+02:00  WARN 25024 --- [backend] [restartedMain] JpaBaseConfiguration$JpaWebConfiguration : spring.jpa.open-in-view is enabled by default. Therefore, database queries may be performed during view rendering. Explicitly configure spring.jpa.open-in-view to disable this warning
2025-07-06T16:20:37.704+02:00 TRACE 25024 --- [backend] [restartedMain] eGlobalAuthenticationAutowiredConfigurer : Eagerly initializing {securityConfig=com.luiswiederhold.backend.security.SecurityConfig$$SpringCGLIB$$0@3747d760}
2025-07-06T16:20:37.705+02:00  INFO 25024 --- [backend] [restartedMain] eAuthenticationProviderManagerConfigurer : Found 2 AuthenticationProvider beans, with names [rememberMeAuthenticationProvider, daoAuthenticationProvider]. Global Authentication Manager will not be configured with AuthenticationProviders. Consider publishing a single AuthenticationProvider bean, or wiring your Providers directly using the DSL.
2025-07-06T16:20:37.709+02:00  INFO 25024 --- [backend] [restartedMain] r$InitializeUserDetailsManagerConfigurer : Global AuthenticationManager configured with UserDetailsService bean with name customUserDetailsService
2025-07-06T16:20:37.880+02:00 DEBUG 25024 --- [backend] [restartedMain] o.s.s.web.DefaultSecurityFilterChain     : Will secure any request with filters: DisableEncodeUrlFilter, WebAsyncManagerIntegrationFilter, SecurityContextHolderFilter, HeaderWriterFilter, LogoutFilter, UsernamePasswordAuthenticationFilter, DefaultResourcesFilter, DefaultLoginPageGeneratingFilter, DefaultLogoutPageGeneratingFilter, BasicAuthenticationFilter, RequestCacheAwareFilter, SecurityContextHolderAwareRequestFilter, RememberMeAuthenticationFilter, AnonymousAuthenticationFilter, ExceptionTranslationFilter
2025-07-06T16:20:38.022+02:00  INFO 25024 --- [backend] [restartedMain] o.s.b.d.a.OptionalLiveReloadServer       : LiveReload server is running on port 35729
2025-07-06T16:20:38.046+02:00  INFO 25024 --- [backend] [restartedMain] o.s.b.w.embedded.tomcat.TomcatWebServer  : Tomcat started on port 8080 (http) with context path '/'
2025-07-06T16:20:38.053+02:00  INFO 25024 --- [backend] [restartedMain] c.l.backend.BackendApplication           : Started BackendApplication in 3.262 seconds (process running for 3.697)
2025-07-06T16:20:55.617+02:00  INFO 25024 --- [backend] [http-nio-8080-exec-1] o.a.c.c.C.[Tomcat].[localhost].[/]       : Initializing Spring DispatcherServlet 'dispatcherServlet'
2025-07-06T16:20:55.617+02:00  INFO 25024 --- [backend] [http-nio-8080-exec-1] o.s.web.servlet.DispatcherServlet        : Initializing Servlet 'dispatcherServlet'
2025-07-06T16:20:55.618+02:00  INFO 25024 --- [backend] [http-nio-8080-exec-1] o.s.web.servlet.DispatcherServlet        : Completed initialization in 0 ms
2025-07-06T16:20:55.630+02:00 TRACE 25024 --- [backend] [http-nio-8080-exec-1] o.s.security.web.FilterChainProxy        : Trying to match request against DefaultSecurityFilterChain defined as 'filterChain' in [class path resource [com/luiswiederhold/backend/security/SecurityConfig.class]] matching [any request] and having filters [DisableEncodeUrl, WebAsyncManagerIntegration, SecurityContextHolder, HeaderWriter, Logout, UsernamePasswordAuthentication, DefaultResources, DefaultLoginPageGenerating, DefaultLogoutPageGenerating, BasicAuthentication, RequestCacheAware, SecurityContextHolderAwareRequest, RememberMeAuthentication, AnonymousAuthentication, ExceptionTranslation] (1/1)
2025-07-06T16:20:55.631+02:00 DEBUG 25024 --- [backend] [http-nio-8080-exec-1] o.s.security.web.FilterChainProxy        : Securing POST /flashcards/create
2025-07-06T16:20:55.631+02:00 TRACE 25024 --- [backend] [http-nio-8080-exec-1] o.s.security.web.FilterChainProxy        : Invoking DisableEncodeUrlFilter (1/15)
2025-07-06T16:20:55.631+02:00 TRACE 25024 --- [backend] [http-nio-8080-exec-1] o.s.security.web.FilterChainProxy        : Invoking WebAsyncManagerIntegrationFilter (2/15)
2025-07-06T16:20:55.633+02:00 TRACE 25024 --- [backend] [http-nio-8080-exec-1] o.s.security.web.FilterChainProxy        : Invoking SecurityContextHolderFilter (3/15)
2025-07-06T16:20:55.634+02:00 TRACE 25024 --- [backend] [http-nio-8080-exec-1] o.s.security.web.FilterChainProxy        : Invoking HeaderWriterFilter (4/15)
2025-07-06T16:20:55.635+02:00 TRACE 25024 --- [backend] [http-nio-8080-exec-1] o.s.security.web.FilterChainProxy        : Invoking LogoutFilter (5/15)
2025-07-06T16:20:55.635+02:00 TRACE 25024 --- [backend] [http-nio-8080-exec-1] o.s.s.w.a.logout.LogoutFilter            : Did not match request to Or [Ant [pattern='/logout', GET], Ant [pattern='/logout', POST], Ant [pattern='/logout', PUT], Ant [pattern='/logout', DELETE]]
2025-07-06T16:20:55.635+02:00 TRACE 25024 --- [backend] [http-nio-8080-exec-1] o.s.security.web.FilterChainProxy        : Invoking UsernamePasswordAuthenticationFilter (6/15)
2025-07-06T16:20:55.635+02:00 TRACE 25024 --- [backend] [http-nio-8080-exec-1] w.a.UsernamePasswordAuthenticationFilter : Did not match request to Ant [pattern='/login', POST]
2025-07-06T16:20:55.635+02:00 TRACE 25024 --- [backend] [http-nio-8080-exec-1] o.s.security.web.FilterChainProxy        : Invoking DefaultResourcesFilter (7/15)
2025-07-06T16:20:55.635+02:00 TRACE 25024 --- [backend] [http-nio-8080-exec-1] o.s.security.web.FilterChainProxy        : Invoking DefaultLoginPageGeneratingFilter (8/15)
2025-07-06T16:20:55.635+02:00 TRACE 25024 --- [backend] [http-nio-8080-exec-1] o.s.security.web.FilterChainProxy        : Invoking DefaultLogoutPageGeneratingFilter (9/15)
2025-07-06T16:20:55.635+02:00 TRACE 25024 --- [backend] [http-nio-8080-exec-1] .w.a.u.DefaultLogoutPageGeneratingFilter : Did not render default logout page since request did not match [Ant [pattern='/logout', GET]]
2025-07-06T16:20:55.636+02:00 TRACE 25024 --- [backend] [http-nio-8080-exec-1] o.s.security.web.FilterChainProxy        : Invoking BasicAuthenticationFilter (10/15)
2025-07-06T16:20:55.636+02:00 TRACE 25024 --- [backend] [http-nio-8080-exec-1] o.s.s.w.a.www.BasicAuthenticationFilter  : Found username 'wiederhold.luis@gmx.de' in Basic Authorization header
2025-07-06T16:20:55.636+02:00 TRACE 25024 --- [backend] [http-nio-8080-exec-1] w.c.HttpSessionSecurityContextRepository : No HttpSession currently exists
2025-07-06T16:20:55.636+02:00 TRACE 25024 --- [backend] [http-nio-8080-exec-1] .s.s.w.c.SupplierDeferredSecurityContext : Created SecurityContextImpl [Null authentication]
2025-07-06T16:20:55.636+02:00 TRACE 25024 --- [backend] [http-nio-8080-exec-1] .s.s.w.c.SupplierDeferredSecurityContext : Created SecurityContextImpl [Null authentication]
2025-07-06T16:20:55.637+02:00 TRACE 25024 --- [backend] [http-nio-8080-exec-1] o.s.s.authentication.ProviderManager     : Authenticating request with DaoAuthenticationProvider (1/1)
2025-07-06T16:20:55.705+02:00  INFO 25024 --- [backend] [http-nio-8080-exec-1] c.l.b.user.CustomUserDetailsService      : Loading user by email: wiederhold.luis@gmx.de
2025-07-06T16:20:55.815+02:00 DEBUG 25024 --- [backend] [http-nio-8080-exec-1] org.hibernate.SQL                        : select u1_0.id,u1_0.email,u1_0.lastname,u1_0.password,u1_0.privilege,u1_0.surname from users u1_0 where u1_0.email=?
2025-07-06T16:20:55.837+02:00  INFO 25024 --- [backend] [http-nio-8080-exec-1] c.l.b.user.CustomUserDetailsService      : Success, found user: User{id=1, email='wiederhold.luis@gmx.de', password='$2a$10$w73YZiDA98mnZurQ.8FkSu5MZ0idsbbAFnhsMQu7RUuO8jEKV4fQG', surname='luis', lastname='wiederhold'}
2025-07-06T16:20:55.903+02:00 DEBUG 25024 --- [backend] [http-nio-8080-exec-1] o.s.s.a.dao.DaoAuthenticationProvider    : Authenticated user
2025-07-06T16:20:55.904+02:00 DEBUG 25024 --- [backend] [http-nio-8080-exec-1] o.s.s.w.a.www.BasicAuthenticationFilter  : Set SecurityContextHolder to UsernamePasswordAuthenticationToken [Principal=org.springframework.security.core.userdetails.User [Username=wiederhold.luis@gmx.de, Password=[PROTECTED], Enabled=true, AccountNonExpired=true, CredentialsNonExpired=true, AccountNonLocked=true, Granted Authorities=[]], Credentials=[PROTECTED], Authenticated=true, Details=WebAuthenticationDetails [RemoteIpAddress=0:0:0:0:0:0:0:1, SessionId=null], Granted Authorities=[]]
2025-07-06T16:20:55.917+02:00 DEBUG 25024 --- [backend] [http-nio-8080-exec-1] o.s.s.w.a.r.TokenBasedRememberMeServices : Did not send remember-me cookie (principal did not set parameter 'remember-me')
2025-07-06T16:20:55.917+02:00 DEBUG 25024 --- [backend] [http-nio-8080-exec-1] o.s.s.w.a.r.TokenBasedRememberMeServices : Remember-me login not requested.
2025-07-06T16:20:55.917+02:00 TRACE 25024 --- [backend] [http-nio-8080-exec-1] o.s.security.web.FilterChainProxy        : Invoking RequestCacheAwareFilter (11/15)
2025-07-06T16:20:55.917+02:00 TRACE 25024 --- [backend] [http-nio-8080-exec-1] o.s.s.w.s.HttpSessionRequestCache        : matchingRequestParameterName is required for getMatchingRequest to lookup a value, but not provided
2025-07-06T16:20:55.918+02:00 TRACE 25024 --- [backend] [http-nio-8080-exec-1] o.s.security.web.FilterChainProxy        : Invoking SecurityContextHolderAwareRequestFilter (12/15)
2025-07-06T16:20:55.918+02:00 TRACE 25024 --- [backend] [http-nio-8080-exec-1] o.s.security.web.FilterChainProxy        : Invoking RememberMeAuthenticationFilter (13/15)
2025-07-06T16:20:55.919+02:00 DEBUG 25024 --- [backend] [http-nio-8080-exec-1] s.s.w.a.r.RememberMeAuthenticationFilter : SecurityContextHolder not populated with remember-me token, as it already contained: 'UsernamePasswordAuthenticationToken [Principal=org.springframework.security.core.userdetails.User [Username=wiederhold.luis@gmx.de, Password=[PROTECTED], Enabled=true, AccountNonExpired=true, CredentialsNonExpired=true, AccountNonLocked=true, Granted Authorities=[]], Credentials=[PROTECTED], Authenticated=true, Details=WebAuthenticationDetails [RemoteIpAddress=0:0:0:0:0:0:0:1, SessionId=null], Granted Authorities=[]]'
2025-07-06T16:20:55.919+02:00 TRACE 25024 --- [backend] [http-nio-8080-exec-1] o.s.security.web.FilterChainProxy        : Invoking AnonymousAuthenticationFilter (14/15)
2025-07-06T16:20:55.919+02:00 TRACE 25024 --- [backend] [http-nio-8080-exec-1] o.s.security.web.FilterChainProxy        : Invoking ExceptionTranslationFilter (15/15)
2025-07-06T16:20:55.919+02:00 DEBUG 25024 --- [backend] [http-nio-8080-exec-1] o.s.security.web.FilterChainProxy        : Secured POST /flashcards/create
2025-07-06T16:20:55.998+02:00 DEBUG 25024 --- [backend] [http-nio-8080-exec-1] c.l.backend.flashcards.FlashcardService  : Generating next free flashcard ID
2025-07-06T16:20:56.017+02:00 DEBUG 25024 --- [backend] [http-nio-8080-exec-1] org.hibernate.SQL                        : SELECT nextval('flashcard_sequence')
2025-07-06T16:20:56.022+02:00 DEBUG 25024 --- [backend] [http-nio-8080-exec-1] c.l.backend.flashcards.FlashcardService  : Next free flashcard ID is: 9
2025-07-06T16:20:56.023+02:00 DEBUG 25024 --- [backend] [http-nio-8080-exec-1] c.l.b.flashcards.FlashCardController     : questionImage is not null, trying to convert it to latex and store it afterwards...
2025-07-06T16:20:56.043+02:00 TRACE 25024 --- [backend] [http-nio-8080-exec-1] o.s.s.w.a.AnonymousAuthenticationFilter  : Did not set SecurityContextHolder since already authenticated UsernamePasswordAuthenticationToken [Principal=org.springframework.security.core.userdetails.User [Username=wiederhold.luis@gmx.de, Password=[PROTECTED], Enabled=true, AccountNonExpired=true, CredentialsNonExpired=true, AccountNonLocked=true, Granted Authorities=[]], Credentials=[PROTECTED], Authenticated=true, Details=WebAuthenticationDetails [RemoteIpAddress=0:0:0:0:0:0:0:1, SessionId=null], Granted Authorities=[]]
2025-07-06T16:20:56.043+02:00 TRACE 25024 --- [backend] [http-nio-8080-exec-1] o.s.s.w.header.writers.HstsHeaderWriter  : Not injecting HSTS header since it did not match request to [Is Secure]
2025-07-06T16:20:56.044+02:00 ERROR 25024 --- [backend] [http-nio-8080-exec-1] o.a.c.c.C.[.[.[/].[dispatcherServlet]    : Servlet.service() for servlet [dispatcherServlet] in context with path [] threw exception [Request processing failed: java.lang.RuntimeException: java.lang.IllegalArgumentException: image == null!] with root cause

java.lang.IllegalArgumentException: image == null!
	at java.desktop/javax.imageio.ImageTypeSpecifier.createFromRenderedImage(ImageTypeSpecifier.java:925) ~[na:na]
	at java.desktop/javax.imageio.ImageIO.getWriter(ImageIO.java:1610) ~[na:na]
	at java.desktop/javax.imageio.ImageIO.write(ImageIO.java:1596) ~[na:na]
	at com.luiswiederhold.backend.flashcards.MathPixService.convertToLatex(MathPixService.java:40) ~[main/:na]
	at com.luiswiederhold.backend.flashcards.FlashCardController.createNewFlashcard(FlashCardController.java:65) ~[main/:na]
	at java.base/jdk.internal.reflect.NativeMethodAccessorImpl.invoke0(Native Method) ~[na:na]
	at java.base/jdk.internal.reflect.NativeMethodAccessorImpl.invoke(NativeMethodAccessorImpl.java:77) ~[na:na]
	at java.base/jdk.internal.reflect.DelegatingMethodAccessorImpl.invoke(DelegatingMethodAccessorImpl.java:43) ~[na:na]
	at java.base/java.lang.reflect.Method.invoke(Method.java:568) ~[na:na]
	at org.springframework.web.method.support.InvocableHandlerMethod.doInvoke(InvocableHandlerMethod.java:257) ~[spring-web-6.2.3.jar:6.2.3]
	at org.springframework.web.method.support.InvocableHandlerMethod.invokeForRequest(InvocableHandlerMethod.java:190) ~[spring-web-6.2.3.jar:6.2.3]
	at org.springframework.web.servlet.mvc.method.annotation.ServletInvocableHandlerMethod.invokeAndHandle(ServletInvocableHandlerMethod.java:118) ~[spring-webmvc-6.2.3.jar:6.2.3]
	at org.springframework.web.servlet.mvc.method.annotation.RequestMappingHandlerAdapter.invokeHandlerMethod(RequestMappingHandlerAdapter.java:986) ~[spring-webmvc-6.2.3.jar:6.2.3]
	at org.springframework.web.servlet.mvc.method.annotation.RequestMappingHandlerAdapter.handleInternal(RequestMappingHandlerAdapter.java:891) ~[spring-webmvc-6.2.3.jar:6.2.3]
	at org.springframework.web.servlet.mvc.method.AbstractHandlerMethodAdapter.handle(AbstractHandlerMethodAdapter.java:87) ~[spring-webmvc-6.2.3.jar:6.2.3]
	at org.springframework.web.servlet.DispatcherServlet.doDispatch(DispatcherServlet.java:1088) ~[spring-webmvc-6.2.3.jar:6.2.3]
	at org.springframework.web.servlet.DispatcherServlet.doService(DispatcherServlet.java:978) ~[spring-webmvc-6.2.3.jar:6.2.3]
	at org.springframework.web.servlet.FrameworkServlet.processRequest(FrameworkServlet.java:1014) ~[spring-webmvc-6.2.3.jar:6.2.3]
	at org.springframework.web.servlet.FrameworkServlet.doPost(FrameworkServlet.java:914) ~[spring-webmvc-6.2.3.jar:6.2.3]
	at jakarta.servlet.http.HttpServlet.service(HttpServlet.java:590) ~[tomcat-embed-core-10.1.36.jar:6.0]
	at org.springframework.web.servlet.FrameworkServlet.service(FrameworkServlet.java:885) ~[spring-webmvc-6.2.3.jar:6.2.3]
	at jakarta.servlet.http.HttpServlet.service(HttpServlet.java:658) ~[tomcat-embed-core-10.1.36.jar:6.0]
	at org.apache.catalina.core.ApplicationFilterChain.internalDoFilter(ApplicationFilterChain.java:195) ~[tomcat-embed-core-10.1.36.jar:10.1.36]
	at org.apache.catalina.core.ApplicationFilterChain.doFilter(ApplicationFilterChain.java:140) ~[tomcat-embed-core-10.1.36.jar:10.1.36]
	at org.apache.tomcat.websocket.server.WsFilter.doFilter(WsFilter.java:51) ~[tomcat-embed-websocket-10.1.36.jar:10.1.36]
	at org.apache.catalina.core.ApplicationFilterChain.internalDoFilter(ApplicationFilterChain.java:164) ~[tomcat-embed-core-10.1.36.jar:10.1.36]
	at org.apache.catalina.core.ApplicationFilterChain.doFilter(ApplicationFilterChain.java:140) ~[tomcat-embed-core-10.1.36.jar:10.1.36]
	at org.springframework.web.filter.CompositeFilter$VirtualFilterChain.doFilter(CompositeFilter.java:108) ~[spring-web-6.2.3.jar:6.2.3]
	at org.springframework.security.web.FilterChainProxy.lambda$doFilterInternal$3(FilterChainProxy.java:231) ~[spring-security-web-6.4.3.jar:6.4.3]
	at org.springframework.security.web.FilterChainProxy$VirtualFilterChain.doFilter(FilterChainProxy.java:365) ~[spring-security-web-6.4.3.jar:6.4.3]
	at org.springframework.security.web.access.ExceptionTranslationFilter.doFilter(ExceptionTranslationFilter.java:126) ~[spring-security-web-6.4.3.jar:6.4.3]
	at org.springframework.security.web.access.ExceptionTranslationFilter.doFilter(ExceptionTranslationFilter.java:120) ~[spring-security-web-6.4.3.jar:6.4.3]
	at org.springframework.security.web.FilterChainProxy$VirtualFilterChain.doFilter(FilterChainProxy.java:374) ~[spring-security-web-6.4.3.jar:6.4.3]
	at org.springframework.security.web.authentication.AnonymousAuthenticationFilter.doFilter(AnonymousAuthenticationFilter.java:100) ~[spring-security-web-6.4.3.jar:6.4.3]
	at org.springframework.security.web.FilterChainProxy$VirtualFilterChain.doFilter(FilterChainProxy.java:374) ~[spring-security-web-6.4.3.jar:6.4.3]
	at org.springframework.security.web.authentication.rememberme.RememberMeAuthenticationFilter.doFilter(RememberMeAuthenticationFilter.java:114) ~[spring-security-web-6.4.3.jar:6.4.3]
	at org.springframework.security.web.authentication.rememberme.RememberMeAuthenticationFilter.doFilter(RememberMeAuthenticationFilter.java:105) ~[spring-security-web-6.4.3.jar:6.4.3]
	at org.springframework.security.web.FilterChainProxy$VirtualFilterChain.doFilter(FilterChainProxy.java:374) ~[spring-security-web-6.4.3.jar:6.4.3]
	at org.springframework.security.web.servletapi.SecurityContextHolderAwareRequestFilter.doFilter(SecurityContextHolderAwareRequestFilter.java:179) ~[spring-security-web-6.4.3.jar:6.4.3]
	at org.springframework.security.web.FilterChainProxy$VirtualFilterChain.doFilter(FilterChainProxy.java:374) ~[spring-security-web-6.4.3.jar:6.4.3]
	at org.springframework.security.web.savedrequest.RequestCacheAwareFilter.doFilter(RequestCacheAwareFilter.java:63) ~[spring-security-web-6.4.3.jar:6.4.3]
	at org.springframework.security.web.FilterChainProxy$VirtualFilterChain.doFilter(FilterChainProxy.java:374) ~[spring-security-web-6.4.3.jar:6.4.3]
	at org.springframework.security.web.authentication.www.BasicAuthenticationFilter.doFilterInternal(BasicAuthenticationFilter.java:213) ~[spring-security-web-6.4.3.jar:6.4.3]
	at org.springframework.web.filter.OncePerRequestFilter.doFilter(OncePerRequestFilter.java:116) ~[spring-web-6.2.3.jar:6.2.3]
	at org.springframework.security.web.FilterChainProxy$VirtualFilterChain.doFilter(FilterChainProxy.java:374) ~[spring-security-web-6.4.3.jar:6.4.3]
	at org.springframework.security.web.authentication.ui.DefaultLogoutPageGeneratingFilter.doFilterInternal(DefaultLogoutPageGeneratingFilter.java:58) ~[spring-security-web-6.4.3.jar:6.4.3]
	at org.springframework.web.filter.OncePerRequestFilter.doFilter(OncePerRequestFilter.java:116) ~[spring-web-6.2.3.jar:6.2.3]
	at org.springframework.security.web.FilterChainProxy$VirtualFilterChain.doFilter(FilterChainProxy.java:374) ~[spring-security-web-6.4.3.jar:6.4.3]
	at org.springframework.security.web.authentication.ui.DefaultLoginPageGeneratingFilter.doFilter(DefaultLoginPageGeneratingFilter.java:220) ~[spring-security-web-6.4.3.jar:6.4.3]
	at org.springframework.security.web.authentication.ui.DefaultLoginPageGeneratingFilter.doFilter(DefaultLoginPageGeneratingFilter.java:206) ~[spring-security-web-6.4.3.jar:6.4.3]
	at org.springframework.security.web.FilterChainProxy$VirtualFilterChain.doFilter(FilterChainProxy.java:374) ~[spring-security-web-6.4.3.jar:6.4.3]
	at org.springframework.security.web.authentication.ui.DefaultResourcesFilter.doFilter(DefaultResourcesFilter.java:72) ~[spring-security-web-6.4.3.jar:6.4.3]
	at org.springframework.security.web.FilterChainProxy$VirtualFilterChain.doFilter(FilterChainProxy.java:374) ~[spring-security-web-6.4.3.jar:6.4.3]
	at org.springframework.security.web.authentication.AbstractAuthenticationProcessingFilter.doFilter(AbstractAuthenticationProcessingFilter.java:227) ~[spring-security-web-6.4.3.jar:6.4.3]
	at org.springframework.security.web.authentication.AbstractAuthenticationProcessingFilter.doFilter(AbstractAuthenticationProcessingFilter.java:221) ~[spring-security-web-6.4.3.jar:6.4.3]
	at org.springframework.security.web.FilterChainProxy$VirtualFilterChain.doFilter(FilterChainProxy.java:374) ~[spring-security-web-6.4.3.jar:6.4.3]
	at org.springframework.security.web.authentication.logout.LogoutFilter.doFilter(LogoutFilter.java:107) ~[spring-security-web-6.4.3.jar:6.4.3]
	at org.springframework.security.web.authentication.logout.LogoutFilter.doFilter(LogoutFilter.java:93) ~[spring-security-web-6.4.3.jar:6.4.3]
	at org.springframework.security.web.FilterChainProxy$VirtualFilterChain.doFilter(FilterChainProxy.java:374) ~[spring-security-web-6.4.3.jar:6.4.3]
	at org.springframework.security.web.header.HeaderWriterFilter.doHeadersAfter(HeaderWriterFilter.java:90) ~[spring-security-web-6.4.3.jar:6.4.3]
	at org.springframework.security.web.header.HeaderWriterFilter.doFilterInternal(HeaderWriterFilter.java:75) ~[spring-security-web-6.4.3.jar:6.4.3]
	at org.springframework.web.filter.OncePerRequestFilter.doFilter(OncePerRequestFilter.java:116) ~[spring-web-6.2.3.jar:6.2.3]
	at org.springframework.security.web.FilterChainProxy$VirtualFilterChain.doFilter(FilterChainProxy.java:374) ~[spring-security-web-6.4.3.jar:6.4.3]
	at org.springframework.security.web.context.SecurityContextHolderFilter.doFilter(SecurityContextHolderFilter.java:82) ~[spring-security-web-6.4.3.jar:6.4.3]
	at org.springframework.security.web.context.SecurityContextHolderFilter.doFilter(SecurityContextHolderFilter.java:69) ~[spring-security-web-6.4.3.jar:6.4.3]
	at org.springframework.security.web.FilterChainProxy$VirtualFilterChain.doFilter(FilterChainProxy.java:374) ~[spring-security-web-6.4.3.jar:6.4.3]
	at org.springframework.security.web.context.request.async.WebAsyncManagerIntegrationFilter.doFilterInternal(WebAsyncManagerIntegrationFilter.java:62) ~[spring-security-web-6.4.3.jar:6.4.3]
	at org.springframework.web.filter.OncePerRequestFilter.doFilter(OncePerRequestFilter.java:116) ~[spring-web-6.2.3.jar:6.2.3]
	at org.springframework.security.web.FilterChainProxy$VirtualFilterChain.doFilter(FilterChainProxy.java:374) ~[spring-security-web-6.4.3.jar:6.4.3]
	at org.springframework.security.web.session.DisableEncodeUrlFilter.doFilterInternal(DisableEncodeUrlFilter.java:42) ~[spring-security-web-6.4.3.jar:6.4.3]
	at org.springframework.web.filter.OncePerRequestFilter.doFilter(OncePerRequestFilter.java:116) ~[spring-web-6.2.3.jar:6.2.3]
	at org.springframework.security.web.FilterChainProxy$VirtualFilterChain.doFilter(FilterChainProxy.java:374) ~[spring-security-web-6.4.3.jar:6.4.3]
	at org.springframework.security.web.FilterChainProxy.doFilterInternal(FilterChainProxy.java:233) ~[spring-security-web-6.4.3.jar:6.4.3]
	at org.springframework.security.web.FilterChainProxy.doFilter(FilterChainProxy.java:191) ~[spring-security-web-6.4.3.jar:6.4.3]
	at org.springframework.web.filter.CompositeFilter$VirtualFilterChain.doFilter(CompositeFilter.java:113) ~[spring-web-6.2.3.jar:6.2.3]
	at org.springframework.web.servlet.handler.HandlerMappingIntrospector.lambda$createCacheFilter$3(HandlerMappingIntrospector.java:243) ~[spring-webmvc-6.2.3.jar:6.2.3]
	at org.springframework.web.filter.CompositeFilter$VirtualFilterChain.doFilter(CompositeFilter.java:113) ~[spring-web-6.2.3.jar:6.2.3]
	at org.springframework.web.filter.CompositeFilter.doFilter(CompositeFilter.java:74) ~[spring-web-6.2.3.jar:6.2.3]
	at org.springframework.security.config.annotation.web.configuration.WebMvcSecurityConfiguration$CompositeFilterChainProxy.doFilter(WebMvcSecurityConfiguration.java:238) ~[spring-security-config-6.4.3.jar:6.4.3]
	at org.springframework.web.filter.DelegatingFilterProxy.invokeDelegate(DelegatingFilterProxy.java:362) ~[spring-web-6.2.3.jar:6.2.3]
	at org.springframework.web.filter.DelegatingFilterProxy.doFilter(DelegatingFilterProxy.java:278) ~[spring-web-6.2.3.jar:6.2.3]
	at org.apache.catalina.core.ApplicationFilterChain.internalDoFilter(ApplicationFilterChain.java:164) ~[tomcat-embed-core-10.1.36.jar:10.1.36]
	at org.apache.catalina.core.ApplicationFilterChain.doFilter(ApplicationFilterChain.java:140) ~[tomcat-embed-core-10.1.36.jar:10.1.36]
	at org.springframework.web.filter.RequestContextFilter.doFilterInternal(RequestContextFilter.java:100) ~[spring-web-6.2.3.jar:6.2.3]
	at org.springframework.web.filter.OncePerRequestFilter.doFilter(OncePerRequestFilter.java:116) ~[spring-web-6.2.3.jar:6.2.3]
	at org.apache.catalina.core.ApplicationFilterChain.internalDoFilter(ApplicationFilterChain.java:164) ~[tomcat-embed-core-10.1.36.jar:10.1.36]
	at org.apache.catalina.core.ApplicationFilterChain.doFilter(ApplicationFilterChain.java:140) ~[tomcat-embed-core-10.1.36.jar:10.1.36]
	at org.springframework.web.filter.FormContentFilter.doFilterInternal(FormContentFilter.java:93) ~[spring-web-6.2.3.jar:6.2.3]
	at org.springframework.web.filter.OncePerRequestFilter.doFilter(OncePerRequestFilter.java:116) ~[spring-web-6.2.3.jar:6.2.3]
	at org.apache.catalina.core.ApplicationFilterChain.internalDoFilter(ApplicationFilterChain.java:164) ~[tomcat-embed-core-10.1.36.jar:10.1.36]
	at org.apache.catalina.core.ApplicationFilterChain.doFilter(ApplicationFilterChain.java:140) ~[tomcat-embed-core-10.1.36.jar:10.1.36]
	at org.springframework.web.filter.CharacterEncodingFilter.doFilterInternal(CharacterEncodingFilter.java:201) ~[spring-web-6.2.3.jar:6.2.3]
	at org.springframework.web.filter.OncePerRequestFilter.doFilter(OncePerRequestFilter.java:116) ~[spring-web-6.2.3.jar:6.2.3]
	at org.apache.catalina.core.ApplicationFilterChain.internalDoFilter(ApplicationFilterChain.java:164) ~[tomcat-embed-core-10.1.36.jar:10.1.36]
	at org.apache.catalina.core.ApplicationFilterChain.doFilter(ApplicationFilterChain.java:140) ~[tomcat-embed-core-10.1.36.jar:10.1.36]
	at org.apache.catalina.core.StandardWrapperValve.invoke(StandardWrapperValve.java:167) ~[tomcat-embed-core-10.1.36.jar:10.1.36]
	at org.apache.catalina.core.StandardContextValve.invoke(StandardContextValve.java:90) ~[tomcat-embed-core-10.1.36.jar:10.1.36]
	at org.apache.catalina.authenticator.AuthenticatorBase.invoke(AuthenticatorBase.java:483) ~[tomcat-embed-core-10.1.36.jar:10.1.36]
	at org.apache.catalina.core.StandardHostValve.invoke(StandardHostValve.java:115) ~[tomcat-embed-core-10.1.36.jar:10.1.36]
	at org.apache.catalina.valves.ErrorReportValve.invoke(ErrorReportValve.java:93) ~[tomcat-embed-core-10.1.36.jar:10.1.36]
	at org.apache.catalina.core.StandardEngineValve.invoke(StandardEngineValve.java:74) ~[tomcat-embed-core-10.1.36.jar:10.1.36]
	at org.apache.catalina.connector.CoyoteAdapter.service(CoyoteAdapter.java:344) ~[tomcat-embed-core-10.1.36.jar:10.1.36]
	at org.apache.coyote.http11.Http11Processor.service(Http11Processor.java:397) ~[tomcat-embed-core-10.1.36.jar:10.1.36]
	at org.apache.coyote.AbstractProcessorLight.process(AbstractProcessorLight.java:63) ~[tomcat-embed-core-10.1.36.jar:10.1.36]
	at org.apache.coyote.AbstractProtocol$ConnectionHandler.process(AbstractProtocol.java:905) ~[tomcat-embed-core-10.1.36.jar:10.1.36]
	at org.apache.tomcat.util.net.NioEndpoint$SocketProcessor.doRun(NioEndpoint.java:1743) ~[tomcat-embed-core-10.1.36.jar:10.1.36]
	at org.apache.tomcat.util.net.SocketProcessorBase.run(SocketProcessorBase.java:52) ~[tomcat-embed-core-10.1.36.jar:10.1.36]
	at org.apache.tomcat.util.threads.ThreadPoolExecutor.runWorker(ThreadPoolExecutor.java:1190) ~[tomcat-embed-core-10.1.36.jar:10.1.36]
	at org.apache.tomcat.util.threads.ThreadPoolExecutor$Worker.run(ThreadPoolExecutor.java:659) ~[tomcat-embed-core-10.1.36.jar:10.1.36]
	at org.apache.tomcat.util.threads.TaskThread$WrappingRunnable.run(TaskThread.java:63) ~[tomcat-embed-core-10.1.36.jar:10.1.36]
	at java.base/java.lang.Thread.run(Thread.java:842) ~[na:na]

2025-07-06T16:20:56.054+02:00 TRACE 25024 --- [backend] [http-nio-8080-exec-1] o.s.security.web.FilterChainProxy        : Trying to match request against DefaultSecurityFilterChain defined as 'filterChain' in [class path resource [com/luiswiederhold/backend/security/SecurityConfig.class]] matching [any request] and having filters [DisableEncodeUrl, WebAsyncManagerIntegration, SecurityContextHolder, HeaderWriter, Logout, UsernamePasswordAuthentication, DefaultResources, DefaultLoginPageGenerating, DefaultLogoutPageGenerating, BasicAuthentication, RequestCacheAware, SecurityContextHolderAwareRequest, RememberMeAuthentication, AnonymousAuthentication, ExceptionTranslation] (1/1)
2025-07-06T16:20:56.054+02:00 DEBUG 25024 --- [backend] [http-nio-8080-exec-1] o.s.security.web.FilterChainProxy        : Securing POST /error
2025-07-06T16:20:56.054+02:00 TRACE 25024 --- [backend] [http-nio-8080-exec-1] o.s.security.web.FilterChainProxy        : Invoking DisableEncodeUrlFilter (1/15)
2025-07-06T16:20:56.054+02:00 TRACE 25024 --- [backend] [http-nio-8080-exec-1] o.s.security.web.FilterChainProxy        : Invoking WebAsyncManagerIntegrationFilter (2/15)
2025-07-06T16:20:56.054+02:00 TRACE 25024 --- [backend] [http-nio-8080-exec-1] o.s.security.web.FilterChainProxy        : Invoking SecurityContextHolderFilter (3/15)
2025-07-06T16:20:56.054+02:00 TRACE 25024 --- [backend] [http-nio-8080-exec-1] o.s.security.web.FilterChainProxy        : Invoking HeaderWriterFilter (4/15)
2025-07-06T16:20:56.054+02:00 TRACE 25024 --- [backend] [http-nio-8080-exec-1] o.s.security.web.FilterChainProxy        : Invoking LogoutFilter (5/15)
2025-07-06T16:20:56.054+02:00 TRACE 25024 --- [backend] [http-nio-8080-exec-1] o.s.s.w.a.logout.LogoutFilter            : Did not match request to Or [Ant [pattern='/logout', GET], Ant [pattern='/logout', POST], Ant [pattern='/logout', PUT], Ant [pattern='/logout', DELETE]]
2025-07-06T16:20:56.054+02:00 TRACE 25024 --- [backend] [http-nio-8080-exec-1] o.s.security.web.FilterChainProxy        : Invoking UsernamePasswordAuthenticationFilter (6/15)
2025-07-06T16:20:56.054+02:00 TRACE 25024 --- [backend] [http-nio-8080-exec-1] w.a.UsernamePasswordAuthenticationFilter : Did not match request to Ant [pattern='/login', POST]
2025-07-06T16:20:56.054+02:00 TRACE 25024 --- [backend] [http-nio-8080-exec-1] o.s.security.web.FilterChainProxy        : Invoking DefaultResourcesFilter (7/15)
2025-07-06T16:20:56.054+02:00 TRACE 25024 --- [backend] [http-nio-8080-exec-1] o.s.security.web.FilterChainProxy        : Invoking DefaultLoginPageGeneratingFilter (8/15)
2025-07-06T16:20:56.054+02:00 TRACE 25024 --- [backend] [http-nio-8080-exec-1] o.s.security.web.FilterChainProxy        : Invoking DefaultLogoutPageGeneratingFilter (9/15)
2025-07-06T16:20:56.054+02:00 TRACE 25024 --- [backend] [http-nio-8080-exec-1] o.s.security.web.FilterChainProxy        : Invoking BasicAuthenticationFilter (10/15)
2025-07-06T16:20:56.055+02:00 TRACE 25024 --- [backend] [http-nio-8080-exec-1] o.s.security.web.FilterChainProxy        : Invoking RequestCacheAwareFilter (11/15)
2025-07-06T16:20:56.055+02:00 TRACE 25024 --- [backend] [http-nio-8080-exec-1] o.s.s.w.s.HttpSessionRequestCache        : matchingRequestParameterName is required for getMatchingRequest to lookup a value, but not provided
2025-07-06T16:20:56.055+02:00 TRACE 25024 --- [backend] [http-nio-8080-exec-1] o.s.security.web.FilterChainProxy        : Invoking SecurityContextHolderAwareRequestFilter (12/15)
2025-07-06T16:20:56.055+02:00 TRACE 25024 --- [backend] [http-nio-8080-exec-1] o.s.security.web.FilterChainProxy        : Invoking RememberMeAuthenticationFilter (13/15)
2025-07-06T16:20:56.055+02:00 TRACE 25024 --- [backend] [http-nio-8080-exec-1] w.c.HttpSessionSecurityContextRepository : No HttpSession currently exists
2025-07-06T16:20:56.055+02:00 TRACE 25024 --- [backend] [http-nio-8080-exec-1] .s.s.w.c.SupplierDeferredSecurityContext : Created SecurityContextImpl [Null authentication]
2025-07-06T16:20:56.055+02:00 DEBUG 25024 --- [backend] [http-nio-8080-exec-1] s.s.w.a.r.RememberMeAuthenticationFilter : SecurityContextHolder not populated with remember-me token, as it already contained: 'UsernamePasswordAuthenticationToken [Principal=org.springframework.security.core.userdetails.User [Username=wiederhold.luis@gmx.de, Password=[PROTECTED], Enabled=true, AccountNonExpired=true, CredentialsNonExpired=true, AccountNonLocked=true, Granted Authorities=[]], Credentials=[PROTECTED], Authenticated=true, Details=WebAuthenticationDetails [RemoteIpAddress=0:0:0:0:0:0:0:1, SessionId=null], Granted Authorities=[]]'
2025-07-06T16:20:56.055+02:00 TRACE 25024 --- [backend] [http-nio-8080-exec-1] o.s.security.web.FilterChainProxy        : Invoking AnonymousAuthenticationFilter (14/15)
2025-07-06T16:20:56.055+02:00 TRACE 25024 --- [backend] [http-nio-8080-exec-1] o.s.security.web.FilterChainProxy        : Invoking ExceptionTranslationFilter (15/15)
2025-07-06T16:20:56.055+02:00 DEBUG 25024 --- [backend] [http-nio-8080-exec-1] o.s.security.web.FilterChainProxy        : Secured POST /error
2025-07-06T16:20:56.076+02:00 TRACE 25024 --- [backend] [http-nio-8080-exec-1] o.s.s.w.a.AnonymousAuthenticationFilter  : Did not set SecurityContextHolder since already authenticated UsernamePasswordAuthenticationToken [Principal=org.springframework.security.core.userdetails.User [Username=wiederhold.luis@gmx.de, Password=[PROTECTED], Enabled=true, AccountNonExpired=true, CredentialsNonExpired=true, AccountNonLocked=true, Granted Authorities=[]], Credentials=[PROTECTED], Authenticated=true, Details=WebAuthenticationDetails [RemoteIpAddress=0:0:0:0:0:0:0:1, SessionId=null], Granted Authorities=[]]
2025-07-06T16:21:27.831+02:00  INFO 25024 --- [backend] [SpringApplicationShutdownHook] o.s.b.w.e.tomcat.GracefulShutdown        : Commencing graceful shutdown. Waiting for active requests to complete
2025-07-06T16:21:27.847+02:00  INFO 25024 --- [backend] [tomcat-shutdown] o.s.b.w.e.tomcat.GracefulShutdown        : Graceful shutdown complete
2025-07-06T16:21:27.850+02:00  INFO 25024 --- [backend] [SpringApplicationShutdownHook] j.LocalContainerEntityManagerFactoryBean : Closing JPA EntityManagerFactory for persistence unit 'default'
2025-07-06T16:21:27.852+02:00  INFO 25024 --- [backend] [SpringApplicationShutdownHook] com.zaxxer.hikari.HikariDataSource       : HikariPool-1 - Shutdown initiated...
2025-07-06T16:21:27.853+02:00  INFO 25024 --- [backend] [SpringApplicationShutdownHook] com.zaxxer.hikari.HikariDataSource       : HikariPool-1 - Shutdown completed.
2025-07-06T16:21:30.664+02:00  INFO 26736 --- [backend] [restartedMain] c.l.backend.BackendApplication           : Starting BackendApplication using Java 17.0.9 with PID 26736 (C:\Users\Admin\Desktop\Mathematik Studium\1. Semester\Informatik\Hausaufgaben\stemcards\backend\build\classes\java\main started by Admin in C:\Users\Admin\Desktop\Mathematik Studium\1. Semester\Informatik\Hausaufgaben\stemcards\backend)
2025-07-06T16:21:30.665+02:00  INFO 26736 --- [backend] [restartedMain] c.l.backend.BackendApplication           : The following 1 profile is active: "prod"
2025-07-06T16:21:30.699+02:00  INFO 26736 --- [backend] [restartedMain] .e.DevToolsPropertyDefaultsPostProcessor : Devtools property defaults active! Set 'spring.devtools.add-properties' to 'false' to disable
2025-07-06T16:21:30.699+02:00  INFO 26736 --- [backend] [restartedMain] .e.DevToolsPropertyDefaultsPostProcessor : For additional web related logging consider setting the 'logging.level.web' property to 'DEBUG'
2025-07-06T16:21:31.188+02:00  INFO 26736 --- [backend] [restartedMain] .s.d.r.c.RepositoryConfigurationDelegate : Bootstrapping Spring Data JPA repositories in DEFAULT mode.
2025-07-06T16:21:31.239+02:00  INFO 26736 --- [backend] [restartedMain] .s.d.r.c.RepositoryConfigurationDelegate : Finished Spring Data repository scanning in 42 ms. Found 2 JPA repository interfaces.
2025-07-06T16:21:31.677+02:00  INFO 26736 --- [backend] [restartedMain] o.s.b.w.embedded.tomcat.TomcatWebServer  : Tomcat initialized with port 8080 (http)
2025-07-06T16:21:31.688+02:00  INFO 26736 --- [backend] [restartedMain] o.apache.catalina.core.StandardService   : Starting service [Tomcat]
2025-07-06T16:21:31.688+02:00  INFO 26736 --- [backend] [restartedMain] o.apache.catalina.core.StandardEngine    : Starting Servlet engine: [Apache Tomcat/10.1.36]
2025-07-06T16:21:31.724+02:00  INFO 26736 --- [backend] [restartedMain] o.a.c.c.C.[Tomcat].[localhost].[/]       : Initializing Spring embedded WebApplicationContext
2025-07-06T16:21:31.724+02:00  INFO 26736 --- [backend] [restartedMain] w.s.c.ServletWebServerApplicationContext : Root WebApplicationContext: initialization completed in 1025 ms
2025-07-06T16:21:31.832+02:00  INFO 26736 --- [backend] [restartedMain] o.hibernate.jpa.internal.util.LogHelper  : HHH000204: Processing PersistenceUnitInfo [name: default]
2025-07-06T16:21:31.874+02:00  INFO 26736 --- [backend] [restartedMain] org.hibernate.Version                    : HHH000412: Hibernate ORM core version 6.6.8.Final
2025-07-06T16:21:31.898+02:00  INFO 26736 --- [backend] [restartedMain] o.h.c.internal.RegionFactoryInitiator    : HHH000026: Second-level cache disabled
2025-07-06T16:21:32.120+02:00  INFO 26736 --- [backend] [restartedMain] o.s.o.j.p.SpringPersistenceUnitInfo      : No LoadTimeWeaver setup: ignoring JPA class transformer
2025-07-06T16:21:32.142+02:00  INFO 26736 --- [backend] [restartedMain] com.zaxxer.hikari.HikariDataSource       : HikariPool-1 - Starting...
2025-07-06T16:21:32.248+02:00  INFO 26736 --- [backend] [restartedMain] com.zaxxer.hikari.pool.HikariPool        : HikariPool-1 - Added connection org.postgresql.jdbc.PgConnection@4df7e4d7
2025-07-06T16:21:32.249+02:00  INFO 26736 --- [backend] [restartedMain] com.zaxxer.hikari.HikariDataSource       : HikariPool-1 - Start completed.
2025-07-06T16:21:32.274+02:00  WARN 26736 --- [backend] [restartedMain] org.hibernate.orm.deprecation            : HHH90000025: PostgreSQLDialect does not need to be specified explicitly using 'hibernate.dialect' (remove the property setting and it will be selected by default)
2025-07-06T16:21:32.287+02:00  INFO 26736 --- [backend] [restartedMain] org.hibernate.orm.connections.pooling    : HHH10001005: Database info:
	Database JDBC URL [Connecting through datasource 'HikariDataSource (HikariPool-1)']
	Database driver: undefined/unknown
	Database version: 17.5
	Autocommit mode: undefined/unknown
	Isolation level: undefined/unknown
	Minimum pool size: undefined/unknown
	Maximum pool size: undefined/unknown
2025-07-06T16:21:32.944+02:00  INFO 26736 --- [backend] [restartedMain] o.h.e.t.j.p.i.JtaPlatformInitiator       : HHH000489: No JTA platform available (set 'hibernate.transaction.jta.platform' to enable JTA platform integration)
2025-07-06T16:21:32.975+02:00  INFO 26736 --- [backend] [restartedMain] j.LocalContainerEntityManagerFactoryBean : Initialized JPA EntityManagerFactory for persistence unit 'default'
2025-07-06T16:21:33.187+02:00  INFO 26736 --- [backend] [restartedMain] o.s.d.j.r.query.QueryEnhancerFactory     : Hibernate is in classpath; If applicable, HQL parser will be used.
2025-07-06T16:21:33.249+02:00  WARN 26736 --- [backend] [restartedMain] JpaBaseConfiguration$JpaWebConfiguration : spring.jpa.open-in-view is enabled by default. Therefore, database queries may be performed during view rendering. Explicitly configure spring.jpa.open-in-view to disable this warning
2025-07-06T16:21:33.257+02:00 TRACE 26736 --- [backend] [restartedMain] eGlobalAuthenticationAutowiredConfigurer : Eagerly initializing {securityConfig=com.luiswiederhold.backend.security.SecurityConfig$$SpringCGLIB$$0@3747d760}
2025-07-06T16:21:33.258+02:00  INFO 26736 --- [backend] [restartedMain] eAuthenticationProviderManagerConfigurer : Found 2 AuthenticationProvider beans, with names [rememberMeAuthenticationProvider, daoAuthenticationProvider]. Global Authentication Manager will not be configured with AuthenticationProviders. Consider publishing a single AuthenticationProvider bean, or wiring your Providers directly using the DSL.
2025-07-06T16:21:33.262+02:00  INFO 26736 --- [backend] [restartedMain] r$InitializeUserDetailsManagerConfigurer : Global AuthenticationManager configured with UserDetailsService bean with name customUserDetailsService
2025-07-06T16:21:33.437+02:00 DEBUG 26736 --- [backend] [restartedMain] o.s.s.web.DefaultSecurityFilterChain     : Will secure any request with filters: DisableEncodeUrlFilter, WebAsyncManagerIntegrationFilter, SecurityContextHolderFilter, HeaderWriterFilter, LogoutFilter, UsernamePasswordAuthenticationFilter, DefaultResourcesFilter, DefaultLoginPageGeneratingFilter, DefaultLogoutPageGeneratingFilter, BasicAuthenticationFilter, RequestCacheAwareFilter, SecurityContextHolderAwareRequestFilter, RememberMeAuthenticationFilter, AnonymousAuthenticationFilter, ExceptionTranslationFilter
2025-07-06T16:21:33.575+02:00  INFO 26736 --- [backend] [restartedMain] o.s.b.d.a.OptionalLiveReloadServer       : LiveReload server is running on port 35729
2025-07-06T16:21:33.599+02:00  INFO 26736 --- [backend] [restartedMain] o.s.b.w.embedded.tomcat.TomcatWebServer  : Tomcat started on port 8080 (http) with context path '/'
2025-07-06T16:21:33.606+02:00  INFO 26736 --- [backend] [restartedMain] c.l.backend.BackendApplication           : Started BackendApplication in 3.232 seconds (process running for 3.647)
2025-07-06T16:21:41.637+02:00  INFO 26736 --- [backend] [http-nio-8080-exec-1] o.a.c.c.C.[Tomcat].[localhost].[/]       : Initializing Spring DispatcherServlet 'dispatcherServlet'
2025-07-06T16:21:41.637+02:00  INFO 26736 --- [backend] [http-nio-8080-exec-1] o.s.web.servlet.DispatcherServlet        : Initializing Servlet 'dispatcherServlet'
2025-07-06T16:21:41.638+02:00  INFO 26736 --- [backend] [http-nio-8080-exec-1] o.s.web.servlet.DispatcherServlet        : Completed initialization in 1 ms
2025-07-06T16:21:41.650+02:00 TRACE 26736 --- [backend] [http-nio-8080-exec-1] o.s.security.web.FilterChainProxy        : Trying to match request against DefaultSecurityFilterChain defined as 'filterChain' in [class path resource [com/luiswiederhold/backend/security/SecurityConfig.class]] matching [any request] and having filters [DisableEncodeUrl, WebAsyncManagerIntegration, SecurityContextHolder, HeaderWriter, Logout, UsernamePasswordAuthentication, DefaultResources, DefaultLoginPageGenerating, DefaultLogoutPageGenerating, BasicAuthentication, RequestCacheAware, SecurityContextHolderAwareRequest, RememberMeAuthentication, AnonymousAuthentication, ExceptionTranslation] (1/1)
2025-07-06T16:21:41.650+02:00 DEBUG 26736 --- [backend] [http-nio-8080-exec-1] o.s.security.web.FilterChainProxy        : Securing POST /flashcards/create
2025-07-06T16:21:41.651+02:00 TRACE 26736 --- [backend] [http-nio-8080-exec-1] o.s.security.web.FilterChainProxy        : Invoking DisableEncodeUrlFilter (1/15)
2025-07-06T16:21:41.651+02:00 TRACE 26736 --- [backend] [http-nio-8080-exec-1] o.s.security.web.FilterChainProxy        : Invoking WebAsyncManagerIntegrationFilter (2/15)
2025-07-06T16:21:41.653+02:00 TRACE 26736 --- [backend] [http-nio-8080-exec-1] o.s.security.web.FilterChainProxy        : Invoking SecurityContextHolderFilter (3/15)
2025-07-06T16:21:41.653+02:00 TRACE 26736 --- [backend] [http-nio-8080-exec-1] o.s.security.web.FilterChainProxy        : Invoking HeaderWriterFilter (4/15)
2025-07-06T16:21:41.654+02:00 TRACE 26736 --- [backend] [http-nio-8080-exec-1] o.s.security.web.FilterChainProxy        : Invoking LogoutFilter (5/15)
2025-07-06T16:21:41.655+02:00 TRACE 26736 --- [backend] [http-nio-8080-exec-1] o.s.s.w.a.logout.LogoutFilter            : Did not match request to Or [Ant [pattern='/logout', GET], Ant [pattern='/logout', POST], Ant [pattern='/logout', PUT], Ant [pattern='/logout', DELETE]]
2025-07-06T16:21:41.655+02:00 TRACE 26736 --- [backend] [http-nio-8080-exec-1] o.s.security.web.FilterChainProxy        : Invoking UsernamePasswordAuthenticationFilter (6/15)
2025-07-06T16:21:41.655+02:00 TRACE 26736 --- [backend] [http-nio-8080-exec-1] w.a.UsernamePasswordAuthenticationFilter : Did not match request to Ant [pattern='/login', POST]
2025-07-06T16:21:41.655+02:00 TRACE 26736 --- [backend] [http-nio-8080-exec-1] o.s.security.web.FilterChainProxy        : Invoking DefaultResourcesFilter (7/15)
2025-07-06T16:21:41.655+02:00 TRACE 26736 --- [backend] [http-nio-8080-exec-1] o.s.security.web.FilterChainProxy        : Invoking DefaultLoginPageGeneratingFilter (8/15)
2025-07-06T16:21:41.655+02:00 TRACE 26736 --- [backend] [http-nio-8080-exec-1] o.s.security.web.FilterChainProxy        : Invoking DefaultLogoutPageGeneratingFilter (9/15)
2025-07-06T16:21:41.655+02:00 TRACE 26736 --- [backend] [http-nio-8080-exec-1] .w.a.u.DefaultLogoutPageGeneratingFilter : Did not render default logout page since request did not match [Ant [pattern='/logout', GET]]
2025-07-06T16:21:41.655+02:00 TRACE 26736 --- [backend] [http-nio-8080-exec-1] o.s.security.web.FilterChainProxy        : Invoking BasicAuthenticationFilter (10/15)
2025-07-06T16:21:41.656+02:00 TRACE 26736 --- [backend] [http-nio-8080-exec-1] o.s.s.w.a.www.BasicAuthenticationFilter  : Found username 'wiederhold.luis@gmx.de' in Basic Authorization header
2025-07-06T16:21:41.656+02:00 TRACE 26736 --- [backend] [http-nio-8080-exec-1] w.c.HttpSessionSecurityContextRepository : No HttpSession currently exists
2025-07-06T16:21:41.656+02:00 TRACE 26736 --- [backend] [http-nio-8080-exec-1] .s.s.w.c.SupplierDeferredSecurityContext : Created SecurityContextImpl [Null authentication]
2025-07-06T16:21:41.656+02:00 TRACE 26736 --- [backend] [http-nio-8080-exec-1] .s.s.w.c.SupplierDeferredSecurityContext : Created SecurityContextImpl [Null authentication]
2025-07-06T16:21:41.656+02:00 TRACE 26736 --- [backend] [http-nio-8080-exec-1] o.s.s.authentication.ProviderManager     : Authenticating request with DaoAuthenticationProvider (1/1)
2025-07-06T16:21:41.729+02:00  INFO 26736 --- [backend] [http-nio-8080-exec-1] c.l.b.user.CustomUserDetailsService      : Loading user by email: wiederhold.luis@gmx.de
2025-07-06T16:21:41.818+02:00 DEBUG 26736 --- [backend] [http-nio-8080-exec-1] org.hibernate.SQL                        : select u1_0.id,u1_0.email,u1_0.lastname,u1_0.password,u1_0.privilege,u1_0.surname from users u1_0 where u1_0.email=?
2025-07-06T16:21:41.840+02:00  INFO 26736 --- [backend] [http-nio-8080-exec-1] c.l.b.user.CustomUserDetailsService      : Success, found user: User{id=1, email='wiederhold.luis@gmx.de', password='$2a$10$w73YZiDA98mnZurQ.8FkSu5MZ0idsbbAFnhsMQu7RUuO8jEKV4fQG', surname='luis', lastname='wiederhold'}
2025-07-06T16:21:41.906+02:00 DEBUG 26736 --- [backend] [http-nio-8080-exec-1] o.s.s.a.dao.DaoAuthenticationProvider    : Authenticated user
2025-07-06T16:21:41.907+02:00 DEBUG 26736 --- [backend] [http-nio-8080-exec-1] o.s.s.w.a.www.BasicAuthenticationFilter  : Set SecurityContextHolder to UsernamePasswordAuthenticationToken [Principal=org.springframework.security.core.userdetails.User [Username=wiederhold.luis@gmx.de, Password=[PROTECTED], Enabled=true, AccountNonExpired=true, CredentialsNonExpired=true, AccountNonLocked=true, Granted Authorities=[]], Credentials=[PROTECTED], Authenticated=true, Details=WebAuthenticationDetails [RemoteIpAddress=0:0:0:0:0:0:0:1, SessionId=null], Granted Authorities=[]]
2025-07-06T16:21:41.920+02:00 DEBUG 26736 --- [backend] [http-nio-8080-exec-1] o.s.s.w.a.r.TokenBasedRememberMeServices : Did not send remember-me cookie (principal did not set parameter 'remember-me')
2025-07-06T16:21:41.920+02:00 DEBUG 26736 --- [backend] [http-nio-8080-exec-1] o.s.s.w.a.r.TokenBasedRememberMeServices : Remember-me login not requested.
2025-07-06T16:21:41.920+02:00 TRACE 26736 --- [backend] [http-nio-8080-exec-1] o.s.security.web.FilterChainProxy        : Invoking RequestCacheAwareFilter (11/15)
2025-07-06T16:21:41.920+02:00 TRACE 26736 --- [backend] [http-nio-8080-exec-1] o.s.s.w.s.HttpSessionRequestCache        : matchingRequestParameterName is required for getMatchingRequest to lookup a value, but not provided
2025-07-06T16:21:41.920+02:00 TRACE 26736 --- [backend] [http-nio-8080-exec-1] o.s.security.web.FilterChainProxy        : Invoking SecurityContextHolderAwareRequestFilter (12/15)
2025-07-06T16:21:41.921+02:00 TRACE 26736 --- [backend] [http-nio-8080-exec-1] o.s.security.web.FilterChainProxy        : Invoking RememberMeAuthenticationFilter (13/15)
2025-07-06T16:21:41.921+02:00 DEBUG 26736 --- [backend] [http-nio-8080-exec-1] s.s.w.a.r.RememberMeAuthenticationFilter : SecurityContextHolder not populated with remember-me token, as it already contained: 'UsernamePasswordAuthenticationToken [Principal=org.springframework.security.core.userdetails.User [Username=wiederhold.luis@gmx.de, Password=[PROTECTED], Enabled=true, AccountNonExpired=true, CredentialsNonExpired=true, AccountNonLocked=true, Granted Authorities=[]], Credentials=[PROTECTED], Authenticated=true, Details=WebAuthenticationDetails [RemoteIpAddress=0:0:0:0:0:0:0:1, SessionId=null], Granted Authorities=[]]'
2025-07-06T16:21:41.922+02:00 TRACE 26736 --- [backend] [http-nio-8080-exec-1] o.s.security.web.FilterChainProxy        : Invoking AnonymousAuthenticationFilter (14/15)
2025-07-06T16:21:41.922+02:00 TRACE 26736 --- [backend] [http-nio-8080-exec-1] o.s.security.web.FilterChainProxy        : Invoking ExceptionTranslationFilter (15/15)
2025-07-06T16:21:41.922+02:00 DEBUG 26736 --- [backend] [http-nio-8080-exec-1] o.s.security.web.FilterChainProxy        : Secured POST /flashcards/create
2025-07-06T16:21:42.010+02:00 DEBUG 26736 --- [backend] [http-nio-8080-exec-1] c.l.backend.flashcards.FlashcardService  : Generating next free flashcard ID
2025-07-06T16:21:42.029+02:00 DEBUG 26736 --- [backend] [http-nio-8080-exec-1] org.hibernate.SQL                        : SELECT nextval('flashcard_sequence')
2025-07-06T16:21:42.034+02:00 DEBUG 26736 --- [backend] [http-nio-8080-exec-1] c.l.backend.flashcards.FlashcardService  : Next free flashcard ID is: 10
2025-07-06T16:21:42.035+02:00 DEBUG 26736 --- [backend] [http-nio-8080-exec-1] c.l.b.flashcards.FlashCardController     : questionImage is not null, trying to convert it to latex and store it afterwards...
2025-07-06T16:21:42.059+02:00 TRACE 26736 --- [backend] [http-nio-8080-exec-1] o.s.s.w.a.AnonymousAuthenticationFilter  : Did not set SecurityContextHolder since already authenticated UsernamePasswordAuthenticationToken [Principal=org.springframework.security.core.userdetails.User [Username=wiederhold.luis@gmx.de, Password=[PROTECTED], Enabled=true, AccountNonExpired=true, CredentialsNonExpired=true, AccountNonLocked=true, Granted Authorities=[]], Credentials=[PROTECTED], Authenticated=true, Details=WebAuthenticationDetails [RemoteIpAddress=0:0:0:0:0:0:0:1, SessionId=null], Granted Authorities=[]]
2025-07-06T16:21:42.059+02:00 TRACE 26736 --- [backend] [http-nio-8080-exec-1] o.s.s.w.header.writers.HstsHeaderWriter  : Not injecting HSTS header since it did not match request to [Is Secure]
2025-07-06T16:21:42.060+02:00 ERROR 26736 --- [backend] [http-nio-8080-exec-1] o.a.c.c.C.[.[.[/].[dispatcherServlet]    : Servlet.service() for servlet [dispatcherServlet] in context with path [] threw exception [Request processing failed: java.lang.RuntimeException: java.lang.IllegalArgumentException: image == null!] with root cause

java.lang.IllegalArgumentException: image == null!
	at java.desktop/javax.imageio.ImageTypeSpecifier.createFromRenderedImage(ImageTypeSpecifier.java:925) ~[na:na]
	at java.desktop/javax.imageio.ImageIO.getWriter(ImageIO.java:1610) ~[na:na]
	at java.desktop/javax.imageio.ImageIO.write(ImageIO.java:1596) ~[na:na]
	at com.luiswiederhold.backend.flashcards.MathPixService.convertToLatex(MathPixService.java:42) ~[main/:na]
	at com.luiswiederhold.backend.flashcards.FlashCardController.createNewFlashcard(FlashCardController.java:65) ~[main/:na]
	at java.base/jdk.internal.reflect.NativeMethodAccessorImpl.invoke0(Native Method) ~[na:na]
	at java.base/jdk.internal.reflect.NativeMethodAccessorImpl.invoke(NativeMethodAccessorImpl.java:77) ~[na:na]
	at java.base/jdk.internal.reflect.DelegatingMethodAccessorImpl.invoke(DelegatingMethodAccessorImpl.java:43) ~[na:na]
	at java.base/java.lang.reflect.Method.invoke(Method.java:568) ~[na:na]
	at org.springframework.web.method.support.InvocableHandlerMethod.doInvoke(InvocableHandlerMethod.java:257) ~[spring-web-6.2.3.jar:6.2.3]
	at org.springframework.web.method.support.InvocableHandlerMethod.invokeForRequest(InvocableHandlerMethod.java:190) ~[spring-web-6.2.3.jar:6.2.3]
	at org.springframework.web.servlet.mvc.method.annotation.ServletInvocableHandlerMethod.invokeAndHandle(ServletInvocableHandlerMethod.java:118) ~[spring-webmvc-6.2.3.jar:6.2.3]
	at org.springframework.web.servlet.mvc.method.annotation.RequestMappingHandlerAdapter.invokeHandlerMethod(RequestMappingHandlerAdapter.java:986) ~[spring-webmvc-6.2.3.jar:6.2.3]
	at org.springframework.web.servlet.mvc.method.annotation.RequestMappingHandlerAdapter.handleInternal(RequestMappingHandlerAdapter.java:891) ~[spring-webmvc-6.2.3.jar:6.2.3]
	at org.springframework.web.servlet.mvc.method.AbstractHandlerMethodAdapter.handle(AbstractHandlerMethodAdapter.java:87) ~[spring-webmvc-6.2.3.jar:6.2.3]
	at org.springframework.web.servlet.DispatcherServlet.doDispatch(DispatcherServlet.java:1088) ~[spring-webmvc-6.2.3.jar:6.2.3]
	at org.springframework.web.servlet.DispatcherServlet.doService(DispatcherServlet.java:978) ~[spring-webmvc-6.2.3.jar:6.2.3]
	at org.springframework.web.servlet.FrameworkServlet.processRequest(FrameworkServlet.java:1014) ~[spring-webmvc-6.2.3.jar:6.2.3]
	at org.springframework.web.servlet.FrameworkServlet.doPost(FrameworkServlet.java:914) ~[spring-webmvc-6.2.3.jar:6.2.3]
	at jakarta.servlet.http.HttpServlet.service(HttpServlet.java:590) ~[tomcat-embed-core-10.1.36.jar:6.0]
	at org.springframework.web.servlet.FrameworkServlet.service(FrameworkServlet.java:885) ~[spring-webmvc-6.2.3.jar:6.2.3]
	at jakarta.servlet.http.HttpServlet.service(HttpServlet.java:658) ~[tomcat-embed-core-10.1.36.jar:6.0]
	at org.apache.catalina.core.ApplicationFilterChain.internalDoFilter(ApplicationFilterChain.java:195) ~[tomcat-embed-core-10.1.36.jar:10.1.36]
	at org.apache.catalina.core.ApplicationFilterChain.doFilter(ApplicationFilterChain.java:140) ~[tomcat-embed-core-10.1.36.jar:10.1.36]
	at org.apache.tomcat.websocket.server.WsFilter.doFilter(WsFilter.java:51) ~[tomcat-embed-websocket-10.1.36.jar:10.1.36]
	at org.apache.catalina.core.ApplicationFilterChain.internalDoFilter(ApplicationFilterChain.java:164) ~[tomcat-embed-core-10.1.36.jar:10.1.36]
	at org.apache.catalina.core.ApplicationFilterChain.doFilter(ApplicationFilterChain.java:140) ~[tomcat-embed-core-10.1.36.jar:10.1.36]
	at org.springframework.web.filter.CompositeFilter$VirtualFilterChain.doFilter(CompositeFilter.java:108) ~[spring-web-6.2.3.jar:6.2.3]
	at org.springframework.security.web.FilterChainProxy.lambda$doFilterInternal$3(FilterChainProxy.java:231) ~[spring-security-web-6.4.3.jar:6.4.3]
	at org.springframework.security.web.FilterChainProxy$VirtualFilterChain.doFilter(FilterChainProxy.java:365) ~[spring-security-web-6.4.3.jar:6.4.3]
	at org.springframework.security.web.access.ExceptionTranslationFilter.doFilter(ExceptionTranslationFilter.java:126) ~[spring-security-web-6.4.3.jar:6.4.3]
	at org.springframework.security.web.access.ExceptionTranslationFilter.doFilter(ExceptionTranslationFilter.java:120) ~[spring-security-web-6.4.3.jar:6.4.3]
	at org.springframework.security.web.FilterChainProxy$VirtualFilterChain.doFilter(FilterChainProxy.java:374) ~[spring-security-web-6.4.3.jar:6.4.3]
	at org.springframework.security.web.authentication.AnonymousAuthenticationFilter.doFilter(AnonymousAuthenticationFilter.java:100) ~[spring-security-web-6.4.3.jar:6.4.3]
	at org.springframework.security.web.FilterChainProxy$VirtualFilterChain.doFilter(FilterChainProxy.java:374) ~[spring-security-web-6.4.3.jar:6.4.3]
	at org.springframework.security.web.authentication.rememberme.RememberMeAuthenticationFilter.doFilter(RememberMeAuthenticationFilter.java:114) ~[spring-security-web-6.4.3.jar:6.4.3]
	at org.springframework.security.web.authentication.rememberme.RememberMeAuthenticationFilter.doFilter(RememberMeAuthenticationFilter.java:105) ~[spring-security-web-6.4.3.jar:6.4.3]
	at org.springframework.security.web.FilterChainProxy$VirtualFilterChain.doFilter(FilterChainProxy.java:374) ~[spring-security-web-6.4.3.jar:6.4.3]
	at org.springframework.security.web.servletapi.SecurityContextHolderAwareRequestFilter.doFilter(SecurityContextHolderAwareRequestFilter.java:179) ~[spring-security-web-6.4.3.jar:6.4.3]
	at org.springframework.security.web.FilterChainProxy$VirtualFilterChain.doFilter(FilterChainProxy.java:374) ~[spring-security-web-6.4.3.jar:6.4.3]
	at org.springframework.security.web.savedrequest.RequestCacheAwareFilter.doFilter(RequestCacheAwareFilter.java:63) ~[spring-security-web-6.4.3.jar:6.4.3]
	at org.springframework.security.web.FilterChainProxy$VirtualFilterChain.doFilter(FilterChainProxy.java:374) ~[spring-security-web-6.4.3.jar:6.4.3]
	at org.springframework.security.web.authentication.www.BasicAuthenticationFilter.doFilterInternal(BasicAuthenticationFilter.java:213) ~[spring-security-web-6.4.3.jar:6.4.3]
	at org.springframework.web.filter.OncePerRequestFilter.doFilter(OncePerRequestFilter.java:116) ~[spring-web-6.2.3.jar:6.2.3]
	at org.springframework.security.web.FilterChainProxy$VirtualFilterChain.doFilter(FilterChainProxy.java:374) ~[spring-security-web-6.4.3.jar:6.4.3]
	at org.springframework.security.web.authentication.ui.DefaultLogoutPageGeneratingFilter.doFilterInternal(DefaultLogoutPageGeneratingFilter.java:58) ~[spring-security-web-6.4.3.jar:6.4.3]
	at org.springframework.web.filter.OncePerRequestFilter.doFilter(OncePerRequestFilter.java:116) ~[spring-web-6.2.3.jar:6.2.3]
	at org.springframework.security.web.FilterChainProxy$VirtualFilterChain.doFilter(FilterChainProxy.java:374) ~[spring-security-web-6.4.3.jar:6.4.3]
	at org.springframework.security.web.authentication.ui.DefaultLoginPageGeneratingFilter.doFilter(DefaultLoginPageGeneratingFilter.java:220) ~[spring-security-web-6.4.3.jar:6.4.3]
	at org.springframework.security.web.authentication.ui.DefaultLoginPageGeneratingFilter.doFilter(DefaultLoginPageGeneratingFilter.java:206) ~[spring-security-web-6.4.3.jar:6.4.3]
	at org.springframework.security.web.FilterChainProxy$VirtualFilterChain.doFilter(FilterChainProxy.java:374) ~[spring-security-web-6.4.3.jar:6.4.3]
	at org.springframework.security.web.authentication.ui.DefaultResourcesFilter.doFilter(DefaultResourcesFilter.java:72) ~[spring-security-web-6.4.3.jar:6.4.3]
	at org.springframework.security.web.FilterChainProxy$VirtualFilterChain.doFilter(FilterChainProxy.java:374) ~[spring-security-web-6.4.3.jar:6.4.3]
	at org.springframework.security.web.authentication.AbstractAuthenticationProcessingFilter.doFilter(AbstractAuthenticationProcessingFilter.java:227) ~[spring-security-web-6.4.3.jar:6.4.3]
	at org.springframework.security.web.authentication.AbstractAuthenticationProcessingFilter.doFilter(AbstractAuthenticationProcessingFilter.java:221) ~[spring-security-web-6.4.3.jar:6.4.3]
	at org.springframework.security.web.FilterChainProxy$VirtualFilterChain.doFilter(FilterChainProxy.java:374) ~[spring-security-web-6.4.3.jar:6.4.3]
	at org.springframework.security.web.authentication.logout.LogoutFilter.doFilter(LogoutFilter.java:107) ~[spring-security-web-6.4.3.jar:6.4.3]
	at org.springframework.security.web.authentication.logout.LogoutFilter.doFilter(LogoutFilter.java:93) ~[spring-security-web-6.4.3.jar:6.4.3]
	at org.springframework.security.web.FilterChainProxy$VirtualFilterChain.doFilter(FilterChainProxy.java:374) ~[spring-security-web-6.4.3.jar:6.4.3]
	at org.springframework.security.web.header.HeaderWriterFilter.doHeadersAfter(HeaderWriterFilter.java:90) ~[spring-security-web-6.4.3.jar:6.4.3]
	at org.springframework.security.web.header.HeaderWriterFilter.doFilterInternal(HeaderWriterFilter.java:75) ~[spring-security-web-6.4.3.jar:6.4.3]
	at org.springframework.web.filter.OncePerRequestFilter.doFilter(OncePerRequestFilter.java:116) ~[spring-web-6.2.3.jar:6.2.3]
	at org.springframework.security.web.FilterChainProxy$VirtualFilterChain.doFilter(FilterChainProxy.java:374) ~[spring-security-web-6.4.3.jar:6.4.3]
	at org.springframework.security.web.context.SecurityContextHolderFilter.doFilter(SecurityContextHolderFilter.java:82) ~[spring-security-web-6.4.3.jar:6.4.3]
	at org.springframework.security.web.context.SecurityContextHolderFilter.doFilter(SecurityContextHolderFilter.java:69) ~[spring-security-web-6.4.3.jar:6.4.3]
	at org.springframework.security.web.FilterChainProxy$VirtualFilterChain.doFilter(FilterChainProxy.java:374) ~[spring-security-web-6.4.3.jar:6.4.3]
	at org.springframework.security.web.context.request.async.WebAsyncManagerIntegrationFilter.doFilterInternal(WebAsyncManagerIntegrationFilter.java:62) ~[spring-security-web-6.4.3.jar:6.4.3]
	at org.springframework.web.filter.OncePerRequestFilter.doFilter(OncePerRequestFilter.java:116) ~[spring-web-6.2.3.jar:6.2.3]
	at org.springframework.security.web.FilterChainProxy$VirtualFilterChain.doFilter(FilterChainProxy.java:374) ~[spring-security-web-6.4.3.jar:6.4.3]
	at org.springframework.security.web.session.DisableEncodeUrlFilter.doFilterInternal(DisableEncodeUrlFilter.java:42) ~[spring-security-web-6.4.3.jar:6.4.3]
	at org.springframework.web.filter.OncePerRequestFilter.doFilter(OncePerRequestFilter.java:116) ~[spring-web-6.2.3.jar:6.2.3]
	at org.springframework.security.web.FilterChainProxy$VirtualFilterChain.doFilter(FilterChainProxy.java:374) ~[spring-security-web-6.4.3.jar:6.4.3]
	at org.springframework.security.web.FilterChainProxy.doFilterInternal(FilterChainProxy.java:233) ~[spring-security-web-6.4.3.jar:6.4.3]
	at org.springframework.security.web.FilterChainProxy.doFilter(FilterChainProxy.java:191) ~[spring-security-web-6.4.3.jar:6.4.3]
	at org.springframework.web.filter.CompositeFilter$VirtualFilterChain.doFilter(CompositeFilter.java:113) ~[spring-web-6.2.3.jar:6.2.3]
	at org.springframework.web.servlet.handler.HandlerMappingIntrospector.lambda$createCacheFilter$3(HandlerMappingIntrospector.java:243) ~[spring-webmvc-6.2.3.jar:6.2.3]
	at org.springframework.web.filter.CompositeFilter$VirtualFilterChain.doFilter(CompositeFilter.java:113) ~[spring-web-6.2.3.jar:6.2.3]
	at org.springframework.web.filter.CompositeFilter.doFilter(CompositeFilter.java:74) ~[spring-web-6.2.3.jar:6.2.3]
	at org.springframework.security.config.annotation.web.configuration.WebMvcSecurityConfiguration$CompositeFilterChainProxy.doFilter(WebMvcSecurityConfiguration.java:238) ~[spring-security-config-6.4.3.jar:6.4.3]
	at org.springframework.web.filter.DelegatingFilterProxy.invokeDelegate(DelegatingFilterProxy.java:362) ~[spring-web-6.2.3.jar:6.2.3]
	at org.springframework.web.filter.DelegatingFilterProxy.doFilter(DelegatingFilterProxy.java:278) ~[spring-web-6.2.3.jar:6.2.3]
	at org.apache.catalina.core.ApplicationFilterChain.internalDoFilter(ApplicationFilterChain.java:164) ~[tomcat-embed-core-10.1.36.jar:10.1.36]
	at org.apache.catalina.core.ApplicationFilterChain.doFilter(ApplicationFilterChain.java:140) ~[tomcat-embed-core-10.1.36.jar:10.1.36]
	at org.springframework.web.filter.RequestContextFilter.doFilterInternal(RequestContextFilter.java:100) ~[spring-web-6.2.3.jar:6.2.3]
	at org.springframework.web.filter.OncePerRequestFilter.doFilter(OncePerRequestFilter.java:116) ~[spring-web-6.2.3.jar:6.2.3]
	at org.apache.catalina.core.ApplicationFilterChain.internalDoFilter(ApplicationFilterChain.java:164) ~[tomcat-embed-core-10.1.36.jar:10.1.36]
	at org.apache.catalina.core.ApplicationFilterChain.doFilter(ApplicationFilterChain.java:140) ~[tomcat-embed-core-10.1.36.jar:10.1.36]
	at org.springframework.web.filter.FormContentFilter.doFilterInternal(FormContentFilter.java:93) ~[spring-web-6.2.3.jar:6.2.3]
	at org.springframework.web.filter.OncePerRequestFilter.doFilter(OncePerRequestFilter.java:116) ~[spring-web-6.2.3.jar:6.2.3]
	at org.apache.catalina.core.ApplicationFilterChain.internalDoFilter(ApplicationFilterChain.java:164) ~[tomcat-embed-core-10.1.36.jar:10.1.36]
	at org.apache.catalina.core.ApplicationFilterChain.doFilter(ApplicationFilterChain.java:140) ~[tomcat-embed-core-10.1.36.jar:10.1.36]
	at org.springframework.web.filter.CharacterEncodingFilter.doFilterInternal(CharacterEncodingFilter.java:201) ~[spring-web-6.2.3.jar:6.2.3]
	at org.springframework.web.filter.OncePerRequestFilter.doFilter(OncePerRequestFilter.java:116) ~[spring-web-6.2.3.jar:6.2.3]
	at org.apache.catalina.core.ApplicationFilterChain.internalDoFilter(ApplicationFilterChain.java:164) ~[tomcat-embed-core-10.1.36.jar:10.1.36]
	at org.apache.catalina.core.ApplicationFilterChain.doFilter(ApplicationFilterChain.java:140) ~[tomcat-embed-core-10.1.36.jar:10.1.36]
	at org.apache.catalina.core.StandardWrapperValve.invoke(StandardWrapperValve.java:167) ~[tomcat-embed-core-10.1.36.jar:10.1.36]
	at org.apache.catalina.core.StandardContextValve.invoke(StandardContextValve.java:90) ~[tomcat-embed-core-10.1.36.jar:10.1.36]
	at org.apache.catalina.authenticator.AuthenticatorBase.invoke(AuthenticatorBase.java:483) ~[tomcat-embed-core-10.1.36.jar:10.1.36]
	at org.apache.catalina.core.StandardHostValve.invoke(StandardHostValve.java:115) ~[tomcat-embed-core-10.1.36.jar:10.1.36]
	at org.apache.catalina.valves.ErrorReportValve.invoke(ErrorReportValve.java:93) ~[tomcat-embed-core-10.1.36.jar:10.1.36]
	at org.apache.catalina.core.StandardEngineValve.invoke(StandardEngineValve.java:74) ~[tomcat-embed-core-10.1.36.jar:10.1.36]
	at org.apache.catalina.connector.CoyoteAdapter.service(CoyoteAdapter.java:344) ~[tomcat-embed-core-10.1.36.jar:10.1.36]
	at org.apache.coyote.http11.Http11Processor.service(Http11Processor.java:397) ~[tomcat-embed-core-10.1.36.jar:10.1.36]
	at org.apache.coyote.AbstractProcessorLight.process(AbstractProcessorLight.java:63) ~[tomcat-embed-core-10.1.36.jar:10.1.36]
	at org.apache.coyote.AbstractProtocol$ConnectionHandler.process(AbstractProtocol.java:905) ~[tomcat-embed-core-10.1.36.jar:10.1.36]
	at org.apache.tomcat.util.net.NioEndpoint$SocketProcessor.doRun(NioEndpoint.java:1743) ~[tomcat-embed-core-10.1.36.jar:10.1.36]
	at org.apache.tomcat.util.net.SocketProcessorBase.run(SocketProcessorBase.java:52) ~[tomcat-embed-core-10.1.36.jar:10.1.36]
	at org.apache.tomcat.util.threads.ThreadPoolExecutor.runWorker(ThreadPoolExecutor.java:1190) ~[tomcat-embed-core-10.1.36.jar:10.1.36]
	at org.apache.tomcat.util.threads.ThreadPoolExecutor$Worker.run(ThreadPoolExecutor.java:659) ~[tomcat-embed-core-10.1.36.jar:10.1.36]
	at org.apache.tomcat.util.threads.TaskThread$WrappingRunnable.run(TaskThread.java:63) ~[tomcat-embed-core-10.1.36.jar:10.1.36]
	at java.base/java.lang.Thread.run(Thread.java:842) ~[na:na]

2025-07-06T16:21:42.071+02:00 TRACE 26736 --- [backend] [http-nio-8080-exec-1] o.s.security.web.FilterChainProxy        : Trying to match request against DefaultSecurityFilterChain defined as 'filterChain' in [class path resource [com/luiswiederhold/backend/security/SecurityConfig.class]] matching [any request] and having filters [DisableEncodeUrl, WebAsyncManagerIntegration, SecurityContextHolder, HeaderWriter, Logout, UsernamePasswordAuthentication, DefaultResources, DefaultLoginPageGenerating, DefaultLogoutPageGenerating, BasicAuthentication, RequestCacheAware, SecurityContextHolderAwareRequest, RememberMeAuthentication, AnonymousAuthentication, ExceptionTranslation] (1/1)
2025-07-06T16:21:42.071+02:00 DEBUG 26736 --- [backend] [http-nio-8080-exec-1] o.s.security.web.FilterChainProxy        : Securing POST /error
2025-07-06T16:21:42.071+02:00 TRACE 26736 --- [backend] [http-nio-8080-exec-1] o.s.security.web.FilterChainProxy        : Invoking DisableEncodeUrlFilter (1/15)
2025-07-06T16:21:42.071+02:00 TRACE 26736 --- [backend] [http-nio-8080-exec-1] o.s.security.web.FilterChainProxy        : Invoking WebAsyncManagerIntegrationFilter (2/15)
2025-07-06T16:21:42.071+02:00 TRACE 26736 --- [backend] [http-nio-8080-exec-1] o.s.security.web.FilterChainProxy        : Invoking SecurityContextHolderFilter (3/15)
2025-07-06T16:21:42.071+02:00 TRACE 26736 --- [backend] [http-nio-8080-exec-1] o.s.security.web.FilterChainProxy        : Invoking HeaderWriterFilter (4/15)
2025-07-06T16:21:42.071+02:00 TRACE 26736 --- [backend] [http-nio-8080-exec-1] o.s.security.web.FilterChainProxy        : Invoking LogoutFilter (5/15)
2025-07-06T16:21:42.071+02:00 TRACE 26736 --- [backend] [http-nio-8080-exec-1] o.s.s.w.a.logout.LogoutFilter            : Did not match request to Or [Ant [pattern='/logout', GET], Ant [pattern='/logout', POST], Ant [pattern='/logout', PUT], Ant [pattern='/logout', DELETE]]
2025-07-06T16:21:42.071+02:00 TRACE 26736 --- [backend] [http-nio-8080-exec-1] o.s.security.web.FilterChainProxy        : Invoking UsernamePasswordAuthenticationFilter (6/15)
2025-07-06T16:21:42.071+02:00 TRACE 26736 --- [backend] [http-nio-8080-exec-1] w.a.UsernamePasswordAuthenticationFilter : Did not match request to Ant [pattern='/login', POST]
2025-07-06T16:21:42.071+02:00 TRACE 26736 --- [backend] [http-nio-8080-exec-1] o.s.security.web.FilterChainProxy        : Invoking DefaultResourcesFilter (7/15)
2025-07-06T16:21:42.071+02:00 TRACE 26736 --- [backend] [http-nio-8080-exec-1] o.s.security.web.FilterChainProxy        : Invoking DefaultLoginPageGeneratingFilter (8/15)
2025-07-06T16:21:42.071+02:00 TRACE 26736 --- [backend] [http-nio-8080-exec-1] o.s.security.web.FilterChainProxy        : Invoking DefaultLogoutPageGeneratingFilter (9/15)
2025-07-06T16:21:42.071+02:00 TRACE 26736 --- [backend] [http-nio-8080-exec-1] o.s.security.web.FilterChainProxy        : Invoking BasicAuthenticationFilter (10/15)
2025-07-06T16:21:42.071+02:00 TRACE 26736 --- [backend] [http-nio-8080-exec-1] o.s.security.web.FilterChainProxy        : Invoking RequestCacheAwareFilter (11/15)
2025-07-06T16:21:42.071+02:00 TRACE 26736 --- [backend] [http-nio-8080-exec-1] o.s.s.w.s.HttpSessionRequestCache        : matchingRequestParameterName is required for getMatchingRequest to lookup a value, but not provided
2025-07-06T16:21:42.072+02:00 TRACE 26736 --- [backend] [http-nio-8080-exec-1] o.s.security.web.FilterChainProxy        : Invoking SecurityContextHolderAwareRequestFilter (12/15)
2025-07-06T16:21:42.072+02:00 TRACE 26736 --- [backend] [http-nio-8080-exec-1] o.s.security.web.FilterChainProxy        : Invoking RememberMeAuthenticationFilter (13/15)
2025-07-06T16:21:42.072+02:00 TRACE 26736 --- [backend] [http-nio-8080-exec-1] w.c.HttpSessionSecurityContextRepository : No HttpSession currently exists
2025-07-06T16:21:42.072+02:00 TRACE 26736 --- [backend] [http-nio-8080-exec-1] .s.s.w.c.SupplierDeferredSecurityContext : Created SecurityContextImpl [Null authentication]
2025-07-06T16:21:42.072+02:00 DEBUG 26736 --- [backend] [http-nio-8080-exec-1] s.s.w.a.r.RememberMeAuthenticationFilter : SecurityContextHolder not populated with remember-me token, as it already contained: 'UsernamePasswordAuthenticationToken [Principal=org.springframework.security.core.userdetails.User [Username=wiederhold.luis@gmx.de, Password=[PROTECTED], Enabled=true, AccountNonExpired=true, CredentialsNonExpired=true, AccountNonLocked=true, Granted Authorities=[]], Credentials=[PROTECTED], Authenticated=true, Details=WebAuthenticationDetails [RemoteIpAddress=0:0:0:0:0:0:0:1, SessionId=null], Granted Authorities=[]]'
2025-07-06T16:21:42.072+02:00 TRACE 26736 --- [backend] [http-nio-8080-exec-1] o.s.security.web.FilterChainProxy        : Invoking AnonymousAuthenticationFilter (14/15)
2025-07-06T16:21:42.072+02:00 TRACE 26736 --- [backend] [http-nio-8080-exec-1] o.s.security.web.FilterChainProxy        : Invoking ExceptionTranslationFilter (15/15)
2025-07-06T16:21:42.072+02:00 DEBUG 26736 --- [backend] [http-nio-8080-exec-1] o.s.security.web.FilterChainProxy        : Secured POST /error
2025-07-06T16:21:42.093+02:00 TRACE 26736 --- [backend] [http-nio-8080-exec-1] o.s.s.w.a.AnonymousAuthenticationFilter  : Did not set SecurityContextHolder since already authenticated UsernamePasswordAuthenticationToken [Principal=org.springframework.security.core.userdetails.User [Username=wiederhold.luis@gmx.de, Password=[PROTECTED], Enabled=true, AccountNonExpired=true, CredentialsNonExpired=true, AccountNonLocked=true, Granted Authorities=[]], Credentials=[PROTECTED], Authenticated=true, Details=WebAuthenticationDetails [RemoteIpAddress=0:0:0:0:0:0:0:1, SessionId=null], Granted Authorities=[]]
2025-07-06T16:23:27.865+02:00  INFO 26736 --- [backend] [SpringApplicationShutdownHook] o.s.b.w.e.tomcat.GracefulShutdown        : Commencing graceful shutdown. Waiting for active requests to complete
2025-07-06T16:23:27.882+02:00  INFO 26736 --- [backend] [tomcat-shutdown] o.s.b.w.e.tomcat.GracefulShutdown        : Graceful shutdown complete
2025-07-06T16:23:27.885+02:00  INFO 26736 --- [backend] [SpringApplicationShutdownHook] j.LocalContainerEntityManagerFactoryBean : Closing JPA EntityManagerFactory for persistence unit 'default'
2025-07-06T16:23:27.888+02:00  INFO 26736 --- [backend] [SpringApplicationShutdownHook] com.zaxxer.hikari.HikariDataSource       : HikariPool-1 - Shutdown initiated...
2025-07-06T16:23:27.889+02:00  INFO 26736 --- [backend] [SpringApplicationShutdownHook] com.zaxxer.hikari.HikariDataSource       : HikariPool-1 - Shutdown completed.
2025-07-06T16:23:31.106+02:00  INFO 1960 --- [backend] [restartedMain] c.l.backend.BackendApplication           : Starting BackendApplication using Java 17.0.9 with PID 1960 (C:\Users\Admin\Desktop\Mathematik Studium\1. Semester\Informatik\Hausaufgaben\stemcards\backend\build\classes\java\main started by Admin in C:\Users\Admin\Desktop\Mathematik Studium\1. Semester\Informatik\Hausaufgaben\stemcards\backend)
2025-07-06T16:23:31.107+02:00  INFO 1960 --- [backend] [restartedMain] c.l.backend.BackendApplication           : The following 1 profile is active: "prod"
2025-07-06T16:23:31.138+02:00  INFO 1960 --- [backend] [restartedMain] .e.DevToolsPropertyDefaultsPostProcessor : Devtools property defaults active! Set 'spring.devtools.add-properties' to 'false' to disable
2025-07-06T16:23:31.138+02:00  INFO 1960 --- [backend] [restartedMain] .e.DevToolsPropertyDefaultsPostProcessor : For additional web related logging consider setting the 'logging.level.web' property to 'DEBUG'
2025-07-06T16:23:31.666+02:00  INFO 1960 --- [backend] [restartedMain] .s.d.r.c.RepositoryConfigurationDelegate : Bootstrapping Spring Data JPA repositories in DEFAULT mode.
2025-07-06T16:23:31.714+02:00  INFO 1960 --- [backend] [restartedMain] .s.d.r.c.RepositoryConfigurationDelegate : Finished Spring Data repository scanning in 41 ms. Found 2 JPA repository interfaces.
2025-07-06T16:23:32.106+02:00  INFO 1960 --- [backend] [restartedMain] o.s.b.w.embedded.tomcat.TomcatWebServer  : Tomcat initialized with port 8080 (http)
2025-07-06T16:23:32.114+02:00  INFO 1960 --- [backend] [restartedMain] o.apache.catalina.core.StandardService   : Starting service [Tomcat]
2025-07-06T16:23:32.115+02:00  INFO 1960 --- [backend] [restartedMain] o.apache.catalina.core.StandardEngine    : Starting Servlet engine: [Apache Tomcat/10.1.36]
2025-07-06T16:23:32.148+02:00  INFO 1960 --- [backend] [restartedMain] o.a.c.c.C.[Tomcat].[localhost].[/]       : Initializing Spring embedded WebApplicationContext
2025-07-06T16:23:32.148+02:00  INFO 1960 --- [backend] [restartedMain] w.s.c.ServletWebServerApplicationContext : Root WebApplicationContext: initialization completed in 1009 ms
2025-07-06T16:23:32.250+02:00  INFO 1960 --- [backend] [restartedMain] o.hibernate.jpa.internal.util.LogHelper  : HHH000204: Processing PersistenceUnitInfo [name: default]
2025-07-06T16:23:32.290+02:00  INFO 1960 --- [backend] [restartedMain] org.hibernate.Version                    : HHH000412: Hibernate ORM core version 6.6.8.Final
2025-07-06T16:23:32.317+02:00  INFO 1960 --- [backend] [restartedMain] o.h.c.internal.RegionFactoryInitiator    : HHH000026: Second-level cache disabled
2025-07-06T16:23:32.534+02:00  INFO 1960 --- [backend] [restartedMain] o.s.o.j.p.SpringPersistenceUnitInfo      : No LoadTimeWeaver setup: ignoring JPA class transformer
2025-07-06T16:23:32.556+02:00  INFO 1960 --- [backend] [restartedMain] com.zaxxer.hikari.HikariDataSource       : HikariPool-1 - Starting...
2025-07-06T16:23:32.663+02:00  INFO 1960 --- [backend] [restartedMain] com.zaxxer.hikari.pool.HikariPool        : HikariPool-1 - Added connection org.postgresql.jdbc.PgConnection@39152dd5
2025-07-06T16:23:32.664+02:00  INFO 1960 --- [backend] [restartedMain] com.zaxxer.hikari.HikariDataSource       : HikariPool-1 - Start completed.
2025-07-06T16:23:32.689+02:00  WARN 1960 --- [backend] [restartedMain] org.hibernate.orm.deprecation            : HHH90000025: PostgreSQLDialect does not need to be specified explicitly using 'hibernate.dialect' (remove the property setting and it will be selected by default)
2025-07-06T16:23:32.702+02:00  INFO 1960 --- [backend] [restartedMain] org.hibernate.orm.connections.pooling    : HHH10001005: Database info:
	Database JDBC URL [Connecting through datasource 'HikariDataSource (HikariPool-1)']
	Database driver: undefined/unknown
	Database version: 17.5
	Autocommit mode: undefined/unknown
	Isolation level: undefined/unknown
	Minimum pool size: undefined/unknown
	Maximum pool size: undefined/unknown
2025-07-06T16:23:33.368+02:00  INFO 1960 --- [backend] [restartedMain] o.h.e.t.j.p.i.JtaPlatformInitiator       : HHH000489: No JTA platform available (set 'hibernate.transaction.jta.platform' to enable JTA platform integration)
2025-07-06T16:23:33.402+02:00  INFO 1960 --- [backend] [restartedMain] j.LocalContainerEntityManagerFactoryBean : Initialized JPA EntityManagerFactory for persistence unit 'default'
2025-07-06T16:23:33.621+02:00  INFO 1960 --- [backend] [restartedMain] o.s.d.j.r.query.QueryEnhancerFactory     : Hibernate is in classpath; If applicable, HQL parser will be used.
2025-07-06T16:23:33.686+02:00  WARN 1960 --- [backend] [restartedMain] JpaBaseConfiguration$JpaWebConfiguration : spring.jpa.open-in-view is enabled by default. Therefore, database queries may be performed during view rendering. Explicitly configure spring.jpa.open-in-view to disable this warning
2025-07-06T16:23:33.695+02:00 TRACE 1960 --- [backend] [restartedMain] eGlobalAuthenticationAutowiredConfigurer : Eagerly initializing {securityConfig=com.luiswiederhold.backend.security.SecurityConfig$$SpringCGLIB$$0@4caf546e}
2025-07-06T16:23:33.696+02:00  INFO 1960 --- [backend] [restartedMain] eAuthenticationProviderManagerConfigurer : Found 2 AuthenticationProvider beans, with names [rememberMeAuthenticationProvider, daoAuthenticationProvider]. Global Authentication Manager will not be configured with AuthenticationProviders. Consider publishing a single AuthenticationProvider bean, or wiring your Providers directly using the DSL.
2025-07-06T16:23:33.700+02:00  INFO 1960 --- [backend] [restartedMain] r$InitializeUserDetailsManagerConfigurer : Global AuthenticationManager configured with UserDetailsService bean with name customUserDetailsService
2025-07-06T16:23:33.880+02:00 DEBUG 1960 --- [backend] [restartedMain] o.s.s.web.DefaultSecurityFilterChain     : Will secure any request with filters: DisableEncodeUrlFilter, WebAsyncManagerIntegrationFilter, SecurityContextHolderFilter, HeaderWriterFilter, LogoutFilter, UsernamePasswordAuthenticationFilter, DefaultResourcesFilter, DefaultLoginPageGeneratingFilter, DefaultLogoutPageGeneratingFilter, BasicAuthenticationFilter, RequestCacheAwareFilter, SecurityContextHolderAwareRequestFilter, RememberMeAuthenticationFilter, AnonymousAuthenticationFilter, ExceptionTranslationFilter
2025-07-06T16:23:34.019+02:00  INFO 1960 --- [backend] [restartedMain] o.s.b.d.a.OptionalLiveReloadServer       : LiveReload server is running on port 35729
2025-07-06T16:23:34.043+02:00  INFO 1960 --- [backend] [restartedMain] o.s.b.w.embedded.tomcat.TomcatWebServer  : Tomcat started on port 8080 (http) with context path '/'
2025-07-06T16:23:34.050+02:00  INFO 1960 --- [backend] [restartedMain] c.l.backend.BackendApplication           : Started BackendApplication in 3.255 seconds (process running for 3.67)
2025-07-06T16:23:40.277+02:00  INFO 1960 --- [backend] [http-nio-8080-exec-1] o.a.c.c.C.[Tomcat].[localhost].[/]       : Initializing Spring DispatcherServlet 'dispatcherServlet'
2025-07-06T16:23:40.277+02:00  INFO 1960 --- [backend] [http-nio-8080-exec-1] o.s.web.servlet.DispatcherServlet        : Initializing Servlet 'dispatcherServlet'
2025-07-06T16:23:40.278+02:00  INFO 1960 --- [backend] [http-nio-8080-exec-1] o.s.web.servlet.DispatcherServlet        : Completed initialization in 0 ms
2025-07-06T16:23:40.291+02:00 TRACE 1960 --- [backend] [http-nio-8080-exec-1] o.s.security.web.FilterChainProxy        : Trying to match request against DefaultSecurityFilterChain defined as 'filterChain' in [class path resource [com/luiswiederhold/backend/security/SecurityConfig.class]] matching [any request] and having filters [DisableEncodeUrl, WebAsyncManagerIntegration, SecurityContextHolder, HeaderWriter, Logout, UsernamePasswordAuthentication, DefaultResources, DefaultLoginPageGenerating, DefaultLogoutPageGenerating, BasicAuthentication, RequestCacheAware, SecurityContextHolderAwareRequest, RememberMeAuthentication, AnonymousAuthentication, ExceptionTranslation] (1/1)
2025-07-06T16:23:40.291+02:00 DEBUG 1960 --- [backend] [http-nio-8080-exec-1] o.s.security.web.FilterChainProxy        : Securing POST /flashcards/create
2025-07-06T16:23:40.292+02:00 TRACE 1960 --- [backend] [http-nio-8080-exec-1] o.s.security.web.FilterChainProxy        : Invoking DisableEncodeUrlFilter (1/15)
2025-07-06T16:23:40.292+02:00 TRACE 1960 --- [backend] [http-nio-8080-exec-1] o.s.security.web.FilterChainProxy        : Invoking WebAsyncManagerIntegrationFilter (2/15)
2025-07-06T16:23:40.294+02:00 TRACE 1960 --- [backend] [http-nio-8080-exec-1] o.s.security.web.FilterChainProxy        : Invoking SecurityContextHolderFilter (3/15)
2025-07-06T16:23:40.295+02:00 TRACE 1960 --- [backend] [http-nio-8080-exec-1] o.s.security.web.FilterChainProxy        : Invoking HeaderWriterFilter (4/15)
2025-07-06T16:23:40.295+02:00 TRACE 1960 --- [backend] [http-nio-8080-exec-1] o.s.security.web.FilterChainProxy        : Invoking LogoutFilter (5/15)
2025-07-06T16:23:40.296+02:00 TRACE 1960 --- [backend] [http-nio-8080-exec-1] o.s.s.w.a.logout.LogoutFilter            : Did not match request to Or [Ant [pattern='/logout', GET], Ant [pattern='/logout', POST], Ant [pattern='/logout', PUT], Ant [pattern='/logout', DELETE]]
2025-07-06T16:23:40.296+02:00 TRACE 1960 --- [backend] [http-nio-8080-exec-1] o.s.security.web.FilterChainProxy        : Invoking UsernamePasswordAuthenticationFilter (6/15)
2025-07-06T16:23:40.296+02:00 TRACE 1960 --- [backend] [http-nio-8080-exec-1] w.a.UsernamePasswordAuthenticationFilter : Did not match request to Ant [pattern='/login', POST]
2025-07-06T16:23:40.296+02:00 TRACE 1960 --- [backend] [http-nio-8080-exec-1] o.s.security.web.FilterChainProxy        : Invoking DefaultResourcesFilter (7/15)
2025-07-06T16:23:40.296+02:00 TRACE 1960 --- [backend] [http-nio-8080-exec-1] o.s.security.web.FilterChainProxy        : Invoking DefaultLoginPageGeneratingFilter (8/15)
2025-07-06T16:23:40.296+02:00 TRACE 1960 --- [backend] [http-nio-8080-exec-1] o.s.security.web.FilterChainProxy        : Invoking DefaultLogoutPageGeneratingFilter (9/15)
2025-07-06T16:23:40.296+02:00 TRACE 1960 --- [backend] [http-nio-8080-exec-1] .w.a.u.DefaultLogoutPageGeneratingFilter : Did not render default logout page since request did not match [Ant [pattern='/logout', GET]]
2025-07-06T16:23:40.296+02:00 TRACE 1960 --- [backend] [http-nio-8080-exec-1] o.s.security.web.FilterChainProxy        : Invoking BasicAuthenticationFilter (10/15)
2025-07-06T16:23:40.297+02:00 TRACE 1960 --- [backend] [http-nio-8080-exec-1] o.s.s.w.a.www.BasicAuthenticationFilter  : Found username 'wiederhold.luis@gmx.de' in Basic Authorization header
2025-07-06T16:23:40.297+02:00 TRACE 1960 --- [backend] [http-nio-8080-exec-1] w.c.HttpSessionSecurityContextRepository : No HttpSession currently exists
2025-07-06T16:23:40.297+02:00 TRACE 1960 --- [backend] [http-nio-8080-exec-1] .s.s.w.c.SupplierDeferredSecurityContext : Created SecurityContextImpl [Null authentication]
2025-07-06T16:23:40.297+02:00 TRACE 1960 --- [backend] [http-nio-8080-exec-1] .s.s.w.c.SupplierDeferredSecurityContext : Created SecurityContextImpl [Null authentication]
2025-07-06T16:23:40.297+02:00 TRACE 1960 --- [backend] [http-nio-8080-exec-1] o.s.s.authentication.ProviderManager     : Authenticating request with DaoAuthenticationProvider (1/1)
2025-07-06T16:23:40.366+02:00  INFO 1960 --- [backend] [http-nio-8080-exec-1] c.l.b.user.CustomUserDetailsService      : Loading user by email: wiederhold.luis@gmx.de
2025-07-06T16:23:40.464+02:00 DEBUG 1960 --- [backend] [http-nio-8080-exec-1] org.hibernate.SQL                        : select u1_0.id,u1_0.email,u1_0.lastname,u1_0.password,u1_0.privilege,u1_0.surname from users u1_0 where u1_0.email=?
2025-07-06T16:23:40.491+02:00  INFO 1960 --- [backend] [http-nio-8080-exec-1] c.l.b.user.CustomUserDetailsService      : Success, found user: User{id=1, email='wiederhold.luis@gmx.de', password='$2a$10$w73YZiDA98mnZurQ.8FkSu5MZ0idsbbAFnhsMQu7RUuO8jEKV4fQG', surname='luis', lastname='wiederhold'}
2025-07-06T16:23:40.557+02:00 DEBUG 1960 --- [backend] [http-nio-8080-exec-1] o.s.s.a.dao.DaoAuthenticationProvider    : Authenticated user
2025-07-06T16:23:40.558+02:00 DEBUG 1960 --- [backend] [http-nio-8080-exec-1] o.s.s.w.a.www.BasicAuthenticationFilter  : Set SecurityContextHolder to UsernamePasswordAuthenticationToken [Principal=org.springframework.security.core.userdetails.User [Username=wiederhold.luis@gmx.de, Password=[PROTECTED], Enabled=true, AccountNonExpired=true, CredentialsNonExpired=true, AccountNonLocked=true, Granted Authorities=[]], Credentials=[PROTECTED], Authenticated=true, Details=WebAuthenticationDetails [RemoteIpAddress=0:0:0:0:0:0:0:1, SessionId=null], Granted Authorities=[]]
2025-07-06T16:23:40.573+02:00 DEBUG 1960 --- [backend] [http-nio-8080-exec-1] o.s.s.w.a.r.TokenBasedRememberMeServices : Did not send remember-me cookie (principal did not set parameter 'remember-me')
2025-07-06T16:23:40.574+02:00 DEBUG 1960 --- [backend] [http-nio-8080-exec-1] o.s.s.w.a.r.TokenBasedRememberMeServices : Remember-me login not requested.
2025-07-06T16:23:40.574+02:00 TRACE 1960 --- [backend] [http-nio-8080-exec-1] o.s.security.web.FilterChainProxy        : Invoking RequestCacheAwareFilter (11/15)
2025-07-06T16:23:40.574+02:00 TRACE 1960 --- [backend] [http-nio-8080-exec-1] o.s.s.w.s.HttpSessionRequestCache        : matchingRequestParameterName is required for getMatchingRequest to lookup a value, but not provided
2025-07-06T16:23:40.574+02:00 TRACE 1960 --- [backend] [http-nio-8080-exec-1] o.s.security.web.FilterChainProxy        : Invoking SecurityContextHolderAwareRequestFilter (12/15)
2025-07-06T16:23:40.575+02:00 TRACE 1960 --- [backend] [http-nio-8080-exec-1] o.s.security.web.FilterChainProxy        : Invoking RememberMeAuthenticationFilter (13/15)
2025-07-06T16:23:40.576+02:00 DEBUG 1960 --- [backend] [http-nio-8080-exec-1] s.s.w.a.r.RememberMeAuthenticationFilter : SecurityContextHolder not populated with remember-me token, as it already contained: 'UsernamePasswordAuthenticationToken [Principal=org.springframework.security.core.userdetails.User [Username=wiederhold.luis@gmx.de, Password=[PROTECTED], Enabled=true, AccountNonExpired=true, CredentialsNonExpired=true, AccountNonLocked=true, Granted Authorities=[]], Credentials=[PROTECTED], Authenticated=true, Details=WebAuthenticationDetails [RemoteIpAddress=0:0:0:0:0:0:0:1, SessionId=null], Granted Authorities=[]]'
2025-07-06T16:23:40.576+02:00 TRACE 1960 --- [backend] [http-nio-8080-exec-1] o.s.security.web.FilterChainProxy        : Invoking AnonymousAuthenticationFilter (14/15)
2025-07-06T16:23:40.576+02:00 TRACE 1960 --- [backend] [http-nio-8080-exec-1] o.s.security.web.FilterChainProxy        : Invoking ExceptionTranslationFilter (15/15)
2025-07-06T16:23:40.576+02:00 DEBUG 1960 --- [backend] [http-nio-8080-exec-1] o.s.security.web.FilterChainProxy        : Secured POST /flashcards/create
2025-07-06T16:23:40.658+02:00 DEBUG 1960 --- [backend] [http-nio-8080-exec-1] c.l.backend.flashcards.FlashcardService  : Generating next free flashcard ID
2025-07-06T16:23:40.677+02:00 DEBUG 1960 --- [backend] [http-nio-8080-exec-1] org.hibernate.SQL                        : SELECT nextval('flashcard_sequence')
2025-07-06T16:23:40.682+02:00 DEBUG 1960 --- [backend] [http-nio-8080-exec-1] c.l.backend.flashcards.FlashcardService  : Next free flashcard ID is: 11
2025-07-06T16:23:40.684+02:00 DEBUG 1960 --- [backend] [http-nio-8080-exec-1] c.l.b.flashcards.FlashCardController     : questionImage is not null, trying to convert it to latex and store it afterwards...
2025-07-06T16:23:40.705+02:00 TRACE 1960 --- [backend] [http-nio-8080-exec-1] o.s.s.w.a.AnonymousAuthenticationFilter  : Did not set SecurityContextHolder since already authenticated UsernamePasswordAuthenticationToken [Principal=org.springframework.security.core.userdetails.User [Username=wiederhold.luis@gmx.de, Password=[PROTECTED], Enabled=true, AccountNonExpired=true, CredentialsNonExpired=true, AccountNonLocked=true, Granted Authorities=[]], Credentials=[PROTECTED], Authenticated=true, Details=WebAuthenticationDetails [RemoteIpAddress=0:0:0:0:0:0:0:1, SessionId=null], Granted Authorities=[]]
2025-07-06T16:23:40.706+02:00 TRACE 1960 --- [backend] [http-nio-8080-exec-1] o.s.s.w.header.writers.HstsHeaderWriter  : Not injecting HSTS header since it did not match request to [Is Secure]
2025-07-06T16:23:40.706+02:00 ERROR 1960 --- [backend] [http-nio-8080-exec-1] o.a.c.c.C.[.[.[/].[dispatcherServlet]    : Servlet.service() for servlet [dispatcherServlet] in context with path [] threw exception [Request processing failed: java.lang.RuntimeException: java.lang.IllegalArgumentException: image == null!] with root cause

java.lang.IllegalArgumentException: image == null!
	at java.desktop/javax.imageio.ImageTypeSpecifier.createFromRenderedImage(ImageTypeSpecifier.java:925) ~[na:na]
	at java.desktop/javax.imageio.ImageIO.getWriter(ImageIO.java:1610) ~[na:na]
	at java.desktop/javax.imageio.ImageIO.write(ImageIO.java:1596) ~[na:na]
	at com.luiswiederhold.backend.flashcards.MathPixService.convertToLatex(MathPixService.java:42) ~[main/:na]
	at com.luiswiederhold.backend.flashcards.FlashCardController.createNewFlashcard(FlashCardController.java:65) ~[main/:na]
	at java.base/jdk.internal.reflect.NativeMethodAccessorImpl.invoke0(Native Method) ~[na:na]
	at java.base/jdk.internal.reflect.NativeMethodAccessorImpl.invoke(NativeMethodAccessorImpl.java:77) ~[na:na]
	at java.base/jdk.internal.reflect.DelegatingMethodAccessorImpl.invoke(DelegatingMethodAccessorImpl.java:43) ~[na:na]
	at java.base/java.lang.reflect.Method.invoke(Method.java:568) ~[na:na]
	at org.springframework.web.method.support.InvocableHandlerMethod.doInvoke(InvocableHandlerMethod.java:257) ~[spring-web-6.2.3.jar:6.2.3]
	at org.springframework.web.method.support.InvocableHandlerMethod.invokeForRequest(InvocableHandlerMethod.java:190) ~[spring-web-6.2.3.jar:6.2.3]
	at org.springframework.web.servlet.mvc.method.annotation.ServletInvocableHandlerMethod.invokeAndHandle(ServletInvocableHandlerMethod.java:118) ~[spring-webmvc-6.2.3.jar:6.2.3]
	at org.springframework.web.servlet.mvc.method.annotation.RequestMappingHandlerAdapter.invokeHandlerMethod(RequestMappingHandlerAdapter.java:986) ~[spring-webmvc-6.2.3.jar:6.2.3]
	at org.springframework.web.servlet.mvc.method.annotation.RequestMappingHandlerAdapter.handleInternal(RequestMappingHandlerAdapter.java:891) ~[spring-webmvc-6.2.3.jar:6.2.3]
	at org.springframework.web.servlet.mvc.method.AbstractHandlerMethodAdapter.handle(AbstractHandlerMethodAdapter.java:87) ~[spring-webmvc-6.2.3.jar:6.2.3]
	at org.springframework.web.servlet.DispatcherServlet.doDispatch(DispatcherServlet.java:1088) ~[spring-webmvc-6.2.3.jar:6.2.3]
	at org.springframework.web.servlet.DispatcherServlet.doService(DispatcherServlet.java:978) ~[spring-webmvc-6.2.3.jar:6.2.3]
	at org.springframework.web.servlet.FrameworkServlet.processRequest(FrameworkServlet.java:1014) ~[spring-webmvc-6.2.3.jar:6.2.3]
	at org.springframework.web.servlet.FrameworkServlet.doPost(FrameworkServlet.java:914) ~[spring-webmvc-6.2.3.jar:6.2.3]
	at jakarta.servlet.http.HttpServlet.service(HttpServlet.java:590) ~[tomcat-embed-core-10.1.36.jar:6.0]
	at org.springframework.web.servlet.FrameworkServlet.service(FrameworkServlet.java:885) ~[spring-webmvc-6.2.3.jar:6.2.3]
	at jakarta.servlet.http.HttpServlet.service(HttpServlet.java:658) ~[tomcat-embed-core-10.1.36.jar:6.0]
	at org.apache.catalina.core.ApplicationFilterChain.internalDoFilter(ApplicationFilterChain.java:195) ~[tomcat-embed-core-10.1.36.jar:10.1.36]
	at org.apache.catalina.core.ApplicationFilterChain.doFilter(ApplicationFilterChain.java:140) ~[tomcat-embed-core-10.1.36.jar:10.1.36]
	at org.apache.tomcat.websocket.server.WsFilter.doFilter(WsFilter.java:51) ~[tomcat-embed-websocket-10.1.36.jar:10.1.36]
	at org.apache.catalina.core.ApplicationFilterChain.internalDoFilter(ApplicationFilterChain.java:164) ~[tomcat-embed-core-10.1.36.jar:10.1.36]
	at org.apache.catalina.core.ApplicationFilterChain.doFilter(ApplicationFilterChain.java:140) ~[tomcat-embed-core-10.1.36.jar:10.1.36]
	at org.springframework.web.filter.CompositeFilter$VirtualFilterChain.doFilter(CompositeFilter.java:108) ~[spring-web-6.2.3.jar:6.2.3]
	at org.springframework.security.web.FilterChainProxy.lambda$doFilterInternal$3(FilterChainProxy.java:231) ~[spring-security-web-6.4.3.jar:6.4.3]
	at org.springframework.security.web.FilterChainProxy$VirtualFilterChain.doFilter(FilterChainProxy.java:365) ~[spring-security-web-6.4.3.jar:6.4.3]
	at org.springframework.security.web.access.ExceptionTranslationFilter.doFilter(ExceptionTranslationFilter.java:126) ~[spring-security-web-6.4.3.jar:6.4.3]
	at org.springframework.security.web.access.ExceptionTranslationFilter.doFilter(ExceptionTranslationFilter.java:120) ~[spring-security-web-6.4.3.jar:6.4.3]
	at org.springframework.security.web.FilterChainProxy$VirtualFilterChain.doFilter(FilterChainProxy.java:374) ~[spring-security-web-6.4.3.jar:6.4.3]
	at org.springframework.security.web.authentication.AnonymousAuthenticationFilter.doFilter(AnonymousAuthenticationFilter.java:100) ~[spring-security-web-6.4.3.jar:6.4.3]
	at org.springframework.security.web.FilterChainProxy$VirtualFilterChain.doFilter(FilterChainProxy.java:374) ~[spring-security-web-6.4.3.jar:6.4.3]
	at org.springframework.security.web.authentication.rememberme.RememberMeAuthenticationFilter.doFilter(RememberMeAuthenticationFilter.java:114) ~[spring-security-web-6.4.3.jar:6.4.3]
	at org.springframework.security.web.authentication.rememberme.RememberMeAuthenticationFilter.doFilter(RememberMeAuthenticationFilter.java:105) ~[spring-security-web-6.4.3.jar:6.4.3]
	at org.springframework.security.web.FilterChainProxy$VirtualFilterChain.doFilter(FilterChainProxy.java:374) ~[spring-security-web-6.4.3.jar:6.4.3]
	at org.springframework.security.web.servletapi.SecurityContextHolderAwareRequestFilter.doFilter(SecurityContextHolderAwareRequestFilter.java:179) ~[spring-security-web-6.4.3.jar:6.4.3]
	at org.springframework.security.web.FilterChainProxy$VirtualFilterChain.doFilter(FilterChainProxy.java:374) ~[spring-security-web-6.4.3.jar:6.4.3]
	at org.springframework.security.web.savedrequest.RequestCacheAwareFilter.doFilter(RequestCacheAwareFilter.java:63) ~[spring-security-web-6.4.3.jar:6.4.3]
	at org.springframework.security.web.FilterChainProxy$VirtualFilterChain.doFilter(FilterChainProxy.java:374) ~[spring-security-web-6.4.3.jar:6.4.3]
	at org.springframework.security.web.authentication.www.BasicAuthenticationFilter.doFilterInternal(BasicAuthenticationFilter.java:213) ~[spring-security-web-6.4.3.jar:6.4.3]
	at org.springframework.web.filter.OncePerRequestFilter.doFilter(OncePerRequestFilter.java:116) ~[spring-web-6.2.3.jar:6.2.3]
	at org.springframework.security.web.FilterChainProxy$VirtualFilterChain.doFilter(FilterChainProxy.java:374) ~[spring-security-web-6.4.3.jar:6.4.3]
	at org.springframework.security.web.authentication.ui.DefaultLogoutPageGeneratingFilter.doFilterInternal(DefaultLogoutPageGeneratingFilter.java:58) ~[spring-security-web-6.4.3.jar:6.4.3]
	at org.springframework.web.filter.OncePerRequestFilter.doFilter(OncePerRequestFilter.java:116) ~[spring-web-6.2.3.jar:6.2.3]
	at org.springframework.security.web.FilterChainProxy$VirtualFilterChain.doFilter(FilterChainProxy.java:374) ~[spring-security-web-6.4.3.jar:6.4.3]
	at org.springframework.security.web.authentication.ui.DefaultLoginPageGeneratingFilter.doFilter(DefaultLoginPageGeneratingFilter.java:220) ~[spring-security-web-6.4.3.jar:6.4.3]
	at org.springframework.security.web.authentication.ui.DefaultLoginPageGeneratingFilter.doFilter(DefaultLoginPageGeneratingFilter.java:206) ~[spring-security-web-6.4.3.jar:6.4.3]
	at org.springframework.security.web.FilterChainProxy$VirtualFilterChain.doFilter(FilterChainProxy.java:374) ~[spring-security-web-6.4.3.jar:6.4.3]
	at org.springframework.security.web.authentication.ui.DefaultResourcesFilter.doFilter(DefaultResourcesFilter.java:72) ~[spring-security-web-6.4.3.jar:6.4.3]
	at org.springframework.security.web.FilterChainProxy$VirtualFilterChain.doFilter(FilterChainProxy.java:374) ~[spring-security-web-6.4.3.jar:6.4.3]
	at org.springframework.security.web.authentication.AbstractAuthenticationProcessingFilter.doFilter(AbstractAuthenticationProcessingFilter.java:227) ~[spring-security-web-6.4.3.jar:6.4.3]
	at org.springframework.security.web.authentication.AbstractAuthenticationProcessingFilter.doFilter(AbstractAuthenticationProcessingFilter.java:221) ~[spring-security-web-6.4.3.jar:6.4.3]
	at org.springframework.security.web.FilterChainProxy$VirtualFilterChain.doFilter(FilterChainProxy.java:374) ~[spring-security-web-6.4.3.jar:6.4.3]
	at org.springframework.security.web.authentication.logout.LogoutFilter.doFilter(LogoutFilter.java:107) ~[spring-security-web-6.4.3.jar:6.4.3]
	at org.springframework.security.web.authentication.logout.LogoutFilter.doFilter(LogoutFilter.java:93) ~[spring-security-web-6.4.3.jar:6.4.3]
	at org.springframework.security.web.FilterChainProxy$VirtualFilterChain.doFilter(FilterChainProxy.java:374) ~[spring-security-web-6.4.3.jar:6.4.3]
	at org.springframework.security.web.header.HeaderWriterFilter.doHeadersAfter(HeaderWriterFilter.java:90) ~[spring-security-web-6.4.3.jar:6.4.3]
	at org.springframework.security.web.header.HeaderWriterFilter.doFilterInternal(HeaderWriterFilter.java:75) ~[spring-security-web-6.4.3.jar:6.4.3]
	at org.springframework.web.filter.OncePerRequestFilter.doFilter(OncePerRequestFilter.java:116) ~[spring-web-6.2.3.jar:6.2.3]
	at org.springframework.security.web.FilterChainProxy$VirtualFilterChain.doFilter(FilterChainProxy.java:374) ~[spring-security-web-6.4.3.jar:6.4.3]
	at org.springframework.security.web.context.SecurityContextHolderFilter.doFilter(SecurityContextHolderFilter.java:82) ~[spring-security-web-6.4.3.jar:6.4.3]
	at org.springframework.security.web.context.SecurityContextHolderFilter.doFilter(SecurityContextHolderFilter.java:69) ~[spring-security-web-6.4.3.jar:6.4.3]
	at org.springframework.security.web.FilterChainProxy$VirtualFilterChain.doFilter(FilterChainProxy.java:374) ~[spring-security-web-6.4.3.jar:6.4.3]
	at org.springframework.security.web.context.request.async.WebAsyncManagerIntegrationFilter.doFilterInternal(WebAsyncManagerIntegrationFilter.java:62) ~[spring-security-web-6.4.3.jar:6.4.3]
	at org.springframework.web.filter.OncePerRequestFilter.doFilter(OncePerRequestFilter.java:116) ~[spring-web-6.2.3.jar:6.2.3]
	at org.springframework.security.web.FilterChainProxy$VirtualFilterChain.doFilter(FilterChainProxy.java:374) ~[spring-security-web-6.4.3.jar:6.4.3]
	at org.springframework.security.web.session.DisableEncodeUrlFilter.doFilterInternal(DisableEncodeUrlFilter.java:42) ~[spring-security-web-6.4.3.jar:6.4.3]
	at org.springframework.web.filter.OncePerRequestFilter.doFilter(OncePerRequestFilter.java:116) ~[spring-web-6.2.3.jar:6.2.3]
	at org.springframework.security.web.FilterChainProxy$VirtualFilterChain.doFilter(FilterChainProxy.java:374) ~[spring-security-web-6.4.3.jar:6.4.3]
	at org.springframework.security.web.FilterChainProxy.doFilterInternal(FilterChainProxy.java:233) ~[spring-security-web-6.4.3.jar:6.4.3]
	at org.springframework.security.web.FilterChainProxy.doFilter(FilterChainProxy.java:191) ~[spring-security-web-6.4.3.jar:6.4.3]
	at org.springframework.web.filter.CompositeFilter$VirtualFilterChain.doFilter(CompositeFilter.java:113) ~[spring-web-6.2.3.jar:6.2.3]
	at org.springframework.web.servlet.handler.HandlerMappingIntrospector.lambda$createCacheFilter$3(HandlerMappingIntrospector.java:243) ~[spring-webmvc-6.2.3.jar:6.2.3]
	at org.springframework.web.filter.CompositeFilter$VirtualFilterChain.doFilter(CompositeFilter.java:113) ~[spring-web-6.2.3.jar:6.2.3]
	at org.springframework.web.filter.CompositeFilter.doFilter(CompositeFilter.java:74) ~[spring-web-6.2.3.jar:6.2.3]
	at org.springframework.security.config.annotation.web.configuration.WebMvcSecurityConfiguration$CompositeFilterChainProxy.doFilter(WebMvcSecurityConfiguration.java:238) ~[spring-security-config-6.4.3.jar:6.4.3]
	at org.springframework.web.filter.DelegatingFilterProxy.invokeDelegate(DelegatingFilterProxy.java:362) ~[spring-web-6.2.3.jar:6.2.3]
	at org.springframework.web.filter.DelegatingFilterProxy.doFilter(DelegatingFilterProxy.java:278) ~[spring-web-6.2.3.jar:6.2.3]
	at org.apache.catalina.core.ApplicationFilterChain.internalDoFilter(ApplicationFilterChain.java:164) ~[tomcat-embed-core-10.1.36.jar:10.1.36]
	at org.apache.catalina.core.ApplicationFilterChain.doFilter(ApplicationFilterChain.java:140) ~[tomcat-embed-core-10.1.36.jar:10.1.36]
	at org.springframework.web.filter.RequestContextFilter.doFilterInternal(RequestContextFilter.java:100) ~[spring-web-6.2.3.jar:6.2.3]
	at org.springframework.web.filter.OncePerRequestFilter.doFilter(OncePerRequestFilter.java:116) ~[spring-web-6.2.3.jar:6.2.3]
	at org.apache.catalina.core.ApplicationFilterChain.internalDoFilter(ApplicationFilterChain.java:164) ~[tomcat-embed-core-10.1.36.jar:10.1.36]
	at org.apache.catalina.core.ApplicationFilterChain.doFilter(ApplicationFilterChain.java:140) ~[tomcat-embed-core-10.1.36.jar:10.1.36]
	at org.springframework.web.filter.FormContentFilter.doFilterInternal(FormContentFilter.java:93) ~[spring-web-6.2.3.jar:6.2.3]
	at org.springframework.web.filter.OncePerRequestFilter.doFilter(OncePerRequestFilter.java:116) ~[spring-web-6.2.3.jar:6.2.3]
	at org.apache.catalina.core.ApplicationFilterChain.internalDoFilter(ApplicationFilterChain.java:164) ~[tomcat-embed-core-10.1.36.jar:10.1.36]
	at org.apache.catalina.core.ApplicationFilterChain.doFilter(ApplicationFilterChain.java:140) ~[tomcat-embed-core-10.1.36.jar:10.1.36]
	at org.springframework.web.filter.CharacterEncodingFilter.doFilterInternal(CharacterEncodingFilter.java:201) ~[spring-web-6.2.3.jar:6.2.3]
	at org.springframework.web.filter.OncePerRequestFilter.doFilter(OncePerRequestFilter.java:116) ~[spring-web-6.2.3.jar:6.2.3]
	at org.apache.catalina.core.ApplicationFilterChain.internalDoFilter(ApplicationFilterChain.java:164) ~[tomcat-embed-core-10.1.36.jar:10.1.36]
	at org.apache.catalina.core.ApplicationFilterChain.doFilter(ApplicationFilterChain.java:140) ~[tomcat-embed-core-10.1.36.jar:10.1.36]
	at org.apache.catalina.core.StandardWrapperValve.invoke(StandardWrapperValve.java:167) ~[tomcat-embed-core-10.1.36.jar:10.1.36]
	at org.apache.catalina.core.StandardContextValve.invoke(StandardContextValve.java:90) ~[tomcat-embed-core-10.1.36.jar:10.1.36]
	at org.apache.catalina.authenticator.AuthenticatorBase.invoke(AuthenticatorBase.java:483) ~[tomcat-embed-core-10.1.36.jar:10.1.36]
	at org.apache.catalina.core.StandardHostValve.invoke(StandardHostValve.java:115) ~[tomcat-embed-core-10.1.36.jar:10.1.36]
	at org.apache.catalina.valves.ErrorReportValve.invoke(ErrorReportValve.java:93) ~[tomcat-embed-core-10.1.36.jar:10.1.36]
	at org.apache.catalina.core.StandardEngineValve.invoke(StandardEngineValve.java:74) ~[tomcat-embed-core-10.1.36.jar:10.1.36]
	at org.apache.catalina.connector.CoyoteAdapter.service(CoyoteAdapter.java:344) ~[tomcat-embed-core-10.1.36.jar:10.1.36]
	at org.apache.coyote.http11.Http11Processor.service(Http11Processor.java:397) ~[tomcat-embed-core-10.1.36.jar:10.1.36]
	at org.apache.coyote.AbstractProcessorLight.process(AbstractProcessorLight.java:63) ~[tomcat-embed-core-10.1.36.jar:10.1.36]
	at org.apache.coyote.AbstractProtocol$ConnectionHandler.process(AbstractProtocol.java:905) ~[tomcat-embed-core-10.1.36.jar:10.1.36]
	at org.apache.tomcat.util.net.NioEndpoint$SocketProcessor.doRun(NioEndpoint.java:1743) ~[tomcat-embed-core-10.1.36.jar:10.1.36]
	at org.apache.tomcat.util.net.SocketProcessorBase.run(SocketProcessorBase.java:52) ~[tomcat-embed-core-10.1.36.jar:10.1.36]
	at org.apache.tomcat.util.threads.ThreadPoolExecutor.runWorker(ThreadPoolExecutor.java:1190) ~[tomcat-embed-core-10.1.36.jar:10.1.36]
	at org.apache.tomcat.util.threads.ThreadPoolExecutor$Worker.run(ThreadPoolExecutor.java:659) ~[tomcat-embed-core-10.1.36.jar:10.1.36]
	at org.apache.tomcat.util.threads.TaskThread$WrappingRunnable.run(TaskThread.java:63) ~[tomcat-embed-core-10.1.36.jar:10.1.36]
	at java.base/java.lang.Thread.run(Thread.java:842) ~[na:na]

2025-07-06T16:23:40.716+02:00 TRACE 1960 --- [backend] [http-nio-8080-exec-1] o.s.security.web.FilterChainProxy        : Trying to match request against DefaultSecurityFilterChain defined as 'filterChain' in [class path resource [com/luiswiederhold/backend/security/SecurityConfig.class]] matching [any request] and having filters [DisableEncodeUrl, WebAsyncManagerIntegration, SecurityContextHolder, HeaderWriter, Logout, UsernamePasswordAuthentication, DefaultResources, DefaultLoginPageGenerating, DefaultLogoutPageGenerating, BasicAuthentication, RequestCacheAware, SecurityContextHolderAwareRequest, RememberMeAuthentication, AnonymousAuthentication, ExceptionTranslation] (1/1)
2025-07-06T16:23:40.716+02:00 DEBUG 1960 --- [backend] [http-nio-8080-exec-1] o.s.security.web.FilterChainProxy        : Securing POST /error
2025-07-06T16:23:40.716+02:00 TRACE 1960 --- [backend] [http-nio-8080-exec-1] o.s.security.web.FilterChainProxy        : Invoking DisableEncodeUrlFilter (1/15)
2025-07-06T16:23:40.716+02:00 TRACE 1960 --- [backend] [http-nio-8080-exec-1] o.s.security.web.FilterChainProxy        : Invoking WebAsyncManagerIntegrationFilter (2/15)
2025-07-06T16:23:40.716+02:00 TRACE 1960 --- [backend] [http-nio-8080-exec-1] o.s.security.web.FilterChainProxy        : Invoking SecurityContextHolderFilter (3/15)
2025-07-06T16:23:40.716+02:00 TRACE 1960 --- [backend] [http-nio-8080-exec-1] o.s.security.web.FilterChainProxy        : Invoking HeaderWriterFilter (4/15)
2025-07-06T16:23:40.716+02:00 TRACE 1960 --- [backend] [http-nio-8080-exec-1] o.s.security.web.FilterChainProxy        : Invoking LogoutFilter (5/15)
2025-07-06T16:23:40.717+02:00 TRACE 1960 --- [backend] [http-nio-8080-exec-1] o.s.s.w.a.logout.LogoutFilter            : Did not match request to Or [Ant [pattern='/logout', GET], Ant [pattern='/logout', POST], Ant [pattern='/logout', PUT], Ant [pattern='/logout', DELETE]]
2025-07-06T16:23:40.717+02:00 TRACE 1960 --- [backend] [http-nio-8080-exec-1] o.s.security.web.FilterChainProxy        : Invoking UsernamePasswordAuthenticationFilter (6/15)
2025-07-06T16:23:40.717+02:00 TRACE 1960 --- [backend] [http-nio-8080-exec-1] w.a.UsernamePasswordAuthenticationFilter : Did not match request to Ant [pattern='/login', POST]
2025-07-06T16:23:40.717+02:00 TRACE 1960 --- [backend] [http-nio-8080-exec-1] o.s.security.web.FilterChainProxy        : Invoking DefaultResourcesFilter (7/15)
2025-07-06T16:23:40.717+02:00 TRACE 1960 --- [backend] [http-nio-8080-exec-1] o.s.security.web.FilterChainProxy        : Invoking DefaultLoginPageGeneratingFilter (8/15)
2025-07-06T16:23:40.717+02:00 TRACE 1960 --- [backend] [http-nio-8080-exec-1] o.s.security.web.FilterChainProxy        : Invoking DefaultLogoutPageGeneratingFilter (9/15)
2025-07-06T16:23:40.717+02:00 TRACE 1960 --- [backend] [http-nio-8080-exec-1] o.s.security.web.FilterChainProxy        : Invoking BasicAuthenticationFilter (10/15)
2025-07-06T16:23:40.717+02:00 TRACE 1960 --- [backend] [http-nio-8080-exec-1] o.s.security.web.FilterChainProxy        : Invoking RequestCacheAwareFilter (11/15)
2025-07-06T16:23:40.717+02:00 TRACE 1960 --- [backend] [http-nio-8080-exec-1] o.s.s.w.s.HttpSessionRequestCache        : matchingRequestParameterName is required for getMatchingRequest to lookup a value, but not provided
2025-07-06T16:23:40.717+02:00 TRACE 1960 --- [backend] [http-nio-8080-exec-1] o.s.security.web.FilterChainProxy        : Invoking SecurityContextHolderAwareRequestFilter (12/15)
2025-07-06T16:23:40.717+02:00 TRACE 1960 --- [backend] [http-nio-8080-exec-1] o.s.security.web.FilterChainProxy        : Invoking RememberMeAuthenticationFilter (13/15)
2025-07-06T16:23:40.717+02:00 TRACE 1960 --- [backend] [http-nio-8080-exec-1] w.c.HttpSessionSecurityContextRepository : No HttpSession currently exists
2025-07-06T16:23:40.717+02:00 TRACE 1960 --- [backend] [http-nio-8080-exec-1] .s.s.w.c.SupplierDeferredSecurityContext : Created SecurityContextImpl [Null authentication]
2025-07-06T16:23:40.717+02:00 DEBUG 1960 --- [backend] [http-nio-8080-exec-1] s.s.w.a.r.RememberMeAuthenticationFilter : SecurityContextHolder not populated with remember-me token, as it already contained: 'UsernamePasswordAuthenticationToken [Principal=org.springframework.security.core.userdetails.User [Username=wiederhold.luis@gmx.de, Password=[PROTECTED], Enabled=true, AccountNonExpired=true, CredentialsNonExpired=true, AccountNonLocked=true, Granted Authorities=[]], Credentials=[PROTECTED], Authenticated=true, Details=WebAuthenticationDetails [RemoteIpAddress=0:0:0:0:0:0:0:1, SessionId=null], Granted Authorities=[]]'
2025-07-06T16:23:40.717+02:00 TRACE 1960 --- [backend] [http-nio-8080-exec-1] o.s.security.web.FilterChainProxy        : Invoking AnonymousAuthenticationFilter (14/15)
2025-07-06T16:23:40.717+02:00 TRACE 1960 --- [backend] [http-nio-8080-exec-1] o.s.security.web.FilterChainProxy        : Invoking ExceptionTranslationFilter (15/15)
2025-07-06T16:23:40.717+02:00 DEBUG 1960 --- [backend] [http-nio-8080-exec-1] o.s.security.web.FilterChainProxy        : Secured POST /error
2025-07-06T16:23:40.739+02:00 TRACE 1960 --- [backend] [http-nio-8080-exec-1] o.s.s.w.a.AnonymousAuthenticationFilter  : Did not set SecurityContextHolder since already authenticated UsernamePasswordAuthenticationToken [Principal=org.springframework.security.core.userdetails.User [Username=wiederhold.luis@gmx.de, Password=[PROTECTED], Enabled=true, AccountNonExpired=true, CredentialsNonExpired=true, AccountNonLocked=true, Granted Authorities=[]], Credentials=[PROTECTED], Authenticated=true, Details=WebAuthenticationDetails [RemoteIpAddress=0:0:0:0:0:0:0:1, SessionId=null], Granted Authorities=[]]
2025-07-06T16:25:47.875+02:00  INFO 1960 --- [backend] [SpringApplicationShutdownHook] o.s.b.w.e.tomcat.GracefulShutdown        : Commencing graceful shutdown. Waiting for active requests to complete
2025-07-06T16:25:47.892+02:00  INFO 1960 --- [backend] [tomcat-shutdown] o.s.b.w.e.tomcat.GracefulShutdown        : Graceful shutdown complete
2025-07-06T16:25:47.895+02:00  INFO 1960 --- [backend] [SpringApplicationShutdownHook] j.LocalContainerEntityManagerFactoryBean : Closing JPA EntityManagerFactory for persistence unit 'default'
2025-07-06T16:25:47.897+02:00  INFO 1960 --- [backend] [SpringApplicationShutdownHook] com.zaxxer.hikari.HikariDataSource       : HikariPool-1 - Shutdown initiated...
2025-07-06T16:25:47.898+02:00  INFO 1960 --- [backend] [SpringApplicationShutdownHook] com.zaxxer.hikari.HikariDataSource       : HikariPool-1 - Shutdown completed.
2025-07-06T16:28:31.780+02:00  INFO 8340 --- [backend] [restartedMain] c.l.backend.BackendApplication           : Starting BackendApplication using Java 17.0.9 with PID 8340 (C:\Users\Admin\Desktop\Mathematik Studium\1. Semester\Informatik\Hausaufgaben\stemcards\backend\build\classes\java\main started by Admin in C:\Users\Admin\Desktop\Mathematik Studium\1. Semester\Informatik\Hausaufgaben\stemcards\backend)
2025-07-06T16:28:31.781+02:00  INFO 8340 --- [backend] [restartedMain] c.l.backend.BackendApplication           : The following 1 profile is active: "prod"
2025-07-06T16:28:31.814+02:00  INFO 8340 --- [backend] [restartedMain] o.s.b.devtools.restart.ChangeableUrls    : The Class-Path manifest attribute in C:\Users\Admin\.gradle\caches\modules-2\files-2.1\xalan\xalan\2.7.2\d55d3f02a56ec4c25695fe67e1334ff8c2ecea23\xalan-2.7.2.jar referenced one or more files that do not exist: file:/C:/Users/Admin/.gradle/caches/modules-2/files-2.1/xalan/xalan/2.7.2/d55d3f02a56ec4c25695fe67e1334ff8c2ecea23/xercesImpl.jar,file:/C:/Users/Admin/.gradle/caches/modules-2/files-2.1/xalan/xalan/2.7.2/d55d3f02a56ec4c25695fe67e1334ff8c2ecea23/xml-apis.jar,file:/C:/Users/Admin/.gradle/caches/modules-2/files-2.1/xalan/xalan/2.7.2/d55d3f02a56ec4c25695fe67e1334ff8c2ecea23/serializer.jar
2025-07-06T16:28:31.814+02:00  INFO 8340 --- [backend] [restartedMain] o.s.b.devtools.restart.ChangeableUrls    : The Class-Path manifest attribute in C:\Users\Admin\.gradle\caches\modules-2\files-2.1\xalan\serializer\2.7.2\24247f3bb052ee068971393bdb83e04512bb1c3c\serializer-2.7.2.jar referenced one or more files that do not exist: file:/C:/Users/Admin/.gradle/caches/modules-2/files-2.1/xalan/serializer/2.7.2/24247f3bb052ee068971393bdb83e04512bb1c3c/xml-apis.jar
2025-07-06T16:28:31.814+02:00  INFO 8340 --- [backend] [restartedMain] .e.DevToolsPropertyDefaultsPostProcessor : Devtools property defaults active! Set 'spring.devtools.add-properties' to 'false' to disable
2025-07-06T16:28:31.815+02:00  INFO 8340 --- [backend] [restartedMain] .e.DevToolsPropertyDefaultsPostProcessor : For additional web related logging consider setting the 'logging.level.web' property to 'DEBUG'
2025-07-06T16:28:32.384+02:00  INFO 8340 --- [backend] [restartedMain] .s.d.r.c.RepositoryConfigurationDelegate : Bootstrapping Spring Data JPA repositories in DEFAULT mode.
2025-07-06T16:28:32.433+02:00  INFO 8340 --- [backend] [restartedMain] .s.d.r.c.RepositoryConfigurationDelegate : Finished Spring Data repository scanning in 41 ms. Found 2 JPA repository interfaces.
2025-07-06T16:28:32.848+02:00  INFO 8340 --- [backend] [restartedMain] o.s.b.w.embedded.tomcat.TomcatWebServer  : Tomcat initialized with port 8080 (http)
2025-07-06T16:28:32.858+02:00  INFO 8340 --- [backend] [restartedMain] o.apache.catalina.core.StandardService   : Starting service [Tomcat]
2025-07-06T16:28:32.858+02:00  INFO 8340 --- [backend] [restartedMain] o.apache.catalina.core.StandardEngine    : Starting Servlet engine: [Apache Tomcat/10.1.36]
2025-07-06T16:28:32.896+02:00  INFO 8340 --- [backend] [restartedMain] o.a.c.c.C.[Tomcat].[localhost].[/]       : Initializing Spring embedded WebApplicationContext
2025-07-06T16:28:32.897+02:00  INFO 8340 --- [backend] [restartedMain] w.s.c.ServletWebServerApplicationContext : Root WebApplicationContext: initialization completed in 1081 ms
2025-07-06T16:28:33.004+02:00  INFO 8340 --- [backend] [restartedMain] o.hibernate.jpa.internal.util.LogHelper  : HHH000204: Processing PersistenceUnitInfo [name: default]
2025-07-06T16:28:33.048+02:00  INFO 8340 --- [backend] [restartedMain] org.hibernate.Version                    : HHH000412: Hibernate ORM core version 6.6.8.Final
2025-07-06T16:28:33.074+02:00  INFO 8340 --- [backend] [restartedMain] o.h.c.internal.RegionFactoryInitiator    : HHH000026: Second-level cache disabled
2025-07-06T16:28:33.305+02:00  INFO 8340 --- [backend] [restartedMain] o.s.o.j.p.SpringPersistenceUnitInfo      : No LoadTimeWeaver setup: ignoring JPA class transformer
2025-07-06T16:28:33.329+02:00  INFO 8340 --- [backend] [restartedMain] com.zaxxer.hikari.HikariDataSource       : HikariPool-1 - Starting...
2025-07-06T16:28:33.545+02:00  INFO 8340 --- [backend] [restartedMain] com.zaxxer.hikari.pool.HikariPool        : HikariPool-1 - Added connection org.postgresql.jdbc.PgConnection@66af58f5
2025-07-06T16:28:33.547+02:00  INFO 8340 --- [backend] [restartedMain] com.zaxxer.hikari.HikariDataSource       : HikariPool-1 - Start completed.
2025-07-06T16:28:33.572+02:00  WARN 8340 --- [backend] [restartedMain] org.hibernate.orm.deprecation            : HHH90000025: PostgreSQLDialect does not need to be specified explicitly using 'hibernate.dialect' (remove the property setting and it will be selected by default)
2025-07-06T16:28:33.586+02:00  INFO 8340 --- [backend] [restartedMain] org.hibernate.orm.connections.pooling    : HHH10001005: Database info:
	Database JDBC URL [Connecting through datasource 'HikariDataSource (HikariPool-1)']
	Database driver: undefined/unknown
	Database version: 17.5
	Autocommit mode: undefined/unknown
	Isolation level: undefined/unknown
	Minimum pool size: undefined/unknown
	Maximum pool size: undefined/unknown
2025-07-06T16:28:34.453+02:00  INFO 8340 --- [backend] [restartedMain] o.h.e.t.j.p.i.JtaPlatformInitiator       : HHH000489: No JTA platform available (set 'hibernate.transaction.jta.platform' to enable JTA platform integration)
2025-07-06T16:28:34.495+02:00  INFO 8340 --- [backend] [restartedMain] j.LocalContainerEntityManagerFactoryBean : Initialized JPA EntityManagerFactory for persistence unit 'default'
2025-07-06T16:28:34.765+02:00  INFO 8340 --- [backend] [restartedMain] o.s.d.j.r.query.QueryEnhancerFactory     : Hibernate is in classpath; If applicable, HQL parser will be used.
2025-07-06T16:28:34.844+02:00  WARN 8340 --- [backend] [restartedMain] JpaBaseConfiguration$JpaWebConfiguration : spring.jpa.open-in-view is enabled by default. Therefore, database queries may be performed during view rendering. Explicitly configure spring.jpa.open-in-view to disable this warning
2025-07-06T16:28:34.856+02:00 TRACE 8340 --- [backend] [restartedMain] eGlobalAuthenticationAutowiredConfigurer : Eagerly initializing {securityConfig=com.luiswiederhold.backend.security.SecurityConfig$$SpringCGLIB$$0@3709beb0}
2025-07-06T16:28:34.858+02:00  INFO 8340 --- [backend] [restartedMain] eAuthenticationProviderManagerConfigurer : Found 2 AuthenticationProvider beans, with names [rememberMeAuthenticationProvider, daoAuthenticationProvider]. Global Authentication Manager will not be configured with AuthenticationProviders. Consider publishing a single AuthenticationProvider bean, or wiring your Providers directly using the DSL.
2025-07-06T16:28:34.863+02:00  INFO 8340 --- [backend] [restartedMain] r$InitializeUserDetailsManagerConfigurer : Global AuthenticationManager configured with UserDetailsService bean with name customUserDetailsService
2025-07-06T16:28:35.105+02:00 DEBUG 8340 --- [backend] [restartedMain] o.s.s.web.DefaultSecurityFilterChain     : Will secure any request with filters: DisableEncodeUrlFilter, WebAsyncManagerIntegrationFilter, SecurityContextHolderFilter, HeaderWriterFilter, LogoutFilter, UsernamePasswordAuthenticationFilter, DefaultResourcesFilter, DefaultLoginPageGeneratingFilter, DefaultLogoutPageGeneratingFilter, BasicAuthenticationFilter, RequestCacheAwareFilter, SecurityContextHolderAwareRequestFilter, RememberMeAuthenticationFilter, AnonymousAuthenticationFilter, ExceptionTranslationFilter
2025-07-06T16:28:35.253+02:00  INFO 8340 --- [backend] [restartedMain] o.s.b.d.a.OptionalLiveReloadServer       : LiveReload server is running on port 35729
2025-07-06T16:28:35.279+02:00  INFO 8340 --- [backend] [restartedMain] o.s.b.w.embedded.tomcat.TomcatWebServer  : Tomcat started on port 8080 (http) with context path '/'
2025-07-06T16:28:35.286+02:00  INFO 8340 --- [backend] [restartedMain] c.l.backend.BackendApplication           : Started BackendApplication in 3.812 seconds (process running for 4.296)
2025-07-06T16:28:46.453+02:00  INFO 8340 --- [backend] [http-nio-8080-exec-1] o.a.c.c.C.[Tomcat].[localhost].[/]       : Initializing Spring DispatcherServlet 'dispatcherServlet'
2025-07-06T16:28:46.453+02:00  INFO 8340 --- [backend] [http-nio-8080-exec-1] o.s.web.servlet.DispatcherServlet        : Initializing Servlet 'dispatcherServlet'
2025-07-06T16:28:46.454+02:00  INFO 8340 --- [backend] [http-nio-8080-exec-1] o.s.web.servlet.DispatcherServlet        : Completed initialization in 1 ms
2025-07-06T16:28:46.466+02:00 TRACE 8340 --- [backend] [http-nio-8080-exec-1] o.s.security.web.FilterChainProxy        : Trying to match request against DefaultSecurityFilterChain defined as 'filterChain' in [class path resource [com/luiswiederhold/backend/security/SecurityConfig.class]] matching [any request] and having filters [DisableEncodeUrl, WebAsyncManagerIntegration, SecurityContextHolder, HeaderWriter, Logout, UsernamePasswordAuthentication, DefaultResources, DefaultLoginPageGenerating, DefaultLogoutPageGenerating, BasicAuthentication, RequestCacheAware, SecurityContextHolderAwareRequest, RememberMeAuthentication, AnonymousAuthentication, ExceptionTranslation] (1/1)
2025-07-06T16:28:46.466+02:00 DEBUG 8340 --- [backend] [http-nio-8080-exec-1] o.s.security.web.FilterChainProxy        : Securing POST /flashcards/create
2025-07-06T16:28:46.467+02:00 TRACE 8340 --- [backend] [http-nio-8080-exec-1] o.s.security.web.FilterChainProxy        : Invoking DisableEncodeUrlFilter (1/15)
2025-07-06T16:28:46.467+02:00 TRACE 8340 --- [backend] [http-nio-8080-exec-1] o.s.security.web.FilterChainProxy        : Invoking WebAsyncManagerIntegrationFilter (2/15)
2025-07-06T16:28:46.469+02:00 TRACE 8340 --- [backend] [http-nio-8080-exec-1] o.s.security.web.FilterChainProxy        : Invoking SecurityContextHolderFilter (3/15)
2025-07-06T16:28:46.470+02:00 TRACE 8340 --- [backend] [http-nio-8080-exec-1] o.s.security.web.FilterChainProxy        : Invoking HeaderWriterFilter (4/15)
2025-07-06T16:28:46.471+02:00 TRACE 8340 --- [backend] [http-nio-8080-exec-1] o.s.security.web.FilterChainProxy        : Invoking LogoutFilter (5/15)
2025-07-06T16:28:46.471+02:00 TRACE 8340 --- [backend] [http-nio-8080-exec-1] o.s.s.w.a.logout.LogoutFilter            : Did not match request to Or [Ant [pattern='/logout', GET], Ant [pattern='/logout', POST], Ant [pattern='/logout', PUT], Ant [pattern='/logout', DELETE]]
2025-07-06T16:28:46.471+02:00 TRACE 8340 --- [backend] [http-nio-8080-exec-1] o.s.security.web.FilterChainProxy        : Invoking UsernamePasswordAuthenticationFilter (6/15)
2025-07-06T16:28:46.471+02:00 TRACE 8340 --- [backend] [http-nio-8080-exec-1] w.a.UsernamePasswordAuthenticationFilter : Did not match request to Ant [pattern='/login', POST]
2025-07-06T16:28:46.471+02:00 TRACE 8340 --- [backend] [http-nio-8080-exec-1] o.s.security.web.FilterChainProxy        : Invoking DefaultResourcesFilter (7/15)
2025-07-06T16:28:46.471+02:00 TRACE 8340 --- [backend] [http-nio-8080-exec-1] o.s.security.web.FilterChainProxy        : Invoking DefaultLoginPageGeneratingFilter (8/15)
2025-07-06T16:28:46.471+02:00 TRACE 8340 --- [backend] [http-nio-8080-exec-1] o.s.security.web.FilterChainProxy        : Invoking DefaultLogoutPageGeneratingFilter (9/15)
2025-07-06T16:28:46.471+02:00 TRACE 8340 --- [backend] [http-nio-8080-exec-1] .w.a.u.DefaultLogoutPageGeneratingFilter : Did not render default logout page since request did not match [Ant [pattern='/logout', GET]]
2025-07-06T16:28:46.472+02:00 TRACE 8340 --- [backend] [http-nio-8080-exec-1] o.s.security.web.FilterChainProxy        : Invoking BasicAuthenticationFilter (10/15)
2025-07-06T16:28:46.472+02:00 TRACE 8340 --- [backend] [http-nio-8080-exec-1] o.s.s.w.a.www.BasicAuthenticationFilter  : Found username 'wiederhold.luis@gmx.de' in Basic Authorization header
2025-07-06T16:28:46.472+02:00 TRACE 8340 --- [backend] [http-nio-8080-exec-1] w.c.HttpSessionSecurityContextRepository : No HttpSession currently exists
2025-07-06T16:28:46.473+02:00 TRACE 8340 --- [backend] [http-nio-8080-exec-1] .s.s.w.c.SupplierDeferredSecurityContext : Created SecurityContextImpl [Null authentication]
2025-07-06T16:28:46.473+02:00 TRACE 8340 --- [backend] [http-nio-8080-exec-1] .s.s.w.c.SupplierDeferredSecurityContext : Created SecurityContextImpl [Null authentication]
2025-07-06T16:28:46.473+02:00 TRACE 8340 --- [backend] [http-nio-8080-exec-1] o.s.s.authentication.ProviderManager     : Authenticating request with DaoAuthenticationProvider (1/1)
2025-07-06T16:28:46.542+02:00  INFO 8340 --- [backend] [http-nio-8080-exec-1] c.l.b.user.CustomUserDetailsService      : Loading user by email: wiederhold.luis@gmx.de
2025-07-06T16:28:46.642+02:00 DEBUG 8340 --- [backend] [http-nio-8080-exec-1] org.hibernate.SQL                        : select u1_0.id,u1_0.email,u1_0.lastname,u1_0.password,u1_0.privilege,u1_0.surname from users u1_0 where u1_0.email=?
2025-07-06T16:28:46.669+02:00  INFO 8340 --- [backend] [http-nio-8080-exec-1] c.l.b.user.CustomUserDetailsService      : Success, found user: User{id=1, email='wiederhold.luis@gmx.de', password='$2a$10$w73YZiDA98mnZurQ.8FkSu5MZ0idsbbAFnhsMQu7RUuO8jEKV4fQG', surname='luis', lastname='wiederhold'}
2025-07-06T16:28:46.740+02:00 DEBUG 8340 --- [backend] [http-nio-8080-exec-1] o.s.s.a.dao.DaoAuthenticationProvider    : Authenticated user
2025-07-06T16:28:46.741+02:00 DEBUG 8340 --- [backend] [http-nio-8080-exec-1] o.s.s.w.a.www.BasicAuthenticationFilter  : Set SecurityContextHolder to UsernamePasswordAuthenticationToken [Principal=org.springframework.security.core.userdetails.User [Username=wiederhold.luis@gmx.de, Password=[PROTECTED], Enabled=true, AccountNonExpired=true, CredentialsNonExpired=true, AccountNonLocked=true, Granted Authorities=[]], Credentials=[PROTECTED], Authenticated=true, Details=WebAuthenticationDetails [RemoteIpAddress=0:0:0:0:0:0:0:1, SessionId=null], Granted Authorities=[]]
2025-07-06T16:28:46.755+02:00 DEBUG 8340 --- [backend] [http-nio-8080-exec-1] o.s.s.w.a.r.TokenBasedRememberMeServices : Did not send remember-me cookie (principal did not set parameter 'remember-me')
2025-07-06T16:28:46.755+02:00 DEBUG 8340 --- [backend] [http-nio-8080-exec-1] o.s.s.w.a.r.TokenBasedRememberMeServices : Remember-me login not requested.
2025-07-06T16:28:46.755+02:00 TRACE 8340 --- [backend] [http-nio-8080-exec-1] o.s.security.web.FilterChainProxy        : Invoking RequestCacheAwareFilter (11/15)
2025-07-06T16:28:46.755+02:00 TRACE 8340 --- [backend] [http-nio-8080-exec-1] o.s.s.w.s.HttpSessionRequestCache        : matchingRequestParameterName is required for getMatchingRequest to lookup a value, but not provided
2025-07-06T16:28:46.755+02:00 TRACE 8340 --- [backend] [http-nio-8080-exec-1] o.s.security.web.FilterChainProxy        : Invoking SecurityContextHolderAwareRequestFilter (12/15)
2025-07-06T16:28:46.757+02:00 TRACE 8340 --- [backend] [http-nio-8080-exec-1] o.s.security.web.FilterChainProxy        : Invoking RememberMeAuthenticationFilter (13/15)
2025-07-06T16:28:46.757+02:00 DEBUG 8340 --- [backend] [http-nio-8080-exec-1] s.s.w.a.r.RememberMeAuthenticationFilter : SecurityContextHolder not populated with remember-me token, as it already contained: 'UsernamePasswordAuthenticationToken [Principal=org.springframework.security.core.userdetails.User [Username=wiederhold.luis@gmx.de, Password=[PROTECTED], Enabled=true, AccountNonExpired=true, CredentialsNonExpired=true, AccountNonLocked=true, Granted Authorities=[]], Credentials=[PROTECTED], Authenticated=true, Details=WebAuthenticationDetails [RemoteIpAddress=0:0:0:0:0:0:0:1, SessionId=null], Granted Authorities=[]]'
2025-07-06T16:28:46.757+02:00 TRACE 8340 --- [backend] [http-nio-8080-exec-1] o.s.security.web.FilterChainProxy        : Invoking AnonymousAuthenticationFilter (14/15)
2025-07-06T16:28:46.757+02:00 TRACE 8340 --- [backend] [http-nio-8080-exec-1] o.s.security.web.FilterChainProxy        : Invoking ExceptionTranslationFilter (15/15)
2025-07-06T16:28:46.758+02:00 DEBUG 8340 --- [backend] [http-nio-8080-exec-1] o.s.security.web.FilterChainProxy        : Secured POST /flashcards/create
2025-07-06T16:28:46.839+02:00 DEBUG 8340 --- [backend] [http-nio-8080-exec-1] c.l.backend.flashcards.FlashcardService  : Generating next free flashcard ID
2025-07-06T16:28:46.859+02:00 DEBUG 8340 --- [backend] [http-nio-8080-exec-1] org.hibernate.SQL                        : SELECT nextval('flashcard_sequence')
2025-07-06T16:28:46.864+02:00 DEBUG 8340 --- [backend] [http-nio-8080-exec-1] c.l.backend.flashcards.FlashcardService  : Next free flashcard ID is: 12
2025-07-06T16:28:46.866+02:00 DEBUG 8340 --- [backend] [http-nio-8080-exec-1] c.l.b.flashcards.FlashCardController     : questionImage is not null, trying to convert it to latex and store it afterwards...
2025-07-06T16:28:48.100+02:00 DEBUG 8340 --- [backend] [http-nio-8080-exec-1] c.l.b.flashcards.FlashCardController     : Detected question Latex: {"request_id":"2025_07_06_d186446b8e2133ab9fbcg","version":"SuperNet-103p1","is_printed":false,"is_handwritten":true,"auto_rotate_confidence":0.0004337930787379207,"auto_rotate_degrees":0,"image_height":900,"image_width":1208,"confidence":1,"confidence_rate":1,"latex_styled":"5","text":"\\( 5 \\)"}
2025-07-06T16:28:48.100+02:00 DEBUG 8340 --- [backend] [http-nio-8080-exec-1] c.l.backend.flashcards.FlashcardService  : Starting storage of Image: questionImage
2025-07-06T16:28:48.101+02:00 DEBUG 8340 --- [backend] [http-nio-8080-exec-1] c.l.b.f.i.DiskImageStorageService        : Starting construction of FlashcardImage URI
2025-07-06T16:28:48.101+02:00 DEBUG 8340 --- [backend] [http-nio-8080-exec-1] c.l.b.f.i.DiskImageStorageService        : Constructed URI: file:///C:/Users/Admin/Desktop/Mathematik%20Studium/1.%20Semester/Informatik/Hausaufgaben/stemcards/backend/src/main/resources/flashcards/wiederhold.luis@gmx.de/12/question/image.svg
2025-07-06T16:28:48.101+02:00 DEBUG 8340 --- [backend] [http-nio-8080-exec-1] c.l.b.f.i.DiskImageStorageService        : Storing flashcard content image now
2025-07-06T16:28:48.101+02:00 DEBUG 8340 --- [backend] [http-nio-8080-exec-1] c.l.b.f.i.DiskImageStorageService        : file with URI: file:///C:/Users/Admin/Desktop/Mathematik%20Studium/1.%20Semester/Informatik/Hausaufgaben/stemcards/backend/src/main/resources/flashcards/wiederhold.luis@gmx.de/12/question/image.svg doesn't exist
2025-07-06T16:28:48.101+02:00 DEBUG 8340 --- [backend] [http-nio-8080-exec-1] c.l.b.f.i.DiskImageStorageService        : creating parent directories up to: C:\Users\Admin\Desktop\Mathematik Studium\1. Semester\Informatik\Hausaufgaben\stemcards\backend\src\main\resources\flashcards\wiederhold.luis@gmx.de\12\question
2025-07-06T16:28:48.103+02:00 DEBUG 8340 --- [backend] [http-nio-8080-exec-1] c.l.b.f.i.DiskImageStorageService        : Created directories
2025-07-06T16:28:48.103+02:00 DEBUG 8340 --- [backend] [http-nio-8080-exec-1] c.l.b.f.i.DiskImageStorageService        : Creating the image file at targetURI: file:///C:/Users/Admin/Desktop/Mathematik%20Studium/1.%20Semester/Informatik/Hausaufgaben/stemcards/backend/src/main/resources/flashcards/wiederhold.luis@gmx.de/12/question/image.svg
2025-07-06T16:28:48.103+02:00 DEBUG 8340 --- [backend] [http-nio-8080-exec-1] c.l.b.f.i.DiskImageStorageService        : Transfering image contents to created file
2025-07-06T16:28:48.104+02:00 DEBUG 8340 --- [backend] [http-nio-8080-exec-1] c.l.b.f.i.DiskImageStorageService        : Transfer success
2025-07-06T16:28:48.104+02:00 DEBUG 8340 --- [backend] [http-nio-8080-exec-1] c.l.b.flashcards.FlashCardController     : answerImage is not null, trying to convert it to latex and store it afterwards...
2025-07-06T16:28:49.199+02:00 DEBUG 8340 --- [backend] [http-nio-8080-exec-1] c.l.b.flashcards.FlashCardController     : Detected answer Latex: {"request_id":"2025_07_06_d186446b8e2133ab9fbcg","version":"SuperNet-103p1","is_printed":false,"is_handwritten":true,"auto_rotate_confidence":0.0004337930787379207,"auto_rotate_degrees":0,"image_height":900,"image_width":1208,"confidence":1,"confidence_rate":1,"latex_styled":"5","text":"\\( 5 \\)"}
2025-07-06T16:28:49.199+02:00 DEBUG 8340 --- [backend] [http-nio-8080-exec-1] c.l.backend.flashcards.FlashcardService  : Starting storage of Image: answerImage
2025-07-06T16:28:49.199+02:00 DEBUG 8340 --- [backend] [http-nio-8080-exec-1] c.l.b.f.i.DiskImageStorageService        : Starting construction of FlashcardImage URI
2025-07-06T16:28:49.199+02:00 DEBUG 8340 --- [backend] [http-nio-8080-exec-1] c.l.b.f.i.DiskImageStorageService        : Constructed URI: file:///C:/Users/Admin/Desktop/Mathematik%20Studium/1.%20Semester/Informatik/Hausaufgaben/stemcards/backend/src/main/resources/flashcards/wiederhold.luis@gmx.de/12/answer/image.svg
2025-07-06T16:28:49.200+02:00 DEBUG 8340 --- [backend] [http-nio-8080-exec-1] c.l.b.f.i.DiskImageStorageService        : Storing flashcard content image now
2025-07-06T16:28:49.200+02:00 DEBUG 8340 --- [backend] [http-nio-8080-exec-1] c.l.b.f.i.DiskImageStorageService        : file with URI: file:///C:/Users/Admin/Desktop/Mathematik%20Studium/1.%20Semester/Informatik/Hausaufgaben/stemcards/backend/src/main/resources/flashcards/wiederhold.luis@gmx.de/12/answer/image.svg doesn't exist
2025-07-06T16:28:49.200+02:00 DEBUG 8340 --- [backend] [http-nio-8080-exec-1] c.l.b.f.i.DiskImageStorageService        : creating parent directories up to: C:\Users\Admin\Desktop\Mathematik Studium\1. Semester\Informatik\Hausaufgaben\stemcards\backend\src\main\resources\flashcards\wiederhold.luis@gmx.de\12\answer
2025-07-06T16:28:49.200+02:00 DEBUG 8340 --- [backend] [http-nio-8080-exec-1] c.l.b.f.i.DiskImageStorageService        : Created directories
2025-07-06T16:28:49.200+02:00 DEBUG 8340 --- [backend] [http-nio-8080-exec-1] c.l.b.f.i.DiskImageStorageService        : Creating the image file at targetURI: file:///C:/Users/Admin/Desktop/Mathematik%20Studium/1.%20Semester/Informatik/Hausaufgaben/stemcards/backend/src/main/resources/flashcards/wiederhold.luis@gmx.de/12/answer/image.svg
2025-07-06T16:28:49.200+02:00 DEBUG 8340 --- [backend] [http-nio-8080-exec-1] c.l.b.f.i.DiskImageStorageService        : Transfering image contents to created file
2025-07-06T16:28:49.201+02:00 DEBUG 8340 --- [backend] [http-nio-8080-exec-1] c.l.b.f.i.DiskImageStorageService        : Transfer success
2025-07-06T16:28:49.201+02:00 DEBUG 8340 --- [backend] [http-nio-8080-exec-1] c.l.backend.flashcards.FlashcardService  : Storing flashcard for user: wiederhold.luis@gmx.dewith ID: 12
2025-07-06T16:28:49.211+02:00 DEBUG 8340 --- [backend] [http-nio-8080-exec-1] org.hibernate.SQL                        : select f1_0.id,f1_0.answer_image,f1_0.answer_latex,f1_0.creation_date,f1_0.hierachy,f1_0.last_updated_on,f1_0.question_image,f1_0.question_latex,f1_0.username from flashcards f1_0 where f1_0.id=?
2025-07-06T16:28:49.228+02:00 DEBUG 8340 --- [backend] [http-nio-8080-exec-1] org.hibernate.SQL                        : insert into flashcards (answer_image,answer_latex,creation_date,hierachy,last_updated_on,question_image,question_latex,username,id) values (?,?,?,?,?,?,?,?,?)
2025-07-06T16:28:49.234+02:00  WARN 8340 --- [backend] [http-nio-8080-exec-1] o.h.engine.jdbc.spi.SqlExceptionHelper   : SQL Error: 0, SQLState: 22001
2025-07-06T16:28:49.235+02:00 ERROR 8340 --- [backend] [http-nio-8080-exec-1] o.h.engine.jdbc.spi.SqlExceptionHelper   : FEHLER: Wert zu lang für Typ character varying(255)
2025-07-06T16:28:49.245+02:00 TRACE 8340 --- [backend] [http-nio-8080-exec-1] o.s.s.w.a.AnonymousAuthenticationFilter  : Did not set SecurityContextHolder since already authenticated UsernamePasswordAuthenticationToken [Principal=org.springframework.security.core.userdetails.User [Username=wiederhold.luis@gmx.de, Password=[PROTECTED], Enabled=true, AccountNonExpired=true, CredentialsNonExpired=true, AccountNonLocked=true, Granted Authorities=[]], Credentials=[PROTECTED], Authenticated=true, Details=WebAuthenticationDetails [RemoteIpAddress=0:0:0:0:0:0:0:1, SessionId=null], Granted Authorities=[]]
2025-07-06T16:28:49.245+02:00 TRACE 8340 --- [backend] [http-nio-8080-exec-1] o.s.s.w.header.writers.HstsHeaderWriter  : Not injecting HSTS header since it did not match request to [Is Secure]
2025-07-06T16:28:49.245+02:00 ERROR 8340 --- [backend] [http-nio-8080-exec-1] o.a.c.c.C.[.[.[/].[dispatcherServlet]    : Servlet.service() for servlet [dispatcherServlet] in context with path [] threw exception [Request processing failed: org.springframework.dao.DataIntegrityViolationException: could not execute statement [FEHLER: Wert zu lang für Typ character varying(255)] [insert into flashcards (answer_image,answer_latex,creation_date,hierachy,last_updated_on,question_image,question_latex,username,id) values (?,?,?,?,?,?,?,?,?)]; SQL [insert into flashcards (answer_image,answer_latex,creation_date,hierachy,last_updated_on,question_image,question_latex,username,id) values (?,?,?,?,?,?,?,?,?)]] with root cause

org.postgresql.util.PSQLException: FEHLER: Wert zu lang für Typ character varying(255)
	at org.postgresql.core.v3.QueryExecutorImpl.receiveErrorResponse(QueryExecutorImpl.java:2733) ~[postgresql-42.7.5.jar:42.7.5]
	at org.postgresql.core.v3.QueryExecutorImpl.processResults(QueryExecutorImpl.java:2420) ~[postgresql-42.7.5.jar:42.7.5]
	at org.postgresql.core.v3.QueryExecutorImpl.execute(QueryExecutorImpl.java:372) ~[postgresql-42.7.5.jar:42.7.5]
	at org.postgresql.jdbc.PgStatement.executeInternal(PgStatement.java:517) ~[postgresql-42.7.5.jar:42.7.5]
	at org.postgresql.jdbc.PgStatement.execute(PgStatement.java:434) ~[postgresql-42.7.5.jar:42.7.5]
	at org.postgresql.jdbc.PgPreparedStatement.executeWithFlags(PgPreparedStatement.java:194) ~[postgresql-42.7.5.jar:42.7.5]
	at org.postgresql.jdbc.PgPreparedStatement.executeUpdate(PgPreparedStatement.java:155) ~[postgresql-42.7.5.jar:42.7.5]
	at com.zaxxer.hikari.pool.ProxyPreparedStatement.executeUpdate(ProxyPreparedStatement.java:61) ~[HikariCP-5.1.0.jar:na]
	at com.zaxxer.hikari.pool.HikariProxyPreparedStatement.executeUpdate(HikariProxyPreparedStatement.java) ~[HikariCP-5.1.0.jar:na]
	at org.hibernate.engine.jdbc.internal.ResultSetReturnImpl.executeUpdate(ResultSetReturnImpl.java:194) ~[hibernate-core-6.6.8.Final.jar:6.6.8.Final]
	at org.hibernate.engine.jdbc.mutation.internal.AbstractMutationExecutor.performNonBatchedMutation(AbstractMutationExecutor.java:134) ~[hibernate-core-6.6.8.Final.jar:6.6.8.Final]
	at org.hibernate.engine.jdbc.mutation.internal.MutationExecutorSingleNonBatched.performNonBatchedOperations(MutationExecutorSingleNonBatched.java:55) ~[hibernate-core-6.6.8.Final.jar:6.6.8.Final]
	at org.hibernate.engine.jdbc.mutation.internal.AbstractMutationExecutor.execute(AbstractMutationExecutor.java:55) ~[hibernate-core-6.6.8.Final.jar:6.6.8.Final]
	at org.hibernate.persister.entity.mutation.InsertCoordinatorStandard.doStaticInserts(InsertCoordinatorStandard.java:194) ~[hibernate-core-6.6.8.Final.jar:6.6.8.Final]
	at org.hibernate.persister.entity.mutation.InsertCoordinatorStandard.coordinateInsert(InsertCoordinatorStandard.java:132) ~[hibernate-core-6.6.8.Final.jar:6.6.8.Final]
	at org.hibernate.persister.entity.mutation.InsertCoordinatorStandard.insert(InsertCoordinatorStandard.java:104) ~[hibernate-core-6.6.8.Final.jar:6.6.8.Final]
	at org.hibernate.action.internal.EntityInsertAction.execute(EntityInsertAction.java:110) ~[hibernate-core-6.6.8.Final.jar:6.6.8.Final]
	at org.hibernate.engine.spi.ActionQueue.executeActions(ActionQueue.java:644) ~[hibernate-core-6.6.8.Final.jar:6.6.8.Final]
	at org.hibernate.engine.spi.ActionQueue.executeActions(ActionQueue.java:511) ~[hibernate-core-6.6.8.Final.jar:6.6.8.Final]
	at org.hibernate.event.internal.AbstractFlushingEventListener.performExecutions(AbstractFlushingEventListener.java:414) ~[hibernate-core-6.6.8.Final.jar:6.6.8.Final]
	at org.hibernate.event.internal.DefaultFlushEventListener.onFlush(DefaultFlushEventListener.java:41) ~[hibernate-core-6.6.8.Final.jar:6.6.8.Final]
	at org.hibernate.event.service.internal.EventListenerGroupImpl.fireEventOnEachListener(EventListenerGroupImpl.java:127) ~[hibernate-core-6.6.8.Final.jar:6.6.8.Final]
	at org.hibernate.internal.SessionImpl.doFlush(SessionImpl.java:1429) ~[hibernate-core-6.6.8.Final.jar:6.6.8.Final]
	at org.hibernate.internal.SessionImpl.managedFlush(SessionImpl.java:491) ~[hibernate-core-6.6.8.Final.jar:6.6.8.Final]
	at org.hibernate.internal.SessionImpl.flushBeforeTransactionCompletion(SessionImpl.java:2354) ~[hibernate-core-6.6.8.Final.jar:6.6.8.Final]
	at org.hibernate.internal.SessionImpl.beforeTransactionCompletion(SessionImpl.java:1978) ~[hibernate-core-6.6.8.Final.jar:6.6.8.Final]
	at org.hibernate.engine.jdbc.internal.JdbcCoordinatorImpl.beforeTransactionCompletion(JdbcCoordinatorImpl.java:439) ~[hibernate-core-6.6.8.Final.jar:6.6.8.Final]
	at org.hibernate.resource.transaction.backend.jdbc.internal.JdbcResourceLocalTransactionCoordinatorImpl.beforeCompletionCallback(JdbcResourceLocalTransactionCoordinatorImpl.java:169) ~[hibernate-core-6.6.8.Final.jar:6.6.8.Final]
	at org.hibernate.resource.transaction.backend.jdbc.internal.JdbcResourceLocalTransactionCoordinatorImpl$TransactionDriverControlImpl.commit(JdbcResourceLocalTransactionCoordinatorImpl.java:267) ~[hibernate-core-6.6.8.Final.jar:6.6.8.Final]
	at org.hibernate.engine.transaction.internal.TransactionImpl.commit(TransactionImpl.java:101) ~[hibernate-core-6.6.8.Final.jar:6.6.8.Final]
	at org.springframework.orm.jpa.JpaTransactionManager.doCommit(JpaTransactionManager.java:562) ~[spring-orm-6.2.3.jar:6.2.3]
	at org.springframework.transaction.support.AbstractPlatformTransactionManager.processCommit(AbstractPlatformTransactionManager.java:795) ~[spring-tx-6.2.3.jar:6.2.3]
	at org.springframework.transaction.support.AbstractPlatformTransactionManager.commit(AbstractPlatformTransactionManager.java:758) ~[spring-tx-6.2.3.jar:6.2.3]
	at org.springframework.transaction.interceptor.TransactionAspectSupport.commitTransactionAfterReturning(TransactionAspectSupport.java:698) ~[spring-tx-6.2.3.jar:6.2.3]
	at org.springframework.transaction.interceptor.TransactionAspectSupport.invokeWithinTransaction(TransactionAspectSupport.java:416) ~[spring-tx-6.2.3.jar:6.2.3]
	at org.springframework.transaction.interceptor.TransactionInterceptor.invoke(TransactionInterceptor.java:119) ~[spring-tx-6.2.3.jar:6.2.3]
	at org.springframework.aop.framework.ReflectiveMethodInvocation.proceed(ReflectiveMethodInvocation.java:184) ~[spring-aop-6.2.3.jar:6.2.3]
	at org.springframework.dao.support.PersistenceExceptionTranslationInterceptor.invoke(PersistenceExceptionTranslationInterceptor.java:138) ~[spring-tx-6.2.3.jar:6.2.3]
	at org.springframework.aop.framework.ReflectiveMethodInvocation.proceed(ReflectiveMethodInvocation.java:184) ~[spring-aop-6.2.3.jar:6.2.3]
	at org.springframework.data.jpa.repository.support.CrudMethodMetadataPostProcessor$CrudMethodMetadataPopulatingMethodInterceptor.invoke(CrudMethodMetadataPostProcessor.java:165) ~[spring-data-jpa-3.4.3.jar:3.4.3]
	at org.springframework.aop.framework.ReflectiveMethodInvocation.proceed(ReflectiveMethodInvocation.java:184) ~[spring-aop-6.2.3.jar:6.2.3]
	at org.springframework.aop.framework.JdkDynamicAopProxy.invoke(JdkDynamicAopProxy.java:223) ~[spring-aop-6.2.3.jar:6.2.3]
	at jdk.proxy4/jdk.proxy4.$Proxy131.save(Unknown Source) ~[na:na]
	at com.luiswiederhold.backend.flashcards.FlashcardService.storeFlashcard(FlashcardService.java:60) ~[main/:na]
	at java.base/jdk.internal.reflect.NativeMethodAccessorImpl.invoke0(Native Method) ~[na:na]
	at java.base/jdk.internal.reflect.NativeMethodAccessorImpl.invoke(NativeMethodAccessorImpl.java:77) ~[na:na]
	at java.base/jdk.internal.reflect.DelegatingMethodAccessorImpl.invoke(DelegatingMethodAccessorImpl.java:43) ~[na:na]
	at java.base/java.lang.reflect.Method.invoke(Method.java:568) ~[na:na]
	at org.springframework.aop.support.AopUtils.invokeJoinpointUsingReflection(AopUtils.java:359) ~[spring-aop-6.2.3.jar:6.2.3]
	at org.springframework.aop.framework.CglibAopProxy$DynamicAdvisedInterceptor.intercept(CglibAopProxy.java:723) ~[spring-aop-6.2.3.jar:6.2.3]
	at com.luiswiederhold.backend.flashcards.FlashcardService$$SpringCGLIB$$0.storeFlashcard(<generated>) ~[main/:na]
	at com.luiswiederhold.backend.flashcards.FlashCardController.createNewFlashcard(FlashCardController.java:102) ~[main/:na]
	at java.base/jdk.internal.reflect.NativeMethodAccessorImpl.invoke0(Native Method) ~[na:na]
	at java.base/jdk.internal.reflect.NativeMethodAccessorImpl.invoke(NativeMethodAccessorImpl.java:77) ~[na:na]
	at java.base/jdk.internal.reflect.DelegatingMethodAccessorImpl.invoke(DelegatingMethodAccessorImpl.java:43) ~[na:na]
	at java.base/java.lang.reflect.Method.invoke(Method.java:568) ~[na:na]
	at org.springframework.web.method.support.InvocableHandlerMethod.doInvoke(InvocableHandlerMethod.java:257) ~[spring-web-6.2.3.jar:6.2.3]
	at org.springframework.web.method.support.InvocableHandlerMethod.invokeForRequest(InvocableHandlerMethod.java:190) ~[spring-web-6.2.3.jar:6.2.3]
	at org.springframework.web.servlet.mvc.method.annotation.ServletInvocableHandlerMethod.invokeAndHandle(ServletInvocableHandlerMethod.java:118) ~[spring-webmvc-6.2.3.jar:6.2.3]
	at org.springframework.web.servlet.mvc.method.annotation.RequestMappingHandlerAdapter.invokeHandlerMethod(RequestMappingHandlerAdapter.java:986) ~[spring-webmvc-6.2.3.jar:6.2.3]
	at org.springframework.web.servlet.mvc.method.annotation.RequestMappingHandlerAdapter.handleInternal(RequestMappingHandlerAdapter.java:891) ~[spring-webmvc-6.2.3.jar:6.2.3]
	at org.springframework.web.servlet.mvc.method.AbstractHandlerMethodAdapter.handle(AbstractHandlerMethodAdapter.java:87) ~[spring-webmvc-6.2.3.jar:6.2.3]
	at org.springframework.web.servlet.DispatcherServlet.doDispatch(DispatcherServlet.java:1088) ~[spring-webmvc-6.2.3.jar:6.2.3]
	at org.springframework.web.servlet.DispatcherServlet.doService(DispatcherServlet.java:978) ~[spring-webmvc-6.2.3.jar:6.2.3]
	at org.springframework.web.servlet.FrameworkServlet.processRequest(FrameworkServlet.java:1014) ~[spring-webmvc-6.2.3.jar:6.2.3]
	at org.springframework.web.servlet.FrameworkServlet.doPost(FrameworkServlet.java:914) ~[spring-webmvc-6.2.3.jar:6.2.3]
	at jakarta.servlet.http.HttpServlet.service(HttpServlet.java:590) ~[tomcat-embed-core-10.1.36.jar:6.0]
	at org.springframework.web.servlet.FrameworkServlet.service(FrameworkServlet.java:885) ~[spring-webmvc-6.2.3.jar:6.2.3]
	at jakarta.servlet.http.HttpServlet.service(HttpServlet.java:658) ~[tomcat-embed-core-10.1.36.jar:6.0]
	at org.apache.catalina.core.ApplicationFilterChain.internalDoFilter(ApplicationFilterChain.java:195) ~[tomcat-embed-core-10.1.36.jar:10.1.36]
	at org.apache.catalina.core.ApplicationFilterChain.doFilter(ApplicationFilterChain.java:140) ~[tomcat-embed-core-10.1.36.jar:10.1.36]
	at org.apache.tomcat.websocket.server.WsFilter.doFilter(WsFilter.java:51) ~[tomcat-embed-websocket-10.1.36.jar:10.1.36]
	at org.apache.catalina.core.ApplicationFilterChain.internalDoFilter(ApplicationFilterChain.java:164) ~[tomcat-embed-core-10.1.36.jar:10.1.36]
	at org.apache.catalina.core.ApplicationFilterChain.doFilter(ApplicationFilterChain.java:140) ~[tomcat-embed-core-10.1.36.jar:10.1.36]
	at org.springframework.web.filter.CompositeFilter$VirtualFilterChain.doFilter(CompositeFilter.java:108) ~[spring-web-6.2.3.jar:6.2.3]
	at org.springframework.security.web.FilterChainProxy.lambda$doFilterInternal$3(FilterChainProxy.java:231) ~[spring-security-web-6.4.3.jar:6.4.3]
	at org.springframework.security.web.FilterChainProxy$VirtualFilterChain.doFilter(FilterChainProxy.java:365) ~[spring-security-web-6.4.3.jar:6.4.3]
	at org.springframework.security.web.access.ExceptionTranslationFilter.doFilter(ExceptionTranslationFilter.java:126) ~[spring-security-web-6.4.3.jar:6.4.3]
	at org.springframework.security.web.access.ExceptionTranslationFilter.doFilter(ExceptionTranslationFilter.java:120) ~[spring-security-web-6.4.3.jar:6.4.3]
	at org.springframework.security.web.FilterChainProxy$VirtualFilterChain.doFilter(FilterChainProxy.java:374) ~[spring-security-web-6.4.3.jar:6.4.3]
	at org.springframework.security.web.authentication.AnonymousAuthenticationFilter.doFilter(AnonymousAuthenticationFilter.java:100) ~[spring-security-web-6.4.3.jar:6.4.3]
	at org.springframework.security.web.FilterChainProxy$VirtualFilterChain.doFilter(FilterChainProxy.java:374) ~[spring-security-web-6.4.3.jar:6.4.3]
	at org.springframework.security.web.authentication.rememberme.RememberMeAuthenticationFilter.doFilter(RememberMeAuthenticationFilter.java:114) ~[spring-security-web-6.4.3.jar:6.4.3]
	at org.springframework.security.web.authentication.rememberme.RememberMeAuthenticationFilter.doFilter(RememberMeAuthenticationFilter.java:105) ~[spring-security-web-6.4.3.jar:6.4.3]
	at org.springframework.security.web.FilterChainProxy$VirtualFilterChain.doFilter(FilterChainProxy.java:374) ~[spring-security-web-6.4.3.jar:6.4.3]
	at org.springframework.security.web.servletapi.SecurityContextHolderAwareRequestFilter.doFilter(SecurityContextHolderAwareRequestFilter.java:179) ~[spring-security-web-6.4.3.jar:6.4.3]
	at org.springframework.security.web.FilterChainProxy$VirtualFilterChain.doFilter(FilterChainProxy.java:374) ~[spring-security-web-6.4.3.jar:6.4.3]
	at org.springframework.security.web.savedrequest.RequestCacheAwareFilter.doFilter(RequestCacheAwareFilter.java:63) ~[spring-security-web-6.4.3.jar:6.4.3]
	at org.springframework.security.web.FilterChainProxy$VirtualFilterChain.doFilter(FilterChainProxy.java:374) ~[spring-security-web-6.4.3.jar:6.4.3]
	at org.springframework.security.web.authentication.www.BasicAuthenticationFilter.doFilterInternal(BasicAuthenticationFilter.java:213) ~[spring-security-web-6.4.3.jar:6.4.3]
	at org.springframework.web.filter.OncePerRequestFilter.doFilter(OncePerRequestFilter.java:116) ~[spring-web-6.2.3.jar:6.2.3]
	at org.springframework.security.web.FilterChainProxy$VirtualFilterChain.doFilter(FilterChainProxy.java:374) ~[spring-security-web-6.4.3.jar:6.4.3]
	at org.springframework.security.web.authentication.ui.DefaultLogoutPageGeneratingFilter.doFilterInternal(DefaultLogoutPageGeneratingFilter.java:58) ~[spring-security-web-6.4.3.jar:6.4.3]
	at org.springframework.web.filter.OncePerRequestFilter.doFilter(OncePerRequestFilter.java:116) ~[spring-web-6.2.3.jar:6.2.3]
	at org.springframework.security.web.FilterChainProxy$VirtualFilterChain.doFilter(FilterChainProxy.java:374) ~[spring-security-web-6.4.3.jar:6.4.3]
	at org.springframework.security.web.authentication.ui.DefaultLoginPageGeneratingFilter.doFilter(DefaultLoginPageGeneratingFilter.java:220) ~[spring-security-web-6.4.3.jar:6.4.3]
	at org.springframework.security.web.authentication.ui.DefaultLoginPageGeneratingFilter.doFilter(DefaultLoginPageGeneratingFilter.java:206) ~[spring-security-web-6.4.3.jar:6.4.3]
	at org.springframework.security.web.FilterChainProxy$VirtualFilterChain.doFilter(FilterChainProxy.java:374) ~[spring-security-web-6.4.3.jar:6.4.3]
	at org.springframework.security.web.authentication.ui.DefaultResourcesFilter.doFilter(DefaultResourcesFilter.java:72) ~[spring-security-web-6.4.3.jar:6.4.3]
	at org.springframework.security.web.FilterChainProxy$VirtualFilterChain.doFilter(FilterChainProxy.java:374) ~[spring-security-web-6.4.3.jar:6.4.3]
	at org.springframework.security.web.authentication.AbstractAuthenticationProcessingFilter.doFilter(AbstractAuthenticationProcessingFilter.java:227) ~[spring-security-web-6.4.3.jar:6.4.3]
	at org.springframework.security.web.authentication.AbstractAuthenticationProcessingFilter.doFilter(AbstractAuthenticationProcessingFilter.java:221) ~[spring-security-web-6.4.3.jar:6.4.3]
	at org.springframework.security.web.FilterChainProxy$VirtualFilterChain.doFilter(FilterChainProxy.java:374) ~[spring-security-web-6.4.3.jar:6.4.3]
	at org.springframework.security.web.authentication.logout.LogoutFilter.doFilter(LogoutFilter.java:107) ~[spring-security-web-6.4.3.jar:6.4.3]
	at org.springframework.security.web.authentication.logout.LogoutFilter.doFilter(LogoutFilter.java:93) ~[spring-security-web-6.4.3.jar:6.4.3]
	at org.springframework.security.web.FilterChainProxy$VirtualFilterChain.doFilter(FilterChainProxy.java:374) ~[spring-security-web-6.4.3.jar:6.4.3]
	at org.springframework.security.web.header.HeaderWriterFilter.doHeadersAfter(HeaderWriterFilter.java:90) ~[spring-security-web-6.4.3.jar:6.4.3]
	at org.springframework.security.web.header.HeaderWriterFilter.doFilterInternal(HeaderWriterFilter.java:75) ~[spring-security-web-6.4.3.jar:6.4.3]
	at org.springframework.web.filter.OncePerRequestFilter.doFilter(OncePerRequestFilter.java:116) ~[spring-web-6.2.3.jar:6.2.3]
	at org.springframework.security.web.FilterChainProxy$VirtualFilterChain.doFilter(FilterChainProxy.java:374) ~[spring-security-web-6.4.3.jar:6.4.3]
	at org.springframework.security.web.context.SecurityContextHolderFilter.doFilter(SecurityContextHolderFilter.java:82) ~[spring-security-web-6.4.3.jar:6.4.3]
	at org.springframework.security.web.context.SecurityContextHolderFilter.doFilter(SecurityContextHolderFilter.java:69) ~[spring-security-web-6.4.3.jar:6.4.3]
	at org.springframework.security.web.FilterChainProxy$VirtualFilterChain.doFilter(FilterChainProxy.java:374) ~[spring-security-web-6.4.3.jar:6.4.3]
	at org.springframework.security.web.context.request.async.WebAsyncManagerIntegrationFilter.doFilterInternal(WebAsyncManagerIntegrationFilter.java:62) ~[spring-security-web-6.4.3.jar:6.4.3]
	at org.springframework.web.filter.OncePerRequestFilter.doFilter(OncePerRequestFilter.java:116) ~[spring-web-6.2.3.jar:6.2.3]
	at org.springframework.security.web.FilterChainProxy$VirtualFilterChain.doFilter(FilterChainProxy.java:374) ~[spring-security-web-6.4.3.jar:6.4.3]
	at org.springframework.security.web.session.DisableEncodeUrlFilter.doFilterInternal(DisableEncodeUrlFilter.java:42) ~[spring-security-web-6.4.3.jar:6.4.3]
	at org.springframework.web.filter.OncePerRequestFilter.doFilter(OncePerRequestFilter.java:116) ~[spring-web-6.2.3.jar:6.2.3]
	at org.springframework.security.web.FilterChainProxy$VirtualFilterChain.doFilter(FilterChainProxy.java:374) ~[spring-security-web-6.4.3.jar:6.4.3]
	at org.springframework.security.web.FilterChainProxy.doFilterInternal(FilterChainProxy.java:233) ~[spring-security-web-6.4.3.jar:6.4.3]
	at org.springframework.security.web.FilterChainProxy.doFilter(FilterChainProxy.java:191) ~[spring-security-web-6.4.3.jar:6.4.3]
	at org.springframework.web.filter.CompositeFilter$VirtualFilterChain.doFilter(CompositeFilter.java:113) ~[spring-web-6.2.3.jar:6.2.3]
	at org.springframework.web.servlet.handler.HandlerMappingIntrospector.lambda$createCacheFilter$3(HandlerMappingIntrospector.java:243) ~[spring-webmvc-6.2.3.jar:6.2.3]
	at org.springframework.web.filter.CompositeFilter$VirtualFilterChain.doFilter(CompositeFilter.java:113) ~[spring-web-6.2.3.jar:6.2.3]
	at org.springframework.web.filter.CompositeFilter.doFilter(CompositeFilter.java:74) ~[spring-web-6.2.3.jar:6.2.3]
	at org.springframework.security.config.annotation.web.configuration.WebMvcSecurityConfiguration$CompositeFilterChainProxy.doFilter(WebMvcSecurityConfiguration.java:238) ~[spring-security-config-6.4.3.jar:6.4.3]
	at org.springframework.web.filter.DelegatingFilterProxy.invokeDelegate(DelegatingFilterProxy.java:362) ~[spring-web-6.2.3.jar:6.2.3]
	at org.springframework.web.filter.DelegatingFilterProxy.doFilter(DelegatingFilterProxy.java:278) ~[spring-web-6.2.3.jar:6.2.3]
	at org.apache.catalina.core.ApplicationFilterChain.internalDoFilter(ApplicationFilterChain.java:164) ~[tomcat-embed-core-10.1.36.jar:10.1.36]
	at org.apache.catalina.core.ApplicationFilterChain.doFilter(ApplicationFilterChain.java:140) ~[tomcat-embed-core-10.1.36.jar:10.1.36]
	at org.springframework.web.filter.RequestContextFilter.doFilterInternal(RequestContextFilter.java:100) ~[spring-web-6.2.3.jar:6.2.3]
	at org.springframework.web.filter.OncePerRequestFilter.doFilter(OncePerRequestFilter.java:116) ~[spring-web-6.2.3.jar:6.2.3]
	at org.apache.catalina.core.ApplicationFilterChain.internalDoFilter(ApplicationFilterChain.java:164) ~[tomcat-embed-core-10.1.36.jar:10.1.36]
	at org.apache.catalina.core.ApplicationFilterChain.doFilter(ApplicationFilterChain.java:140) ~[tomcat-embed-core-10.1.36.jar:10.1.36]
	at org.springframework.web.filter.FormContentFilter.doFilterInternal(FormContentFilter.java:93) ~[spring-web-6.2.3.jar:6.2.3]
	at org.springframework.web.filter.OncePerRequestFilter.doFilter(OncePerRequestFilter.java:116) ~[spring-web-6.2.3.jar:6.2.3]
	at org.apache.catalina.core.ApplicationFilterChain.internalDoFilter(ApplicationFilterChain.java:164) ~[tomcat-embed-core-10.1.36.jar:10.1.36]
	at org.apache.catalina.core.ApplicationFilterChain.doFilter(ApplicationFilterChain.java:140) ~[tomcat-embed-core-10.1.36.jar:10.1.36]
	at org.springframework.web.filter.CharacterEncodingFilter.doFilterInternal(CharacterEncodingFilter.java:201) ~[spring-web-6.2.3.jar:6.2.3]
	at org.springframework.web.filter.OncePerRequestFilter.doFilter(OncePerRequestFilter.java:116) ~[spring-web-6.2.3.jar:6.2.3]
	at org.apache.catalina.core.ApplicationFilterChain.internalDoFilter(ApplicationFilterChain.java:164) ~[tomcat-embed-core-10.1.36.jar:10.1.36]
	at org.apache.catalina.core.ApplicationFilterChain.doFilter(ApplicationFilterChain.java:140) ~[tomcat-embed-core-10.1.36.jar:10.1.36]
	at org.apache.catalina.core.StandardWrapperValve.invoke(StandardWrapperValve.java:167) ~[tomcat-embed-core-10.1.36.jar:10.1.36]
	at org.apache.catalina.core.StandardContextValve.invoke(StandardContextValve.java:90) ~[tomcat-embed-core-10.1.36.jar:10.1.36]
	at org.apache.catalina.authenticator.AuthenticatorBase.invoke(AuthenticatorBase.java:483) ~[tomcat-embed-core-10.1.36.jar:10.1.36]
	at org.apache.catalina.core.StandardHostValve.invoke(StandardHostValve.java:115) ~[tomcat-embed-core-10.1.36.jar:10.1.36]
	at org.apache.catalina.valves.ErrorReportValve.invoke(ErrorReportValve.java:93) ~[tomcat-embed-core-10.1.36.jar:10.1.36]
	at org.apache.catalina.core.StandardEngineValve.invoke(StandardEngineValve.java:74) ~[tomcat-embed-core-10.1.36.jar:10.1.36]
	at org.apache.catalina.connector.CoyoteAdapter.service(CoyoteAdapter.java:344) ~[tomcat-embed-core-10.1.36.jar:10.1.36]
	at org.apache.coyote.http11.Http11Processor.service(Http11Processor.java:397) ~[tomcat-embed-core-10.1.36.jar:10.1.36]
	at org.apache.coyote.AbstractProcessorLight.process(AbstractProcessorLight.java:63) ~[tomcat-embed-core-10.1.36.jar:10.1.36]
	at org.apache.coyote.AbstractProtocol$ConnectionHandler.process(AbstractProtocol.java:905) ~[tomcat-embed-core-10.1.36.jar:10.1.36]
	at org.apache.tomcat.util.net.NioEndpoint$SocketProcessor.doRun(NioEndpoint.java:1743) ~[tomcat-embed-core-10.1.36.jar:10.1.36]
	at org.apache.tomcat.util.net.SocketProcessorBase.run(SocketProcessorBase.java:52) ~[tomcat-embed-core-10.1.36.jar:10.1.36]
	at org.apache.tomcat.util.threads.ThreadPoolExecutor.runWorker(ThreadPoolExecutor.java:1190) ~[tomcat-embed-core-10.1.36.jar:10.1.36]
	at org.apache.tomcat.util.threads.ThreadPoolExecutor$Worker.run(ThreadPoolExecutor.java:659) ~[tomcat-embed-core-10.1.36.jar:10.1.36]
	at org.apache.tomcat.util.threads.TaskThread$WrappingRunnable.run(TaskThread.java:63) ~[tomcat-embed-core-10.1.36.jar:10.1.36]
	at java.base/java.lang.Thread.run(Thread.java:842) ~[na:na]

2025-07-06T16:28:49.258+02:00 TRACE 8340 --- [backend] [http-nio-8080-exec-1] o.s.security.web.FilterChainProxy        : Trying to match request against DefaultSecurityFilterChain defined as 'filterChain' in [class path resource [com/luiswiederhold/backend/security/SecurityConfig.class]] matching [any request] and having filters [DisableEncodeUrl, WebAsyncManagerIntegration, SecurityContextHolder, HeaderWriter, Logout, UsernamePasswordAuthentication, DefaultResources, DefaultLoginPageGenerating, DefaultLogoutPageGenerating, BasicAuthentication, RequestCacheAware, SecurityContextHolderAwareRequest, RememberMeAuthentication, AnonymousAuthentication, ExceptionTranslation] (1/1)
2025-07-06T16:28:49.258+02:00 DEBUG 8340 --- [backend] [http-nio-8080-exec-1] o.s.security.web.FilterChainProxy        : Securing POST /error
2025-07-06T16:28:49.258+02:00 TRACE 8340 --- [backend] [http-nio-8080-exec-1] o.s.security.web.FilterChainProxy        : Invoking DisableEncodeUrlFilter (1/15)
2025-07-06T16:28:49.258+02:00 TRACE 8340 --- [backend] [http-nio-8080-exec-1] o.s.security.web.FilterChainProxy        : Invoking WebAsyncManagerIntegrationFilter (2/15)
2025-07-06T16:28:49.258+02:00 TRACE 8340 --- [backend] [http-nio-8080-exec-1] o.s.security.web.FilterChainProxy        : Invoking SecurityContextHolderFilter (3/15)
2025-07-06T16:28:49.259+02:00 TRACE 8340 --- [backend] [http-nio-8080-exec-1] o.s.security.web.FilterChainProxy        : Invoking HeaderWriterFilter (4/15)
2025-07-06T16:28:49.259+02:00 TRACE 8340 --- [backend] [http-nio-8080-exec-1] o.s.security.web.FilterChainProxy        : Invoking LogoutFilter (5/15)
2025-07-06T16:28:49.259+02:00 TRACE 8340 --- [backend] [http-nio-8080-exec-1] o.s.s.w.a.logout.LogoutFilter            : Did not match request to Or [Ant [pattern='/logout', GET], Ant [pattern='/logout', POST], Ant [pattern='/logout', PUT], Ant [pattern='/logout', DELETE]]
2025-07-06T16:28:49.259+02:00 TRACE 8340 --- [backend] [http-nio-8080-exec-1] o.s.security.web.FilterChainProxy        : Invoking UsernamePasswordAuthenticationFilter (6/15)
2025-07-06T16:28:49.259+02:00 TRACE 8340 --- [backend] [http-nio-8080-exec-1] w.a.UsernamePasswordAuthenticationFilter : Did not match request to Ant [pattern='/login', POST]
2025-07-06T16:28:49.259+02:00 TRACE 8340 --- [backend] [http-nio-8080-exec-1] o.s.security.web.FilterChainProxy        : Invoking DefaultResourcesFilter (7/15)
2025-07-06T16:28:49.259+02:00 TRACE 8340 --- [backend] [http-nio-8080-exec-1] o.s.security.web.FilterChainProxy        : Invoking DefaultLoginPageGeneratingFilter (8/15)
2025-07-06T16:28:49.259+02:00 TRACE 8340 --- [backend] [http-nio-8080-exec-1] o.s.security.web.FilterChainProxy        : Invoking DefaultLogoutPageGeneratingFilter (9/15)
2025-07-06T16:28:49.259+02:00 TRACE 8340 --- [backend] [http-nio-8080-exec-1] o.s.security.web.FilterChainProxy        : Invoking BasicAuthenticationFilter (10/15)
2025-07-06T16:28:49.259+02:00 TRACE 8340 --- [backend] [http-nio-8080-exec-1] o.s.security.web.FilterChainProxy        : Invoking RequestCacheAwareFilter (11/15)
2025-07-06T16:28:49.259+02:00 TRACE 8340 --- [backend] [http-nio-8080-exec-1] o.s.s.w.s.HttpSessionRequestCache        : matchingRequestParameterName is required for getMatchingRequest to lookup a value, but not provided
2025-07-06T16:28:49.259+02:00 TRACE 8340 --- [backend] [http-nio-8080-exec-1] o.s.security.web.FilterChainProxy        : Invoking SecurityContextHolderAwareRequestFilter (12/15)
2025-07-06T16:28:49.259+02:00 TRACE 8340 --- [backend] [http-nio-8080-exec-1] o.s.security.web.FilterChainProxy        : Invoking RememberMeAuthenticationFilter (13/15)
2025-07-06T16:28:49.259+02:00 TRACE 8340 --- [backend] [http-nio-8080-exec-1] w.c.HttpSessionSecurityContextRepository : No HttpSession currently exists
2025-07-06T16:28:49.259+02:00 TRACE 8340 --- [backend] [http-nio-8080-exec-1] .s.s.w.c.SupplierDeferredSecurityContext : Created SecurityContextImpl [Null authentication]
2025-07-06T16:28:49.259+02:00 DEBUG 8340 --- [backend] [http-nio-8080-exec-1] s.s.w.a.r.RememberMeAuthenticationFilter : SecurityContextHolder not populated with remember-me token, as it already contained: 'UsernamePasswordAuthenticationToken [Principal=org.springframework.security.core.userdetails.User [Username=wiederhold.luis@gmx.de, Password=[PROTECTED], Enabled=true, AccountNonExpired=true, CredentialsNonExpired=true, AccountNonLocked=true, Granted Authorities=[]], Credentials=[PROTECTED], Authenticated=true, Details=WebAuthenticationDetails [RemoteIpAddress=0:0:0:0:0:0:0:1, SessionId=null], Granted Authorities=[]]'
2025-07-06T16:28:49.259+02:00 TRACE 8340 --- [backend] [http-nio-8080-exec-1] o.s.security.web.FilterChainProxy        : Invoking AnonymousAuthenticationFilter (14/15)
2025-07-06T16:28:49.259+02:00 TRACE 8340 --- [backend] [http-nio-8080-exec-1] o.s.security.web.FilterChainProxy        : Invoking ExceptionTranslationFilter (15/15)
2025-07-06T16:28:49.260+02:00 DEBUG 8340 --- [backend] [http-nio-8080-exec-1] o.s.security.web.FilterChainProxy        : Secured POST /error
2025-07-06T16:28:49.283+02:00 TRACE 8340 --- [backend] [http-nio-8080-exec-1] o.s.s.w.a.AnonymousAuthenticationFilter  : Did not set SecurityContextHolder since already authenticated UsernamePasswordAuthenticationToken [Principal=org.springframework.security.core.userdetails.User [Username=wiederhold.luis@gmx.de, Password=[PROTECTED], Enabled=true, AccountNonExpired=true, CredentialsNonExpired=true, AccountNonLocked=true, Granted Authorities=[]], Credentials=[PROTECTED], Authenticated=true, Details=WebAuthenticationDetails [RemoteIpAddress=0:0:0:0:0:0:0:1, SessionId=null], Granted Authorities=[]]
2025-07-06T16:29:59.302+02:00  INFO 8340 --- [backend] [File Watcher] rtingClassPathChangeChangedEventListener : Restarting due to 15 class path changes (2 additions, 0 deletions, 13 modifications)
2025-07-06T16:29:59.305+02:00  INFO 8340 --- [backend] [Thread-5] o.s.b.w.e.tomcat.GracefulShutdown        : Commencing graceful shutdown. Waiting for active requests to complete
2025-07-06T16:29:59.320+02:00  INFO 8340 --- [backend] [tomcat-shutdown] o.s.b.w.e.tomcat.GracefulShutdown        : Graceful shutdown complete
2025-07-06T16:29:59.322+02:00  INFO 8340 --- [backend] [Thread-5] j.LocalContainerEntityManagerFactoryBean : Closing JPA EntityManagerFactory for persistence unit 'default'
2025-07-06T16:29:59.324+02:00  INFO 8340 --- [backend] [Thread-5] com.zaxxer.hikari.HikariDataSource       : HikariPool-1 - Shutdown initiated...
2025-07-06T16:29:59.326+02:00  INFO 8340 --- [backend] [Thread-5] com.zaxxer.hikari.HikariDataSource       : HikariPool-1 - Shutdown completed.
2025-07-06T16:29:59.356+02:00  INFO 8340 --- [backend] [restartedMain] c.l.backend.BackendApplication           : Started Application
2025-07-06T16:29:59.380+02:00  INFO 8340 --- [backend] [restartedMain] c.l.backend.BackendApplication           : Starting BackendApplication using Java 17.0.9 with PID 8340 (C:\Users\Admin\Desktop\Mathematik Studium\1. Semester\Informatik\Hausaufgaben\stemcards\backend\build\classes\java\main started by Admin in C:\Users\Admin\Desktop\Mathematik Studium\1. Semester\Informatik\Hausaufgaben\stemcards\backend)
2025-07-06T16:29:59.380+02:00  INFO 8340 --- [backend] [restartedMain] c.l.backend.BackendApplication           : The following 1 profile is active: "prod"
2025-07-06T16:29:59.540+02:00  INFO 8340 --- [backend] [restartedMain] .s.d.r.c.RepositoryConfigurationDelegate : Bootstrapping Spring Data JPA repositories in DEFAULT mode.
2025-07-06T16:29:59.549+02:00  INFO 8340 --- [backend] [restartedMain] .s.d.r.c.RepositoryConfigurationDelegate : Finished Spring Data repository scanning in 8 ms. Found 2 JPA repository interfaces.
2025-07-06T16:29:59.620+02:00  INFO 8340 --- [backend] [restartedMain] o.s.b.w.embedded.tomcat.TomcatWebServer  : Tomcat initialized with port 8080 (http)
2025-07-06T16:29:59.621+02:00  INFO 8340 --- [backend] [restartedMain] o.apache.catalina.core.StandardService   : Starting service [Tomcat]
2025-07-06T16:29:59.621+02:00  INFO 8340 --- [backend] [restartedMain] o.apache.catalina.core.StandardEngine    : Starting Servlet engine: [Apache Tomcat/10.1.36]
2025-07-06T16:29:59.639+02:00  INFO 8340 --- [backend] [restartedMain] o.a.c.c.C.[Tomcat].[localhost].[/]       : Initializing Spring embedded WebApplicationContext
2025-07-06T16:29:59.639+02:00  INFO 8340 --- [backend] [restartedMain] w.s.c.ServletWebServerApplicationContext : Root WebApplicationContext: initialization completed in 257 ms
2025-07-06T16:29:59.661+02:00  INFO 8340 --- [backend] [restartedMain] o.hibernate.jpa.internal.util.LogHelper  : HHH000204: Processing PersistenceUnitInfo [name: default]
2025-07-06T16:29:59.664+02:00  INFO 8340 --- [backend] [restartedMain] o.h.c.internal.RegionFactoryInitiator    : HHH000026: Second-level cache disabled
2025-07-06T16:29:59.673+02:00  INFO 8340 --- [backend] [restartedMain] o.s.o.j.p.SpringPersistenceUnitInfo      : No LoadTimeWeaver setup: ignoring JPA class transformer
2025-07-06T16:29:59.674+02:00  INFO 8340 --- [backend] [restartedMain] com.zaxxer.hikari.HikariDataSource       : HikariPool-2 - Starting...
2025-07-06T16:29:59.705+02:00  INFO 8340 --- [backend] [restartedMain] com.zaxxer.hikari.pool.HikariPool        : HikariPool-2 - Added connection org.postgresql.jdbc.PgConnection@3e1bb9a2
2025-07-06T16:29:59.705+02:00  INFO 8340 --- [backend] [restartedMain] com.zaxxer.hikari.HikariDataSource       : HikariPool-2 - Start completed.
2025-07-06T16:29:59.710+02:00  WARN 8340 --- [backend] [restartedMain] org.hibernate.orm.deprecation            : HHH90000025: PostgreSQLDialect does not need to be specified explicitly using 'hibernate.dialect' (remove the property setting and it will be selected by default)
2025-07-06T16:29:59.711+02:00  INFO 8340 --- [backend] [restartedMain] org.hibernate.orm.connections.pooling    : HHH10001005: Database info:
	Database JDBC URL [Connecting through datasource 'HikariDataSource (HikariPool-2)']
	Database driver: undefined/unknown
	Database version: 17.5
	Autocommit mode: undefined/unknown
	Isolation level: undefined/unknown
	Minimum pool size: undefined/unknown
	Maximum pool size: undefined/unknown
2025-07-06T16:29:59.756+02:00  INFO 8340 --- [backend] [restartedMain] o.h.e.t.j.p.i.JtaPlatformInitiator       : HHH000489: No JTA platform available (set 'hibernate.transaction.jta.platform' to enable JTA platform integration)
2025-07-06T16:29:59.765+02:00  INFO 8340 --- [backend] [restartedMain] j.LocalContainerEntityManagerFactoryBean : Initialized JPA EntityManagerFactory for persistence unit 'default'
2025-07-06T16:29:59.827+02:00  WARN 8340 --- [backend] [restartedMain] JpaBaseConfiguration$JpaWebConfiguration : spring.jpa.open-in-view is enabled by default. Therefore, database queries may be performed during view rendering. Explicitly configure spring.jpa.open-in-view to disable this warning
2025-07-06T16:29:59.831+02:00 TRACE 8340 --- [backend] [restartedMain] eGlobalAuthenticationAutowiredConfigurer : Eagerly initializing {securityConfig=com.luiswiederhold.backend.security.SecurityConfig$$SpringCGLIB$$0@35e3ff3d}
2025-07-06T16:29:59.831+02:00  INFO 8340 --- [backend] [restartedMain] eAuthenticationProviderManagerConfigurer : Found 2 AuthenticationProvider beans, with names [rememberMeAuthenticationProvider, daoAuthenticationProvider]. Global Authentication Manager will not be configured with AuthenticationProviders. Consider publishing a single AuthenticationProvider bean, or wiring your Providers directly using the DSL.
2025-07-06T16:29:59.831+02:00  INFO 8340 --- [backend] [restartedMain] r$InitializeUserDetailsManagerConfigurer : Global AuthenticationManager configured with UserDetailsService bean with name customUserDetailsService
2025-07-06T16:29:59.875+02:00 DEBUG 8340 --- [backend] [restartedMain] o.s.s.web.DefaultSecurityFilterChain     : Will secure any request with filters: DisableEncodeUrlFilter, WebAsyncManagerIntegrationFilter, SecurityContextHolderFilter, HeaderWriterFilter, LogoutFilter, UsernamePasswordAuthenticationFilter, DefaultResourcesFilter, DefaultLoginPageGeneratingFilter, DefaultLogoutPageGeneratingFilter, BasicAuthenticationFilter, RequestCacheAwareFilter, SecurityContextHolderAwareRequestFilter, RememberMeAuthenticationFilter, AnonymousAuthenticationFilter, ExceptionTranslationFilter
2025-07-06T16:29:59.908+02:00  INFO 8340 --- [backend] [restartedMain] o.s.b.d.a.OptionalLiveReloadServer       : LiveReload server is running on port 35729
2025-07-06T16:29:59.916+02:00  INFO 8340 --- [backend] [restartedMain] o.s.b.w.embedded.tomcat.TomcatWebServer  : Tomcat started on port 8080 (http) with context path '/'
2025-07-06T16:29:59.919+02:00  INFO 8340 --- [backend] [restartedMain] c.l.backend.BackendApplication           : Started BackendApplication in 0.56 seconds (process running for 88.929)
2025-07-06T16:29:59.920+02:00  INFO 8340 --- [backend] [restartedMain] .ConditionEvaluationDeltaLoggingListener : Condition evaluation unchanged
2025-07-06T16:35:37.798+02:00  INFO 8340 --- [backend] [File Watcher] rtingClassPathChangeChangedEventListener : Restarting due to 2 class path changes (0 additions, 0 deletions, 2 modifications)
2025-07-06T16:35:37.799+02:00  INFO 8340 --- [backend] [Thread-7] o.s.b.w.e.tomcat.GracefulShutdown        : Commencing graceful shutdown. Waiting for active requests to complete
2025-07-06T16:35:37.814+02:00  INFO 8340 --- [backend] [tomcat-shutdown] o.s.b.w.e.tomcat.GracefulShutdown        : Graceful shutdown complete
2025-07-06T16:35:37.816+02:00  INFO 8340 --- [backend] [Thread-7] j.LocalContainerEntityManagerFactoryBean : Closing JPA EntityManagerFactory for persistence unit 'default'
2025-07-06T16:35:37.816+02:00  INFO 8340 --- [backend] [Thread-7] com.zaxxer.hikari.HikariDataSource       : HikariPool-2 - Shutdown initiated...
2025-07-06T16:35:37.817+02:00  INFO 8340 --- [backend] [Thread-7] com.zaxxer.hikari.HikariDataSource       : HikariPool-2 - Shutdown completed.
2025-07-06T16:35:37.846+02:00  INFO 8340 --- [backend] [restartedMain] c.l.backend.BackendApplication           : Started Application
2025-07-06T16:35:37.869+02:00  INFO 8340 --- [backend] [restartedMain] c.l.backend.BackendApplication           : Starting BackendApplication using Java 17.0.9 with PID 8340 (C:\Users\Admin\Desktop\Mathematik Studium\1. Semester\Informatik\Hausaufgaben\stemcards\backend\build\classes\java\main started by Admin in C:\Users\Admin\Desktop\Mathematik Studium\1. Semester\Informatik\Hausaufgaben\stemcards\backend)
2025-07-06T16:35:37.869+02:00  INFO 8340 --- [backend] [restartedMain] c.l.backend.BackendApplication           : The following 1 profile is active: "prod"
2025-07-06T16:35:38.020+02:00  INFO 8340 --- [backend] [restartedMain] .s.d.r.c.RepositoryConfigurationDelegate : Bootstrapping Spring Data JPA repositories in DEFAULT mode.
2025-07-06T16:35:38.028+02:00  INFO 8340 --- [backend] [restartedMain] .s.d.r.c.RepositoryConfigurationDelegate : Finished Spring Data repository scanning in 7 ms. Found 2 JPA repository interfaces.
2025-07-06T16:35:38.097+02:00  INFO 8340 --- [backend] [restartedMain] o.s.b.w.embedded.tomcat.TomcatWebServer  : Tomcat initialized with port 8080 (http)
2025-07-06T16:35:38.097+02:00  INFO 8340 --- [backend] [restartedMain] o.apache.catalina.core.StandardService   : Starting service [Tomcat]
2025-07-06T16:35:38.097+02:00  INFO 8340 --- [backend] [restartedMain] o.apache.catalina.core.StandardEngine    : Starting Servlet engine: [Apache Tomcat/10.1.36]
2025-07-06T16:35:38.112+02:00  INFO 8340 --- [backend] [restartedMain] o.a.c.c.C.[Tomcat].[localhost].[/]       : Initializing Spring embedded WebApplicationContext
2025-07-06T16:35:38.112+02:00  INFO 8340 --- [backend] [restartedMain] w.s.c.ServletWebServerApplicationContext : Root WebApplicationContext: initialization completed in 241 ms
2025-07-06T16:35:38.133+02:00  INFO 8340 --- [backend] [restartedMain] o.hibernate.jpa.internal.util.LogHelper  : HHH000204: Processing PersistenceUnitInfo [name: default]
2025-07-06T16:35:38.136+02:00  INFO 8340 --- [backend] [restartedMain] o.h.c.internal.RegionFactoryInitiator    : HHH000026: Second-level cache disabled
2025-07-06T16:35:38.144+02:00  INFO 8340 --- [backend] [restartedMain] o.s.o.j.p.SpringPersistenceUnitInfo      : No LoadTimeWeaver setup: ignoring JPA class transformer
2025-07-06T16:35:38.145+02:00  INFO 8340 --- [backend] [restartedMain] com.zaxxer.hikari.HikariDataSource       : HikariPool-3 - Starting...
2025-07-06T16:35:38.174+02:00  INFO 8340 --- [backend] [restartedMain] com.zaxxer.hikari.pool.HikariPool        : HikariPool-3 - Added connection org.postgresql.jdbc.PgConnection@23a15ccb
2025-07-06T16:35:38.174+02:00  INFO 8340 --- [backend] [restartedMain] com.zaxxer.hikari.HikariDataSource       : HikariPool-3 - Start completed.
2025-07-06T16:35:38.179+02:00  WARN 8340 --- [backend] [restartedMain] org.hibernate.orm.deprecation            : HHH90000025: PostgreSQLDialect does not need to be specified explicitly using 'hibernate.dialect' (remove the property setting and it will be selected by default)
2025-07-06T16:35:38.180+02:00  INFO 8340 --- [backend] [restartedMain] org.hibernate.orm.connections.pooling    : HHH10001005: Database info:
	Database JDBC URL [Connecting through datasource 'HikariDataSource (HikariPool-3)']
	Database driver: undefined/unknown
	Database version: 17.5
	Autocommit mode: undefined/unknown
	Isolation level: undefined/unknown
	Minimum pool size: undefined/unknown
	Maximum pool size: undefined/unknown
2025-07-06T16:35:38.222+02:00  INFO 8340 --- [backend] [restartedMain] o.h.e.t.j.p.i.JtaPlatformInitiator       : HHH000489: No JTA platform available (set 'hibernate.transaction.jta.platform' to enable JTA platform integration)
2025-07-06T16:35:38.232+02:00  INFO 8340 --- [backend] [restartedMain] j.LocalContainerEntityManagerFactoryBean : Initialized JPA EntityManagerFactory for persistence unit 'default'
2025-07-06T16:35:38.291+02:00  WARN 8340 --- [backend] [restartedMain] JpaBaseConfiguration$JpaWebConfiguration : spring.jpa.open-in-view is enabled by default. Therefore, database queries may be performed during view rendering. Explicitly configure spring.jpa.open-in-view to disable this warning
2025-07-06T16:35:38.295+02:00 TRACE 8340 --- [backend] [restartedMain] eGlobalAuthenticationAutowiredConfigurer : Eagerly initializing {securityConfig=com.luiswiederhold.backend.security.SecurityConfig$$SpringCGLIB$$0@6f801785}
2025-07-06T16:35:38.295+02:00  INFO 8340 --- [backend] [restartedMain] eAuthenticationProviderManagerConfigurer : Found 2 AuthenticationProvider beans, with names [rememberMeAuthenticationProvider, daoAuthenticationProvider]. Global Authentication Manager will not be configured with AuthenticationProviders. Consider publishing a single AuthenticationProvider bean, or wiring your Providers directly using the DSL.
2025-07-06T16:35:38.296+02:00  INFO 8340 --- [backend] [restartedMain] r$InitializeUserDetailsManagerConfigurer : Global AuthenticationManager configured with UserDetailsService bean with name customUserDetailsService
2025-07-06T16:35:38.343+02:00 DEBUG 8340 --- [backend] [restartedMain] o.s.s.web.DefaultSecurityFilterChain     : Will secure any request with filters: DisableEncodeUrlFilter, WebAsyncManagerIntegrationFilter, SecurityContextHolderFilter, HeaderWriterFilter, LogoutFilter, UsernamePasswordAuthenticationFilter, DefaultResourcesFilter, DefaultLoginPageGeneratingFilter, DefaultLogoutPageGeneratingFilter, BasicAuthenticationFilter, RequestCacheAwareFilter, SecurityContextHolderAwareRequestFilter, RememberMeAuthenticationFilter, AnonymousAuthenticationFilter, ExceptionTranslationFilter
2025-07-06T16:35:38.378+02:00  INFO 8340 --- [backend] [restartedMain] o.s.b.d.a.OptionalLiveReloadServer       : LiveReload server is running on port 35729
2025-07-06T16:35:38.385+02:00  INFO 8340 --- [backend] [restartedMain] o.s.b.w.embedded.tomcat.TomcatWebServer  : Tomcat started on port 8080 (http) with context path '/'
2025-07-06T16:35:38.388+02:00  INFO 8340 --- [backend] [restartedMain] c.l.backend.BackendApplication           : Started BackendApplication in 0.539 seconds (process running for 427.397)
2025-07-06T16:35:38.389+02:00  INFO 8340 --- [backend] [restartedMain] .ConditionEvaluationDeltaLoggingListener : Condition evaluation unchanged
